gvkey,fyear,Size,Leverage,MB,ATM_IV,IV_Skew,n_obs
001004,2017,7.346950438727359,0.11621958418049451,1.657009548221724,0.29626384,0.056061987,231
001004,2018,6.953465390369472,0.09339572897442658,1.1555038304448615,0.33996698,0.03802857,204
001045,2017,10.116204181541502,0.4379912833683555,6.301752735608763,0.31258574,0.03606448,231
001045,2018,9.601721377096021,0.48004291845493563,-87.51608999999999,0.37236354,0.017465184,230
001050,2017,5.178091913116211,0.25318949535855745,0.9505550225385782,0.4583418,0.06772723,98
001062,2017,5.362252521321727,0.0,0.8730667807798461,0.31298378,0.06437824,149
001072,2017,7.932930083489717,0.0,1.2425467016545548,0.2601814,0.03907164,190
001072,2018,7.98188457008911,0.0,1.2278615037455227,0.30923522,0.05431771,190
001075,2017,9.161048794920317,0.2814319244716019,1.901263181862668,0.1546648,0.025107192,229
001075,2018,9.164410604967435,0.26257806607963385,1.8286896110696802,0.16843861,0.037070595,222
001076,2017,7.933889039026941,0.10088386577245026,1.6147284091934972,0.38711914,0.044634197,231
001076,2018,7.9462945103607945,0.12062651325294727,1.6045177280957432,0.37102094,0.0571667,230
001078,2017,11.507986951964272,0.35685245901639345,3.220615792471761,0.1832898,0.024067769,231
001078,2018,11.751815761127528,0.2881961502389353,4.160133739680251,0.20044674,0.03208372,230
001094,2017,6.141934819680441,0.32672404243944964,1.1478404807105984,0.4026636,0.045701377,179
001094,2018,4.636052868794468,0.39492375727487017,1.082399643175736,0.5720258,0.07916211,93
001161,2017,9.204398755480314,0.3742937853107345,16.269656301145663,0.5397862,0.0057146326,231
001161,2018,9.828349049567882,0.24451273046532046,14.6542654028436,0.57864076,0.017394958,230
001177,2017,10.984469536705435,0.14795742597595693,3.783790243902439,0.19370858,0.02926962,231
001186,2017,9.280361181620297,0.17465493100908627,2.168046192119614,0.31751624,0.006093752,231
001186,2018,9.15611051748184,0.219195519380688,2.081784311777639,0.31439662,0.0075639756,230
001209,2017,10.40481669068162,0.18424016634898632,3.2736096964168864,0.1659265,0.0387678,232
001209,2018,10.509718291599928,0.17476522945203693,3.377402514390974,0.18869986,0.027529843,230
001230,2017,9.110101618782664,0.2106145251396648,2.431124458478904,0.28282616,0.019595057,231
001230,2018,8.922172168048307,0.14818548387096775,1.9984950413223141,0.29553133,0.022272585,230
001254,2017,7.145353851265932,0.36765294771968854,1.8699498672957828,0.36932495,0.051553495,220
001254,2018,7.220559627803148,0.3350477287689269,1.8102131603336422,0.3541258,0.043635346,224
001274,2017,9.12417458537421,0.05849663002553899,1.07756087663434,0.17814341,0.015288032,212
001274,2018,9.11450497466929,0.06585306169731373,1.1811358597945327,0.19428709,0.031304948,229
001300,2017,11.654060585843228,0.21171300116187045,6.665780504746469,0.162122,0.030481854,231
001300,2018,11.476207039282711,0.16886781022276842,5.302241584158415,0.18458803,0.03598226,226
001327,2017,9.834024391909145,0.0,4.58909658853334,0.3136041,0.027182596,232
001327,2018,9.686074674502333,0.0,3.9277407859409323,0.3336023,0.027389592,230
001380,2017,9.61284198526809,0.27678262374524054,1.3534491746606336,0.34104994,0.022797553,231
001380,2018,9.37611897047568,0.30816964494004573,1.2259158184461987,0.3662775,0.03171868,230
001410,2017,7.919051020464565,0.30459528930388713,1.998372399505706,0.22057742,0.060111325,173
001410,2018,7.615605340503085,0.24865609924190213,1.3953134882441909,0.3099363,0.054120976,192
001414,2017,8.410429258095037,0.08905348277701507,3.1665745073817853,0.24773957,0.039671503,231
001414,2018,8.33606230309516,0.1066566796728365,2.8543233895285227,0.25764325,0.048229888,230
001440,2017,10.496728245484075,0.30370266232652704,1.9793777776562584,0.14875929,0.033973277,231
001440,2018,10.515023459449228,0.3180350218305069,1.9373781316348193,0.15767562,0.024965758,230
001447,2017,11.354015192899523,0.24216296181807143,4.6802704778625115,0.20235221,0.025336158,231
001447,2018,11.298940346882596,0.24977465774488075,3.6220744728577836,0.2196765,0.024424031,230
001449,2017,10.44214641002375,0.03848648491076179,1.3933710017074559,0.1576259,0.039145116,231
001449,2018,10.446126624045409,0.04111647650385311,1.4666622692012614,0.17463204,0.038277324,230
001487,2017,10.888653036121367,0.06311446294508741,0.8219162065949579,0.18655843,0.032174524,231
001487,2018,10.438607485873057,0.06997178770041303,0.6059697430847572,0.24643654,0.033620346,230
001562,2017,5.967642030873965,0.0,3.4692638385561003,0.3049931,0.2460406,63
001562,2018,6.001930462846199,0.0,3.526908042266179,0.39608455,0.08222759,159
001585,2017,6.372283672788572,0.14467355748405503,1.9189443060381564,0.3936727,0.017988816,227
001585,2018,6.116822156446292,0.16285902487756637,1.37721805424779,0.39581165,0.07458688,229
001598,2017,9.726429868025573,0.2393728425010364,4.159919530900655,0.1800144,0.027634744,218
001598,2018,9.640525064668696,0.26249842997600636,3.6246339984563605,0.2125646,0.036406778,230
001602,2017,11.740782530203594,0.4276208820071541,4.975657858246504,0.21244928,0.026900118,231
001602,2018,11.716390514404381,0.44432064562755963,9.80513856,0.22588931,0.031048883,230
001613,2017,5.0322428275166775,0.07786788873389097,0.9643603601336345,0.4520597,0.10208967,121
001632,2017,10.42396049491508,0.35717227147969277,3.312142332756649,0.2360413,0.020830445,233
001632,2018,10.34129378927071,0.3063932377948925,2.819855376601441,0.25857124,0.034706213,232
001633,2017,6.774513672936855,0.0,1.9006840480006253,0.28790706,0.059145506,184
001659,2017,6.784040742956956,0.2047023752817531,1.083942446166717,0.30157608,0.09800104,102
001659,2018,6.747217515090886,0.21692573128043735,1.0257293676429144,0.32423976,0.07703838,198
001686,2017,7.102282147001346,0.21114719461616716,2.3755240879623742,0.30667806,0.04029955,228
001686,2018,6.871262804798098,0.2300424652301885,1.9426401876220238,0.35234016,0.058977503,225
001690,2017,13.579851637774308,0.25899834540750666,5.893829016091371,0.21943662,0.015177104,232
001690,2018,13.886332925233447,0.25629913186137127,10.017924343565383,0.24998033,0.021587214,230
001704,2017,10.999025119087161,0.27313455893712346,6.398096053053803,0.29945394,0.020973936,233
001704,2018,10.367063065641274,0.2987115287233444,4.649065652873227,0.36098984,0.0077798315,232
001722,2017,10.013442696703894,0.16572829867627556,1.2190553158958117,0.21061888,0.022891061,231
001722,2018,10.038989564713878,0.18852398795092204,1.2065871134292188,0.20167714,0.027923873,230
001743,2017,6.820859895265028,0.15156911662728345,1.4072547592952467,0.44645697,0.03939683,225
001743,2018,6.776062902901056,0.15436279544785675,1.2214471311806623,0.46772972,0.034974683,230
001773,2017,8.860957818095171,0.17816187990761478,1.4240488280512382,0.22198352,0.035718787,231
001773,2018,8.67827739869212,0.18213191359078115,1.1030855363108665,0.24628603,0.024241006,230
001794,2017,8.307503726618275,0.2998375493153864,1.1903053435114503,0.20592892,0.02093549,230
001794,2018,8.556283126787708,0.2756907416383907,1.5265179095713446,0.255453,0.011746053,230
001878,2017,10.136179215210229,0.3855503695060288,-98.5931484375,0.33503324,0.025898442,230
001878,2018,10.382688754135906,0.4414488708449632,-153.13266951161688,0.35168737,0.045139853,229
001891,2017,10.727546760677296,0.053856912318450786,11.46459642946945,0.18586656,0.038140945,188
001891,2018,10.982927759072666,0.053989490060314865,17.01371025552087,0.2015448,0.022160249,230
001906,2017,5.919862739590851,0.467410587005417,0.8620056948399193,0.34914815,0.13568863,225
001913,2017,9.221187164254045,0.25624403823317565,9.662644159816479,0.18487948,0.047265694,231
001913,2018,8.937317909772867,0.34217286335103814,7.968544571249082,0.2131634,0.035459246,230
001919,2017,8.473322654809953,0.1782768321420629,0.9234516567517063,0.22482975,0.028701305,187
001919,2018,8.510719129831502,0.1551779777624834,1.0603304937524027,0.23539443,0.055541333,230
001920,2017,6.85292415490128,0.5062873522810244,-1.3057172413793101,0.62431926,0.0172907,231
001920,2018,6.51092478506631,0.5254485049833887,-0.7434472084024323,0.6300391,0.029792398,230
001926,2017,6.966425191598724,0.2787458580891628,1.8761845743918557,0.32813227,0.04386546,226
001926,2018,7.091585946495482,0.2589957467135784,1.9906519160946656,0.33255252,0.053351086,222
001932,2017,11.939487513957873,0.31216409637403764,1.8623259499325882,0.20284957,0.025350792,231
001932,2018,11.196012505802729,0.29577291013774976,0.873286556897198,0.27267486,0.035947993,230
001968,2017,7.238416521576902,0.0,5.016681083574817,0.28961772,0.04535628,215
001968,2018,7.267487736957379,0.0,4.721356922336846,0.29696295,0.04228849,223
001979,2017,7.855859357081151,0.19090610977589045,4.183646440723575,0.23594058,0.030769996,187
001979,2018,7.834890041250933,0.15896388157190822,3.6541235190524244,0.26643658,0.040175002,186
001982,2018,5.511688725141539,0.0,0.6952579742868216,0.3200906,0.19682755,71
001988,2017,9.491224076553813,0.3796377191449706,3.360313587921847,0.20734243,0.020206407,231
001988,2018,9.643106904001074,0.39325842696629215,4.457826153846154,0.22176264,0.029791169,230
002002,2017,8.194900021827818,0.028937331980918364,0.7167810821479912,0.29416966,0.050424073,230
002002,2018,8.459417555133701,0.021937785520077198,0.876397164142601,0.27020845,0.054411616,230
002005,2017,8.198024772469187,0.03427434125661271,2.949801196232064,0.19306195,0.029448314,227
002005,2018,7.935150796559258,0.034160282790909505,2.2029490616621983,0.20345168,0.04469651,209
002019,2017,10.907495824208256,0.06530861474400013,1.4475055323662787,0.19714664,0.033519376,231
002019,2018,10.71901279144702,0.06851708448961483,1.2186556992667672,0.22662799,0.032358814,230
002049,2017,8.124809959217071,0.2221724839329827,2.6796554687258247,0.2392688,0.08222232,228
002049,2018,7.920275433481989,0.33334531874672924,2.287947593461983,0.28151965,0.059787497,191
002080,2017,6.021846311594059,0.0011200076255838338,2.1536571607646504,0.3780653,0.063958585,155
002086,2017,10.463134005144243,0.20507276021272866,3.8361544585708023,0.17586038,0.026521465,231
002086,2018,10.427197639366325,0.22204462630266608,4.332254834488068,0.19780657,0.033355672,230
002101,2017,7.74299691861431,0.20666621024146095,3.093394820034995,0.2393462,0.053015083,125
002101,2018,7.9065529229595795,0.41322354544981255,3.331458544743749,0.2405441,0.09591189,192
002111,2017,10.70695073527357,0.4946997402872741,3.4501185617179053,0.1597609,0.032362815,232
002111,2018,11.1563428596253,0.3505120213713268,3.334911585365854,0.2072552,0.019769838,230
002136,2017,12.282694113647539,0.441940865588408,5.010364411546315,0.17469639,0.024346624,231
002136,2018,12.355797382133265,0.3997787251396184,4.371114785210273,0.18087824,0.029104713,230
002137,2017,10.904159852247748,0.3356799292335477,3.5894826378991818,0.11685196,0.03481775,72
002137,2018,10.788079670002773,0.34605954465849387,2.9610566660553825,0.14588843,0.009324339,94
002154,2017,8.375475698197315,0.4168761317873456,3.6124975024975026,0.2310421,0.04069072,194
002154,2018,8.33732462358335,0.37765331839820776,3.435233160621761,0.24279313,0.03209102,142
002184,2017,9.936685515284493,0.06215035634914553,5.7240042303433,0.36134896,0.017771503,230
002184,2018,9.663976133031245,0.10324781024726766,4.761114857834241,0.347689,0.02556675,229
002259,2017,8.076623932593058,0.4669538611620955,1.8832056602382483,0.19332941,0.023781464,216
002259,2018,8.234047778080452,0.42376797757738505,1.7267472685034937,0.20178626,0.06897407,210
002269,2017,8.663174553045305,0.475846312690846,14.695736466596056,0.32272896,0.02570648,229
002269,2018,8.61165421078587,0.4523193568377655,10.147844151815145,0.30467513,0.029524582,228
002285,2017,12.068552230122819,0.10594262073148278,490.9952436338028,0.22386841,0.025640342,231
002285,2018,12.11759231288055,0.09080684054908443,540.0124557522124,0.27288195,0.02628434,230
002312,2017,8.83948767412386,0.0003518158947958022,6.244164014964737,0.2532703,0.03695973,224
002312,2018,8.82633263896064,0.00024013489590914177,6.4063905312086735,0.26211455,0.034195445,228
002337,2017,6.90445985503234,0.1900168796720521,0.6233333333333334,0.6631076,0.03464867,106
002337,2018,6.579312321254005,0.10724269377382466,0.46938983050847455,0.49924096,-0.00911896,204
002352,2017,7.441273233180545,0.0995369554846923,2.4351124060902105,0.28686404,0.14722845,117
002352,2018,7.594078730770552,0.04978376071853319,2.641094677388474,0.25537267,0.019427229,78
002393,2017,6.938282544150869,0.15285748449839728,1.8432600199523006,0.27980304,0.071517125,188
002393,2018,6.620720157212626,0.13847555967384273,1.315662331879444,0.30353844,0.035855893,215
002403,2017,11.5136276184028,0.20789246222169236,8.523144536240524,0.24703076,0.017898954,231
002403,2018,11.348420564737395,0.1613788372491854,6.045995296129998,0.26494646,0.006413698,230
002408,2018,10.207464268261385,0.40117949493422045,2.6420460083828834,0.14642909,0.09484274,61
002410,2017,11.840936165264939,0.20067989078350182,1.409773358789479,0.18013094,0.02050041,231
002410,2018,11.752276686871925,0.19996739623497395,1.277797551069672,0.2087777,0.027560364,230
002436,2017,7.151068825398828,0.13258359825837662,1.7776836718054214,0.3933394,0.029261483,193
002436,2018,7.130825291592442,0.1076555232115429,1.9712990554417371,0.3698813,0.037637733,208
002444,2017,8.483386767629549,0.128580787326544,3.2596892170746505,0.2827743,0.020217922,231
002444,2018,8.301487572474072,0.2752175840586135,2.546355775306458,0.30182248,0.030984327,230
002448,2017,6.8846418088896755,0.018742636685863952,1.974119410644045,0.28246608,0.049927093,202
002448,2018,6.81419989661979,0.021599543194713255,1.6441193632132531,0.29369107,0.056248378,222
002497,2017,8.307263661595433,0.3149347264135725,2.8328275669748164,0.35992572,0.031110972,231
002497,2018,8.033476225105941,0.29825158059105583,2.2177442661260036,0.38327143,0.029455442,230
002504,2017,6.019991263534085,0.2493313404657017,-0.30381265224773013,0.51409626,0.06969919,230
002504,2018,6.387372463740232,0.2615559895833333,-0.4423468552288798,0.4535331,0.058415998,230
002536,2018,8.229204367921165,0.0,2.816921940560491,0.4272717,0.04467226,186
002547,2018,11.189202811024645,0.25793925312936444,1.7633100828702348,0.29061756,0.015522056,67
002558,2017,9.574109857534452,0.047872434458253045,1.1750592330937601,0.1989866,0.059284907,185
002558,2018,9.391396674506773,0.04689249720044793,1.0684520415440848,0.2250028,0.03311028,208
002574,2017,10.798569019867635,0.3298917149332662,3.328847569534172,0.27840197,0.03066507,231
002574,2018,10.836311325370897,0.401290533366005,4.046288577569052,0.2594056,0.034115504,230
002577,2017,6.743061633561762,0.14137588568379236,2.4669609226160176,0.273359,0.0601088,119
002577,2018,6.742790289729689,0.0911841354193832,2.243604989296932,0.31674045,0.055740975,102
002593,2017,8.147035534244088,0.19945684972842487,2.333194054054054,0.22797808,0.026917335,205
002593,2018,8.239122974059319,0.2216399506781751,3.280951681109185,0.2705225,0.048275907,216
002596,2017,8.0258345503888,0.3010926388145275,1.7055067891921545,0.2698561,0.021691639,188
002596,2018,8.334197615522436,0.25170256551103243,1.9764353848958016,0.24120043,0.020059546,230
002628,2017,7.685861156224244,0.18821986042056288,3.139817610770309,0.2268077,0.030108677,163
002628,2018,7.736646733188374,0.2502117909408451,3.137377166828504,0.23920794,0.026548488,186
002663,2017,9.6741894759251,0.32345327465700235,9.71400733048259,0.19968082,0.019455178,210
002663,2018,9.418240327797632,0.5504852364237043,9.02558651026393,0.3002344,0.014418527,231
002696,2017,11.25117738062477,0.23248026787849796,4.621186959654179,0.1859984,0.01906839,231
002696,2018,11.202794395472672,0.2762410831270927,4.157081968142395,0.2031386,0.006888159,230
002721,2017,10.606160146952126,0.09488465464898055,1.5852763610327503,0.15719385,0.10328967,73
002721,2018,10.302299658423175,0.07387786558180172,1.1563412305363832,0.17093861,0.05012476,64
002751,2017,10.111424872921193,0.22606701236537693,3.6167332549941245,0.20555037,0.038223967,188
002751,2018,9.621686154971314,0.20054566844384372,2.4902574682290806,0.28443503,0.02741642,230
002771,2017,8.857673954577718,0.2992943129929431,2.77977929834276,0.20607185,0.026526723,212
002771,2018,8.670075322976263,0.30248418806675303,2.2429884345884346,0.22151388,0.05007242,225
002787,2017,7.467350946715149,0.1910982940134116,1.4600073335558152,0.38118988,0.020372463,188
002787,2018,7.816370001532131,0.18147655470568677,1.6696166902214147,0.32109955,0.037439816,230
002807,2017,8.178085436866672,0.372262874694482,2.802229178352362,0.25611895,0.021551581,229
002807,2018,8.487272550218874,0.3439146845560458,3.4445766126313115,0.2509294,0.018089376,228
002817,2017,11.452898406052515,0.30985421376783345,6.875513256917573,0.22638784,0.032742906,231
002817,2018,11.200052058723994,0.3184348291278707,5.209363131989458,0.2875204,0.024638364,230
002818,2017,5.685740288873147,0.0,0.9028134565945464,0.4702737,0.055848833,223
002818,2018,5.9008276056953015,0.0,1.1530877173048517,0.47252047,0.06528446,225
002820,2017,7.35982960329216,0.05004297697027179,3.4380838361342887,0.32320413,0.0097965775,153
002820,2018,6.974748229292575,0.02015675329832767,2.0190939749390093,0.44248104,0.051063035,182
002829,2018,4.278028523854303,0.0,2.5950458913724215,0.7946272,0.10569452,179
002940,2017,7.756496283250384,0.2505341139727191,1.830563324230275,0.2705016,0.053873174,227
002940,2018,7.216461401607028,0.24457680553839875,1.0594094544243653,0.37777713,0.07797579,224
002942,2017,8.037960480914299,0.16022930594005644,5.909720727117258,0.26554716,0.058053464,209
002942,2018,8.260121344965295,0.1943555516816297,6.350423425805636,0.2914391,0.048897874,231
002960,2017,8.268104650865302,0.0991276333494923,7.212965500394185,0.2482507,0.051912487,230
002960,2018,8.411055360393753,0.09143756874475284,7.603999499436868,0.2503533,0.04878977,229
002968,2017,12.8112122676219,0.1059843700663088,1.595216470332063,0.193502,0.031852078,231
002968,2018,12.67538940430939,0.09518930560237206,1.3876521582836834,0.21140184,0.03239437,230
002991,2017,12.381913428149659,0.1322703166985808,1.6097974898058383,0.17754512,0.028075384,231
002991,2018,12.240521153361396,0.11318309481885899,1.339400766204692,0.20950395,0.029604962,230
003007,2017,7.520560844700249,0.9335990662799746,-3.7384507404579077,0.26551867,0.02697263,175
003007,2018,7.571465821838147,1.1130256653851291,-2.703550700325347,0.34789443,0.02914378,228
003026,2017,9.427352935133337,0.3640021280840593,5.601261091073039,0.19418147,0.02553937,210
003026,2018,9.694938442372704,0.2615336452909774,6.616359670714809,0.21505323,0.019711543,217
003028,2017,8.184117579727829,0.47690090701025684,5.596720287365298,0.20265695,0.019344077,231
003028,2018,8.097164541882997,0.5102596800370971,6.94092537502641,0.2905251,0.033895273,230
003036,2017,6.779726774798747,0.7997132815390305,-3.2287277064220183,0.3601215,0.034558333,226
003036,2018,5.967252588984741,0.7154054648011133,-1.9101346379647748,0.5514262,0.08628214,214
003062,2017,9.87188921711003,0.3643620331309155,6.423917281004706,0.2103812,0.02790483,232
003062,2018,10.03939379821348,0.34121585732953846,7.630242609952774,0.23682696,0.037663728,231
003107,2017,7.670550347792042,0.7906480666350647,-4.826156223272564,0.5576099,0.032044582,149
003107,2018,7.718768282882582,0.5929567089755213,5.304540971239981,0.5003544,0.023710525,230
003121,2017,9.75207293893029,0.3043953640935928,31.715544944649444,0.16128673,0.0112640625,188
003121,2018,9.759022360325847,0.45138339920948617,23.842563016528924,0.201308,0.010889216,230
003144,2017,12.182818962184385,0.35476017111131336,11.445813027179007,0.13454081,0.025145147,231
003144,2018,12.216467432053731,0.3047971543933859,11.900936340615981,0.15124409,0.023085572,230
003153,2017,7.238701561317019,0.2237094949079313,1.708373365137912,0.47961286,0.008420942,231
003153,2018,6.812120316441609,0.2533658394160584,1.0660210061559252,0.49274364,0.014847395,230
003157,2017,8.664314469070213,0.25194670202754726,4.979499296806229,0.4335538,0.037602026,231
003157,2018,8.339033715534445,0.18615786322732744,3.1830805636365853,0.49282476,0.026957588,230
003158,2017,6.4382851873798765,0.010881017559465059,2.1631027946217625,0.41494933,0.051465724,231
003158,2018,6.484728986965648,0.30515025546692154,1.1992124567271343,0.43161213,0.052769337,210
003170,2017,11.097352298888127,0.5179867466077627,-1099.9365074999998,0.19000643,0.0070880814,231
003170,2018,10.846626265402495,0.522489926815229,-503.53511529411765,0.20397788,0.009405011,230
003226,2017,12.133569398807893,0.31785139262579637,2.7113159986007056,0.22908875,0.02440002,231
003226,2018,11.945415462819158,0.42650704852116145,2.151969699635541,0.25396657,0.025522752,230
003231,2017,9.616192270604582,0.06458283845906633,1.8844409117166898,0.25915545,0.029866014,231
003231,2018,9.305302305695333,0.08631986218193115,1.4647888583988276,0.2531214,0.030754302,230
003238,2017,8.69348583746238,5.8711216318818815e-05,2.3189948735815253,0.19832347,0.035791047,162
003238,2018,8.744444848098619,0.00033317831613941055,2.252179055981775,0.2200379,0.112202056,147
003243,2017,12.161216110111228,0.0994488362058438,1.053667362896516,0.21708812,0.029429996,231
003243,2018,11.722395088964259,0.1008713439099022,0.6936453196444644,0.24388525,0.02567379,230
003246,2017,7.690445431838446,0.2707712702398651,1.5615475489324702,0.35708138,0.047078203,231
003246,2018,7.835003992274905,0.3421018632913339,1.6924807000415831,0.33629826,0.047953263,232
003278,2017,8.173435600934079,0.7228656986270411,6.187616055846422,0.5007305,0.05979122,231
003278,2018,7.438082308210977,0.7185753825265027,4.105043478260869,0.47562066,0.044691358,230
003310,2017,9.544576703681082,0.19249617151607964,2.369589872773537,0.20093083,0.03244309,231
003336,2017,10.26426379942234,0.18590253825064124,2.12714831170757,0.24500874,0.029183805,229
003336,2018,9.756286685466971,0.18495976195306688,1.5139810340291175,0.30429333,0.038446873,229
003358,2017,6.051025073563943,0.21392490712842657,0.8841986879100282,0.42196852,0.039932877,195
003358,2018,6.68534545842167,0.17612348948183593,1.5831768456190032,0.40596858,0.036600996,231
003362,2017,9.58080834502803,0.3110351797487848,3.939971367172624,0.2055624,0.020325508,232
003362,2018,9.47366536325938,0.4796883018664074,1.762112429921729,0.29220212,0.02263158,231
003382,2017,7.3089829953465575,0.0,4.7480247309948025,0.37644807,0.02618691,231
003382,2018,7.140857557153872,0.0,4.404101623137648,0.39981058,0.027747976,230
003394,2017,6.5405272032565405,0.28190008044210896,2.358926710485986,0.27407292,0.07251818,105
003413,2017,10.178635145597132,0.30618777410571385,1.708036061746011,0.14948103,0.02518938,231
003413,2018,10.108208851398283,0.3244621661721068,1.4673956714097809,0.16098887,0.02420926,230
003439,2017,9.49716480926404,0.39973969631236445,2.9997530060797115,0.14646156,0.047512904,96
003439,2018,9.551765970419838,0.4355660646581597,2.9588894006309148,0.16000915,0.044850703,185
003469,2017,9.8972382361719,0.4472930355823534,3.8734393084818506,0.3777448,0.023619635,231
003469,2018,9.623265860777622,0.37691260140984933,2.459234678891409,0.39779025,0.03113237,230
003502,2017,7.495986122999883,0.11350348099020797,1.5977340883119096,0.29707423,0.034671213,231
003502,2018,7.389497503044887,0.046041974713433464,1.3812568480849252,0.35608527,0.048352815,230
003505,2017,9.780069306363908,0.3527733420615005,1.336590378115998,0.20871462,0.019235998,231
003505,2018,9.403946023230397,0.2981056001700443,0.8984834979344656,0.24774107,0.033199202,230
003532,2017,10.220027453449388,0.17272859532989018,2.048620689655172,0.22517946,0.026095435,231
003532,2018,10.07767108525646,0.21792401381566986,2.071482770623042,0.2566517,0.025171712,230
003570,2017,8.22670858219099,0.26282210491595603,6.867689855226839,0.20565826,0.032461762,210
003570,2018,8.165545003571454,0.26189065410464496,6.046326607434757,0.22394268,0.04442599,231
003592,2017,8.165575864713709,0.7744558225698553,1.0731380414887126,0.4037978,0.0561465,231
003592,2018,8.101483571027792,0.7555002488800399,0.8684809897341406,0.36216584,0.03569327,230
003619,2017,8.92970342425104,0.4892619337897402,12.567429284525792,0.18781704,0.024724476,210
003619,2018,8.633941590687607,0.5580526798584721,5.9969937886873,0.27195746,0.034769252,230
003639,2017,7.232355174585721,0.14948981691779822,2.0061119642243463,0.32680294,0.065526545,200
003639,2018,7.596381128712952,0.16005189737317446,2.843762363934234,0.32422927,0.03399951,229
003643,2017,8.700847759355927,0.0073937535356691534,1.9052601068632136,0.23366594,0.030494463,231
003643,2018,8.619567243226959,0.007275578217250159,1.7178190012439405,0.23613583,0.027696164,229
003647,2018,5.538370422936925,0.0030720078643401327,1.5898114835587402,0.37754095,0.03661452,99
003650,2017,10.281270624175608,0.08785615491009682,4.019965284474446,0.22185175,0.024216412,231
003650,2018,9.955209794912335,0.08377924666876509,2.8663124659771366,0.2524,0.018707274,230
003662,2017,8.58979463217835,0.2515167685776534,3.519118601911245,0.21279363,0.037847422,230
003662,2018,8.382032275267694,0.2341698447341866,2.8533648118182815,0.24556573,0.022929842,229
003707,2017,8.21087208642924,0.18279899258049143,2.9654777634547207,0.2189538,0.029787628,179
003708,2017,8.281270088375228,0.664942940312985,6.889718023108742,0.290391,0.02587856,231
003708,2018,8.19133759470411,0.6413701193023822,5.566431793402411,0.2794266,0.014858499,230
003734,2017,8.442671745486322,0.3116583982990787,4.5813799012833165,0.30514246,0.045159888,231
003734,2018,7.586680145197411,0.29655288948969244,1.4659901040892194,0.38141313,0.037267145,230
003735,2017,11.07687349174493,0.22138713702018925,2.453066294360009,0.16096668,0.030537331,231
003735,2018,11.189114258173447,0.20255056708305022,2.5638921968923665,0.19042067,0.031274162,230
003813,2017,10.615096266429571,0.2901869278699454,3.4798291946366042,0.2735977,0.026194274,230
003813,2018,10.539975118364575,0.29612496972632596,3.3457224041781,0.2656567,0.026364258,229
003835,2017,10.663504100075725,0.39356674565981065,4.474719018969793,0.21868783,0.023462726,233
003835,2018,10.672009915570966,0.3885063045586809,3.8210763124789597,0.30494046,0.022072332,232
003851,2017,10.586662374000285,0.1236958642948285,2.847094751976995,0.2788972,0.03050395,231
003851,2018,10.432031444595259,0.23319948229515813,2.4789366259954697,0.2774623,0.029395487,230
003863,2017,8.211946702444738,0.3011824828291215,3.6302082042298967,0.20394506,0.024735488,231
003863,2018,7.447885699917581,0.39524297469606473,1.8748157170588575,0.26127154,0.03994169,226
003897,2017,9.885104668946726,0.36085527289957653,2.0643083494533223,0.13944611,0.032718387,231
003897,2018,9.906798440492606,0.3343805114638448,1.9601765654000194,0.15252538,0.035970442,228
003905,2017,7.769369927600504,0.054018197650424475,1.418169048176825,0.36599287,0.08081292,90
003905,2018,7.965841813968564,0.1237005647428678,1.8961889334858613,0.3381816,0.05425136,230
003937,2018,5.381294717785953,0.4831915666052628,1.1828612487072014,1.0601071,0.0666406,198
003946,2017,7.119141705373378,0.3403870328749381,2.6284886170212767,0.43695784,0.04057226,208
003946,2018,5.245302907595663,0.5078967508522925,-1.0175604077253217,0.7372143,0.083165474,213
003964,2017,7.548999168618153,0.15471899060457062,1.1116329372919904,0.48729602,0.049246144,230
003964,2018,7.472945739515991,0.16530865669066777,1.0485002630511189,0.4800207,0.052835397,229
003969,2017,7.250321126075836,0.1665154133916582,1.693987160614982,0.3296785,0.03316409,177
003969,2018,7.390261338613756,0.12263335715890827,1.7393385029786477,0.36104533,0.04202711,228
003980,2017,11.91525693502588,0.2009416530081742,3.6192833111460727,0.17669354,0.01957934,232
003980,2018,12.06684919814056,0.17470942615468874,3.5676853997088553,0.21363063,0.015718335,230
004016,2017,10.229611680258119,0.2080875225524892,4.523795190615911,0.26320973,0.028890844,230
004016,2018,10.307463376544385,0.2168079189108665,4.667838595828555,0.25377372,0.028743198,229
004029,2017,10.864439937995934,0.4041000195860808,3.0500350017500875,0.14819643,0.029279877,231
004029,2018,10.792700158744776,0.3997227712606206,2.420264584473069,0.16676345,0.018891023,230
004036,2017,8.732704320155113,0.2714047582967116,7.296175673450182,0.21874449,0.023350028,67
004036,2018,8.722974796627286,0.2527572599413134,7.200966471277842,0.20561028,0.03460347,202
004040,2017,6.479937194199755,0.537559226533487,-2.9960018382352938,0.49899828,0.04093156,231
004040,2018,5.630437288430386,0.5150791034937376,-1.071833910034602,0.56808513,0.07743419,230
004045,2017,6.195743271253979,0.0,5.406916007317127,0.25647727,0.072831556,169
004045,2018,6.158205351934914,0.0,5.454074578462035,0.30153623,0.043995526,137
004058,2017,9.657304030968723,0.28134946784249776,3.5671760616721193,0.22296941,0.031109994,231
004058,2018,9.238136568342203,0.35301480281972814,3.7136516827959745,0.23038134,0.03491359,228
004066,2017,9.726641955271145,0.20022301373379542,6.408237925891936,0.22073223,0.029776799,231
004066,2018,9.70494124341102,0.18170370069464195,6.438080954811355,0.22782886,0.02350271,230
004091,2017,5.775866984323152,0.38121545011671754,1.3686210380205703,0.43073657,0.03643746,207
004091,2018,6.0275596112751595,0.35017118135966907,1.6147250462377103,0.39525902,0.070422366,87
004093,2017,10.98320580101775,0.3555476601360268,1.410599199789166,0.1380579,0.035607122,231
004093,2018,11.046756075622902,0.35162182238362494,1.4318666271082,0.15594794,0.023452127,230
004094,2017,8.382364729389346,0.66330767060341,-5.281432370361417,0.2506592,0.026529534,231
004094,2018,8.57623079646984,0.6148607831292218,-7.5149839331255315,0.23527427,0.005506195,90
004108,2017,8.610768387005505,0.30539984531024905,3.318330108963748,0.2726519,0.05515975,230
004108,2018,8.509914590551848,0.30648702406722994,3.0224038141282277,0.30503562,0.04620045,221
004115,2017,7.943243938414211,0.38870230036534376,4.193796150289689,0.38783735,0.020801043,210
004115,2018,7.509067558953378,0.41362229279290663,2.2688188289014235,0.4253001,0.018524459,229
004145,2017,8.995858737708005,0.29365736933803915,3.2237276305255533,0.20437805,0.03387404,231
004145,2018,9.06962832864802,0.31405189370903497,3.3607526436630426,0.24396443,0.032293353,230
004193,2017,8.030055461045135,0.5360212694825623,4.0987682528500065,0.16320118,0.030649139,134
004194,2017,4.883256364766425,0.23374340949033393,2.316842105263158,0.6044893,0.23281634,138
004194,2018,4.6926314617580855,0.003309066843150232,-36.38,0.88409257,0.038343944,213
004199,2017,10.456121855089316,0.21969162860558503,2.0145191560887965,0.19764437,0.047160026,231
004199,2018,10.277956401756798,0.21767657275183327,1.805697895325014,0.20764382,0.041924343,230
004201,2017,8.696469260416473,0.2654951883413324,5.914354881767378,0.2063505,0.056343954,192
004201,2018,8.569528027710655,0.41471241298375705,4.757535729088313,0.2339926,0.05212949,189
004213,2017,10.566725893203499,0.3385514767763395,5.095669769639692,0.14490846,0.026104268,231
004213,2018,10.654777640357745,0.31391068270691674,5.297213352159137,0.16520135,0.02751674,230
004241,2017,7.7137680242324285,0.3432443749402688,1.9602796881361273,0.17949808,0.07799484,71
004241,2018,7.617401990558339,0.3544107182523256,1.7466433812128306,0.2172468,0.124653324,82
004274,2017,6.499336879198011,0.03422630218666552,2.4955162225275753,0.6163152,0.031235194,216
004321,2017,10.60470025118134,0.1936801266016642,4.62536422115164,0.18740478,0.026795061,232
004321,2018,10.78278511723327,0.15384992643452672,5.3855075444283,0.22493568,0.033004787,230
004341,2017,4.8654522842512575,0.06419710260408439,0.7491632306572883,0.655006,0.20390329,174
004341,2018,3.5916359065580576,0.018164033979042565,0.20544906993331596,0.46390003,0.7803153,82
004351,2017,8.629103362178462,0.15551794385858267,1.626328888219338,0.34716332,0.02920141,231
004383,2017,9.093339390435744,0.28531723424768707,2.2817659168546367,0.14210121,0.04196595,200
004383,2018,9.254332504933508,0.2100027984484654,2.190743959424321,0.16816066,0.03858698,219
004390,2017,6.1997949230829885,0.09106389953830603,1.8824626295356586,0.27403733,0.084435515,104
004390,2018,6.310403978436888,0.08262528058168196,1.903202398945792,0.29528266,0.042334165,209
004418,2017,6.223746416513898,0.005322063809037291,5.6777173913043475,0.5657541,0.048093233,145
004418,2018,5.340152160014247,0.003472358843202833,2.570782411459425,0.59007484,0.07314607,87
004423,2017,9.558331157526965,0.24041253076008515,4.461376008064516,0.23612924,0.032926705,231
004423,2018,9.326475650826652,0.36775149583403227,3.613964219061715,0.2413189,0.047842994,230
004430,2017,9.618807263554265,0.24806602425720983,1.1295439854206029,0.3075431,0.016880233,231
004430,2018,8.477823491805026,0.23130695576503146,0.43866359062217086,0.3888111,0.022498053,228
004439,2017,9.995900743754634,0.1170628064726458,1.8011879698112165,0.32055438,0.03319083,209
004439,2018,10.283471853051504,0.11486043081159672,2.988144140714364,0.36166695,0.04290318,230
004448,2018,5.10792260898933,0.0,1.288382649761146,0.4458095,0.22071241,77
004460,2017,7.902038797337873,0.24340411402131978,1.4811781033618212,0.32074896,0.05762533,230
004460,2018,7.893105677445734,0.21565357235643912,1.4623252920692438,0.27781662,0.06839101,228
004462,2017,8.45132134446139,0.35212953974934497,7.780706358690865,0.17739074,0.019370291,216
004462,2018,8.435725957586937,0.4542572383716477,9.407529510703052,0.20892535,0.034792412,227
004494,2017,9.342213370475024,0.0,5.728136272766433,0.18781371,0.035463206,222
004494,2018,9.365891645941966,0.0,5.880206831155837,0.23735806,0.038455423,230
004497,2017,5.914284051893569,0.10390390737391887,3.5005587067498585,0.46389124,0.052941073,221
004497,2018,6.260534585226418,0.15901471603623688,3.898386428965045,0.4574793,0.04283765,230
004498,2017,6.20891293170348,0.0,2.2256666338371174,0.43503115,0.024463449,196
004498,2018,6.536287515961319,0.0,2.8540386071628085,0.4376456,0.041780718,224
004503,2017,12.77860454591307,0.06999320315121411,1.8890390435190316,0.15149358,0.023730684,231
004503,2018,12.573908677159121,0.05932477556066506,1.5064132871726958,0.18917738,0.025506318,230
004510,2017,9.450598427878772,0.3251034617598818,4.741506622417779,0.25354388,0.020446464,231
004510,2018,9.188460413961822,0.21846144591600414,3.134656601839095,0.26528454,0.030067926,228
004517,2017,11.205931308886049,0.3216187760025351,2.607965470788429,0.14863028,0.029422343,231
004517,2018,11.32763101350077,0.2582592428304179,2.43339854732896,0.15596627,0.027206326,230
004598,2017,11.101427257461825,0.29128606917638067,3.4129414338689745,0.22273518,0.021841992,232
004598,2018,10.60185939972456,0.30544271455618255,2.2644328186067466,0.27816722,0.02866393,231
004608,2017,7.0945667410489435,0.27955255467096646,2.635330126803673,0.28809774,0.114916556,107
004608,2018,7.088392084045222,0.20502051181871458,2.259913223920015,0.3646938,0.0074503147,152
004611,2017,8.975712597434663,0.3024095763892472,1.3940863299841353,0.43212634,0.012306711,230
004611,2018,8.998109064965647,0.2452849848911118,1.2566463642013672,0.42930704,0.037420735,229
004622,2017,7.592234753274208,0.4318690620983687,5.750171106741605,0.2780904,0.021416098,208
004622,2018,7.171262766643974,0.44753373867561214,3.455602539355497,0.32716227,0.059994042,206
004640,2017,9.954657915117874,0.08785242592813992,1.4001625448982307,0.23698603,0.03077354,231
004640,2018,9.630052009968287,0.07747023666897151,1.0198557162008177,0.2469387,0.037500393,230
004674,2017,9.883116210592426,0.054564178480055354,1.274830538641686,0.26707068,0.02613257,231
004674,2018,9.526039175764833,0.06341098593342244,0.9609090315346881,0.2758219,0.03208975,230
004685,2017,7.677116721908343,0.004551544711016192,1.3732812793273022,0.24370362,0.030661944,76
004685,2018,7.534581347866981,0.004721724221500686,1.1760703080769588,0.2682001,0.08811546,107
004699,2017,10.152800212615272,0.0627367841878197,1.7086569078131972,0.2057953,0.027705941,231
004699,2018,9.894695833383132,0.057618706376190335,1.393307107449308,0.21328369,0.026327072,230
004723,2017,11.393122408094065,0.06425201281274348,2.0336423438252216,0.17673779,0.028783288,231
004723,2018,11.20505305927403,0.07116356493942752,1.6317218226218224,0.18736888,0.029188389,230
004737,2017,8.784384653886015,0.029227353397554057,1.5590302172155517,0.24683718,0.030617068,231
004737,2018,8.341033574019283,0.018881223761860046,0.9540533938659522,0.25554073,0.037571236,230
004809,2017,8.310232257374885,0.3083556790103033,3.250445206875956,0.25267753,0.034042507,231
004809,2018,8.267512915181259,0.3481381545908558,3.0957254064518898,0.2601495,0.056520317,218
004818,2017,8.885546732291617,0.17063149169162103,2.162206587659433,0.25922596,0.026992343,231
004818,2018,8.411134387567506,0.1864070749122945,1.517578170216399,0.31862,0.038965695,230
004839,2017,10.812293674064259,0.3982265872277043,1.4223894089997133,0.22305475,0.031757157,231
004839,2018,10.323378860823226,0.39260933967412487,0.8470422687298229,0.2802136,0.020490518,230
004842,2017,8.763235169170052,0.3601596966596873,1.8652149348653058,0.4038865,0.049637374,104
004860,2017,5.637493622582783,0.3260825709357569,1.9167126345756045,0.49525866,0.04173886,225
004860,2018,5.104850328993701,0.1940070293725489,1.3496622147249815,0.47544268,0.06989572,193
004881,2017,7.668709227886729,0.10595662220452473,3.0547286332684886,0.29662558,0.078815475,108
004881,2018,7.59410887531728,0.07982222071864441,2.706819281836615,0.28004473,0.020126864,130
004885,2017,10.114438723942518,0.062267594388046084,1.9569763193343896,0.21810932,0.016954845,221
004885,2018,9.66691235099612,0.048381826398303615,1.5947279002343624,0.26163343,0.0024688458,230
004926,2017,7.95525170664327,0.5501311044281054,2.7313453274014567,0.24197905,0.025011173,213
004926,2018,7.802765138854587,0.5129085034240891,2.124874145552008,0.26799667,0.032573823,223
004941,2017,7.764557271680842,0.5453222677301143,1.314004217102694,0.2652462,0.025881417,231
004941,2018,7.860376289186215,0.5487547100450326,1.4498605894524914,0.27600408,0.03101106,230
004973,2017,9.34628180112824,0.20871648549320018,2.790643067329241,0.15263774,0.055821907,148
004973,2018,9.514770064349351,0.1892616627892739,3.0137400920224944,0.17347874,0.03583264,216
004988,2017,8.015072397115873,0.6060010701082099,3.041310337965973,0.34056318,0.019064227,229
004988,2018,7.760168745174467,0.5579977569917766,1.7490180875277048,0.35083866,0.02902479,230
004990,2017,9.467333313605693,0.15633996745525097,4.112709923664123,0.3684512,0.020099537,230
004990,2018,9.17121693409151,0.15517455584544665,2.7065353222628765,0.3885783,0.014784834,229
005018,2017,7.739063120550267,0.2618320272723248,22.425,0.36803707,0.034122773,222
005018,2018,7.903102632506773,0.141480261836874,6.42217896985521,0.3706679,0.031239321,229
005046,2017,11.008802183576977,0.11356502881926611,5.2823341670310455,0.17914765,0.02014998,231
005046,2018,10.722963650241804,0.2576418252290345,3.868582729287419,0.21206993,0.026848918,230
005071,2017,10.129913670329078,0.41368534482758623,4.084316979042843,0.21316099,0.017287688,232
005071,2018,10.30085113170316,0.3860623289672946,4.218291303423347,0.23068354,0.028239397,231
005072,2017,9.45285466439598,0.19889558953741596,0.9444563983992886,0.27424353,0.054553993,231
005072,2018,9.124241378637974,0.1968871073243547,0.6915159782936386,0.2798286,0.03367919,230
005073,2017,10.957555650119597,0.31651622255061607,1.639553155624125,0.24001156,0.022583572,231
005073,2018,10.754279302177588,0.3213702884238956,1.2050952135872361,0.2775237,0.019935332,230
005109,2017,6.541973853763301,0.06585228451982092,0.83762344195662,0.59156233,0.032515272,230
005109,2018,6.760499901821372,0.04805004906522076,1.17187248724017,0.4815416,0.037104957,229
005116,2017,8.677931317724825,0.0,2.865008724002424,0.2528182,0.033051334,209
005116,2018,8.564275057274639,0.0,2.815111298389904,0.26716024,0.040590946,229
005125,2017,9.542051401302977,0.20544164733583348,4.083493798048856,0.19647965,0.025789749,231
005125,2018,9.547731524835944,0.19176262157968438,4.061170768690817,0.19622226,0.034179535,230
005149,2018,7.091339488294788,0.3809916535467035,2.067430432717787,0.20577823,0.03716765,62
005234,2017,8.956661328051133,0.2974683544303797,1.6857284488377144,0.27168167,0.02400973,231
005234,2018,8.463499145951653,0.302868658131816,0.9742208285361841,0.30811867,0.014989092,230
005237,2017,6.7029420338860675,0.0,2.5032626307623773,0.31722233,0.041463427,135
005237,2018,6.74105346044779,0.0,2.887613668927309,0.370849,-0.007105982,118
005250,2017,8.466617828727724,0.5241830065359477,18.539046021840875,0.2398712,0.008871734,231
005250,2018,8.374599979677916,0.5500238409110033,13.102247295255365,0.24451463,0.017454728,230
005252,2017,8.943323976508259,0.16388789193774675,10.589125954446569,0.22461502,0.035096284,231
005252,2018,8.841073097818382,0.18088109178735431,9.19358236031883,0.24235955,0.03604829,203
005254,2017,5.343846218415097,0.0003837218226088898,2.0253339654955536,0.3327158,0.063360244,133
005256,2017,9.496100066593161,0.3873083431565883,7.873779237361342,0.29874665,0.024075018,231
005256,2018,9.666067216198563,0.3558658266643963,8.210928849557522,0.32427177,0.019932717,230
005338,2017,7.884848231959864,0.29013396033783995,2.628075764170541,0.28170604,0.035293017,229
005338,2018,7.726648241552513,0.2767309377738826,2.0472898537642177,0.30899024,0.048003346,218
005342,2017,6.724181706743841,0.1881822943949712,-3.3929500203832044,0.48981723,0.007307353,164
005342,2018,4.838644193918318,0.20739740695048997,-0.469858630952381,0.7422406,0.1206114,107
005439,2017,10.661099267121665,0.41578632648993424,5.126593366979092,0.26761454,0.016934726,231
005439,2018,10.049801030137601,0.4010853667923947,2.4313358538122243,0.29499912,0.016774602,230
005496,2017,7.313531738615384,0.3590291920174069,8.802923420807154,0.41322252,0.051011242,231
005496,2018,7.3650305578742294,0.35867097565202805,5.888861676787332,0.40694618,0.062248316,223
005518,2017,9.33355401294428,0.32015395890686227,6.181161907083062,0.25367373,0.027480217,231
005518,2018,9.234836013949604,0.322077876673859,5.841016257752984,0.26872638,0.030454423,230
005520,2017,5.742809034347534,0.28040357169463925,3.5712666720093424,0.39569467,0.13017312,129
005520,2018,6.049461366332338,0.4294271663961921,4.16336469802481,0.45857325,0.029293811,179
005526,2018,8.290831713124179,0.15183709220911915,1.8439559076530327,0.20347562,0.029838096,110
005539,2017,8.26140916879221,0.0,9.68002640316838,0.2472835,0.0627878,170
005539,2018,7.995770907504627,0.0,6.734375107763511,0.31128022,0.06586488,209
005543,2017,10.073456024858325,0.389535308359139,1.7297311509879425,0.17971629,0.0284278,231
005543,2018,10.18982678941265,0.40169455138067045,1.9139856003764888,0.18830036,0.027677082,230
005559,2017,6.087661333760273,0.18597101649478306,3.1159763112648857,0.50057966,0.06822247,203
005559,2018,5.668643364417273,0.16394825238875774,1.76179786011034,0.43711287,0.06218082,206
005560,2017,7.368168517088633,0.21498149860652857,1.067989484062667,0.4543521,0.005941858,231
005560,2018,7.037858060631731,0.19995606417884393,0.6735639449200556,0.49526456,0.011333793,230
005567,2017,8.943875319559474,0.2680782079189438,6.598018878974748,0.23949994,0.050491918,218
005567,2018,9.318621135257317,0.20035117261049615,7.9696747794208616,0.25954047,0.051133685,224
005568,2017,11.459413289633455,0.23565273803978973,1.4354641548293303,0.18505408,0.014746907,231
005568,2018,10.86873605358083,0.2974067523028001,1.0164895367520375,0.24191436,0.012035104,230
005572,2017,7.7803736244929045,0.17762378802457257,2.3590591635541704,0.27034664,0.053258754,229
005572,2018,7.93619402086902,0.19332721039565695,2.806133085566761,0.2865336,0.055194877,228
005581,2017,8.641065108155185,0.07653772025662162,1.3589220261965698,0.3193285,0.033206437,232
005581,2018,8.922060438174249,0.07948166871471264,1.7102374156776534,0.3267467,0.033006378,230
005597,2017,10.083090087387971,0.3711063527440857,26.148627184712097,0.17163146,0.013362313,231
005597,2018,10.020325885212248,0.422468070964375,16.070934961296786,0.20055977,0.015457595,230
005600,2017,7.526394407367021,0.6552497756506133,1.2213157894736846,0.6650334,0.060475603,231
005600,2018,7.044556320474283,0.688008605369002,1.080678605089538,0.6246255,0.053621687,230
005606,2017,10.478651805587646,0.20499498678333788,-10.430882922535211,0.24741589,0.039802756,233
005606,2018,10.536484377859962,0.13066836115764544,-58.943533333333335,0.26990747,0.02985038,232
005608,2017,8.620067418819382,0.28969038800388364,3.7066149421443386,0.2318746,0.025136221,231
005608,2018,8.48929400325308,0.33546970716334407,3.678087745839637,0.22312012,0.028327726,230
005639,2017,8.490897674861422,0.46821383620023405,3.5858017964953612,0.21165103,0.07376964,214
005639,2018,8.75604730698445,0.4106422018348624,3.9283296621705235,0.22619827,0.06770903,229
005643,2017,10.140504070109627,0.45820519988817443,12.2341897007722,0.21780802,0.034768566,231
005643,2018,9.960235908980701,0.5191854233654877,38.41703956442831,0.23371695,0.024874467,230
005671,2017,7.542318001737542,0.9875850204089486,-5.714606078784243,0.3265028,0.12279166,178
005680,2017,12.357256929953829,0.5449706932560803,160.00151306740028,0.19098765,0.022580618,230
005680,2018,12.219978755822234,0.6092084630593368,-107.9875665601704,0.20776467,0.024062151,229
005690,2017,7.421873743392867,0.17246954834537026,3.252806593680214,0.32800913,0.047810007,159
005690,2018,7.34220313995211,0.17787642562225184,2.742973426677775,0.294638,0.07631196,142
005691,2017,11.03100462606316,0.20061585049191027,0.8267268590057891,0.18488833,0.035316873,120
005691,2018,10.774933048538982,0.20286563016470996,0.6407326772004697,0.20006354,0.039590158,105
005709,2017,9.709034212755515,0.03583762859257891,3.3358999349055805,0.20752022,0.020128934,233
005709,2018,10.056622776963021,0.07674006287173193,4.161835027105896,0.22989033,0.03000794,232
005742,2017,9.41119219467017,0.36044159042927515,2.6076015784982935,0.16307583,0.028880242,231
005742,2018,9.557386474856365,0.3214484060868599,2.2394459544159546,0.16565666,0.030130805,230
005783,2017,9.442990586628772,0.24312746887197395,6.860886433881994,0.22849482,0.02545761,231
005783,2018,9.22172249316977,0.17644546057493773,4.813242815211308,0.25526744,0.022052366,230
005786,2017,9.655584570649275,0.06291692662091472,1.6020438386533922,0.23524964,0.025488878,231
005786,2018,9.431679307149741,0.07401108649488422,1.2604770825335891,0.23312615,0.044945218,230
005860,2017,8.4568557533586,0.002243121993405762,2.9492099492513004,0.2621493,0.040342975,229
005860,2018,8.349591247614747,0.0022876156805656652,2.3202655838454787,0.27750647,0.048447542,223
005862,2018,8.184667272629737,0.3497604530713146,2.3030461765346306,0.19118525,0.03142928,143
005870,2017,8.434640178227328,0.288834743081729,2.0448804269371963,0.15836798,0.040411964,146
005870,2018,8.453096722958982,0.2874602405168678,1.9784220877841336,0.17459603,0.043552745,171
005878,2017,10.950442884208227,0.44564958283671036,12.427322791712106,0.1789485,0.024666931,231
005878,2018,10.635061597581018,0.4054472091459314,12.77412077443147,0.22181346,0.03175394,230
005902,2017,6.881449598597158,0.6033228149815775,-16.592915062519165,0.6719165,0.115256585,188
005902,2018,8.39406491990632,0.32937352165776085,11.037887527558821,0.70667446,0.0989384,230
005903,2017,10.392362728085063,0.12030960794211677,1.3345456787395131,0.19434457,0.031119823,75
005903,2018,10.206141609006158,0.1200791200308761,1.1053502940095554,0.26416203,0.04426859,90
005918,2017,8.593535522672358,0.2786690814674723,2.9182177039961066,0.2058878,0.1003426,149
005968,2017,5.958356473648629,0.5983994392195806,-38.697359999999996,0.6800298,0.07660556,229
005968,2018,5.469725251958632,0.539711450893927,3.2431005464480873,0.59510916,0.056494463,207
005978,2017,6.7160305586916484,0.287453967531359,1.6702898758917624,0.3644678,0.037491195,208
005978,2018,6.2556867767963285,0.2841577683574546,1.1258383055601777,0.3395794,0.07249794,168
005987,2017,6.952492670322408,0.5167114037002659,2.622197147499549,0.29653227,0.07217337,171
005987,2018,6.603449257878066,0.5314769604151778,1.5549095577276968,0.36696574,0.017731296,197
006003,2017,8.283612199029937,0.3743703887966023,6.133621167326751,0.35118818,0.021532476,231
006008,2017,12.28466162012255,0.20314160763981862,3.1346719019400457,0.22011593,0.02172184,231
006008,2018,12.264039055075878,0.19613482022147027,2.8423732950659173,0.26953372,0.02323469,230
006034,2017,7.315963886917331,0.268458656007994,4.556685580642913,0.26595715,0.06660364,216
006034,2018,6.7428676640096565,0.45714299058727553,2.3909711472581012,0.32672846,0.039911494,205
006066,2017,11.859918606411426,0.3177909314272951,8.041417652608844,0.1950684,0.021274485,231
006066,2018,11.527302497663827,0.2885753189282067,6.040014761252679,0.2190965,0.01609716,230
006078,2017,9.396662388749089,0.3549059062920343,7.1535965816451945,0.21319953,0.016339824,231
006078,2018,9.56911443033189,0.349466906708965,2.3729238195370725,0.22366256,0.026534634,230
006081,2017,8.33508001291002,0.6339038304808476,-0.9099421397379912,0.44886187,0.10411029,233
006081,2018,8.10535612543478,0.6253112033195021,-0.8421461988304094,0.4322163,0.041078553,232
006100,2017,7.877194397495709,0.1537548128255735,3.0826225026804495,0.2947164,0.020374522,231
006100,2018,7.708559497672367,0.1951218462544834,2.4026660230306627,0.2574453,0.030357685,230
006104,2017,10.082712717954326,0.5054714921983305,3.66847616375345,0.21108946,0.0372302,231
006104,2018,9.690817596138663,0.48585299023111744,2.196204585710405,0.25003237,0.024549136,230
006116,2017,7.499764267317473,0.11575623858794887,1.2381594701634744,0.2549312,0.04090447,116
006116,2018,7.508164180563623,0.11175667745492052,1.1142486665305589,0.23463453,0.036658525,170
006135,2017,11.330518304512385,0.37549431499201075,1.6536913550845438,0.19880366,0.011968438,231
006135,2018,11.359226583066915,0.36144513345915336,1.3893203505986425,0.23568141,0.0080638975,230
006136,2017,8.952257489299871,0.10126662045497511,3.5099100408905044,0.27312762,0.026291013,231
006136,2018,8.976346670092443,0.23432328444396075,3.3067307370884174,0.28377175,0.025853638,230
006158,2017,6.315906585200005,0.2264517139713311,1.3071374741905153,0.47735795,0.1191204,210
006158,2018,4.960411602917788,0.2862037240857702,0.39719808323611233,0.5948292,0.13010353,169
006196,2017,7.846954398517267,0.29347161469357036,1.753209047292666,0.30966032,0.043601222,230
006196,2018,7.517031344945118,0.26902495110786356,1.1711026044319917,0.35068887,0.04400462,230
006223,2017,8.477773650498026,0.07433008968447043,2.8726655698104366,0.24061225,0.04013362,227
006223,2018,8.11423043780589,0.06842191377582753,1.9199072474426113,0.24175046,0.028464647,207
006266,2017,12.834154214064549,0.1950058167994253,6.230092968749999,0.14795417,0.021886861,231
006266,2018,12.747154630711,0.18099559344639563,5.7499817947516405,0.17482218,0.0253545,230
006268,2017,10.529108091971406,0.23059131909644592,1.828537817283709,0.20837656,0.026683705,232
006268,2018,10.385149366540773,0.19784003114945592,1.529731855981856,0.25296408,0.035469994,230
006304,2017,9.571674433351419,0.48452461627646143,10.82044967759008,0.22931412,0.041888796,188
006304,2018,9.68031909091166,0.3981598603113951,9.873182866392145,0.2938847,0.031077327,230
006307,2017,5.624183557382025,0.3437069677774718,-0.07441471931238249,0.7203323,0.6878778,230
006310,2017,10.598212929588593,0.44291948643349566,1.1910803216791532,0.23389938,0.015473067,231
006310,2018,10.457146004444645,0.43029949534653716,1.033081331432983,0.22879957,0.027370162,230
006326,2017,7.4003973392604925,0.272517403528251,2.574717457241024,0.20507392,0.051235054,155
006326,2018,7.354580144190338,0.19915935830195308,2.469119791773604,0.26399517,0.07959615,123
006334,2017,8.846929558634342,0.2659035632008605,1.4004607154366742,0.20184684,0.14157587,66
006335,2017,9.291141543328026,0.2430234707078174,2.3865354274896537,0.24995348,0.04316571,231
006335,2018,9.172702744680977,0.2829310017107014,2.00333215110353,0.25724843,0.0317192,230
006338,2017,8.923000001137755,0.32809086911219604,1.9197361801908948,0.2020649,0.07877673,92
006338,2018,9.58154917721604,0.2630078013602572,1.4454096467960351,0.20827942,0.14317125,88
006375,2017,10.06450426171575,0.47938837920489297,10.621198887884267,0.193715,0.012026387,231
006375,2018,9.883475829530964,0.46158605174353207,7.537002556708958,0.21966052,0.0225829,230
006379,2017,6.953844656451178,0.0,0.9093947025618757,0.27942875,0.03985144,188
006379,2018,6.6804430507957075,0.0,0.6870823630875378,0.34917748,0.048576247,226
006386,2017,8.012510096964052,0.2877218591957925,2.9671700609656604,0.33351314,0.05274579,187
006386,2018,7.983130124120966,0.20217299094211133,2.4541824042869402,0.31854713,0.039790045,230
006416,2018,4.401348754387919,0.1182583722741433,0.6907190826635952,0.4568552,0.4356004,102
006435,2017,10.654064845189374,0.4271665236618046,67.352066709062,0.18087752,0.011426144,231
006435,2018,10.579106260089677,0.4302934288469486,-136.95111595818815,0.2100496,0.018091517,230
006461,2017,8.290850829357826,0.19354795299864824,1.2817280331230994,0.28263214,0.033580527,217
006461,2018,8.302126692712129,0.24016800207916283,1.2549655653405793,0.29871142,0.03134575,230
006502,2017,10.181619164176059,0.32338629459365004,3.810878661087866,0.31909484,0.01625506,230
006502,2018,10.026029911292234,0.31670077128915475,2.866768957646462,0.30240184,0.027586471,229
006509,2017,7.322609035476927,0.01372547512737948,1.6457607795397977,0.3146911,0.0366834,232
006509,2018,7.378189515503251,0.012808035488386998,1.8185371395592174,0.3785273,0.040552225,230
006528,2017,5.524266737865189,0.3365784211331823,0.5760678866533699,0.67182535,0.041313566,223
006528,2018,5.070314527997857,0.3593739794989781,0.46941570827572177,0.5989597,0.062133502,170
006532,2017,6.2680119460245916,0.040005654187176394,1.6814252149490403,0.37048003,0.17668918,68
006543,2017,7.206002146930361,0.0002228525802185299,2.201137245357174,0.36218467,0.03147815,205
006543,2018,7.339618211646675,1.7928080091338853e-05,2.2565654908074335,0.3660347,0.035026047,228
006547,2017,8.189475745532249,0.3047336826187239,1.8092868728971023,0.16771919,0.03863386,125
006547,2018,8.22333893684373,0.27764626804605763,1.6524455085572403,0.19146135,0.039902776,148
006573,2017,8.12138344789069,0.0,5.843416941995948,0.22332972,0.039771654,186
006573,2018,8.244042087215563,0.0,5.833196316930407,0.21622375,0.020200474,174
006574,2017,8.497139175084483,0.28342661283346465,2.4474261848650696,0.25794148,0.021623673,141
006649,2017,8.747604190741074,0.309197927227667,5.289520248697698,0.20271035,0.028880684,190
006649,2018,8.450437814869478,0.34529863985807213,4.042454624027657,0.22648513,0.04278291,191
006653,2017,8.143004022076967,0.27252998883537316,0.8992860065814159,0.25216728,0.03510053,231
006653,2018,7.758630343538463,0.2529407417538499,0.639850233144022,0.2688626,0.032440066,229
006669,2017,9.620125463504674,0.34641863012891844,1.913660224810561,0.24985832,0.018454265,228
006669,2018,9.536379063686546,0.2589437489036424,0.9501530353285851,0.33234325,0.022612715,230
006682,2018,8.812724788086248,0.14698073532982842,0.6678553068890889,0.26429957,0.04209953,191
006730,2017,11.392831111675958,0.22099330828572067,7.650288614758199,0.18299398,0.03315617,231
006730,2018,11.665939128925574,0.26509050660010386,11.856511054361206,0.20182106,0.03414902,230
006737,2017,8.701748508176403,0.2925918338598831,6.454678742900937,0.2275915,0.043030128,231
006737,2018,8.519311366498634,0.29897928569148763,5.649300743453349,0.24480042,0.040115226,221
006742,2017,9.727023504990175,0.018348754094753394,0.9678200150098142,0.24193394,0.033878725,231
006742,2018,9.265096563956886,0.02080517328700272,0.7360857512195121,0.263792,0.038727663,230
006774,2017,11.420571112401264,0.29047097009952494,-133.49663250366032,0.16550997,0.017306412,231
006774,2018,11.206088299526671,0.2808628219983956,52.78123385939741,0.21221703,0.026100669,230
006781,2017,9.718022819535307,0.14139421506295077,0.8651511476775672,0.1648575,0.030514216,141
006781,2018,9.561376107022804,0.14504060472955718,0.7671120466573065,0.19008514,0.025606368,193
006788,2017,8.350685314281849,0.3503164549677159,0.733093408138723,0.449969,0.007135998,231
006788,2018,7.778132200013569,0.39522045076746826,0.5882131510549139,0.46577454,0.015578989,230
006821,2017,8.244063112575258,0.1432713906473351,2.371435936428794,0.29213136,0.025982035,231
006821,2018,8.019753988379296,0.13798178274531642,1.7882774144218325,0.33503032,0.014762318,230
006829,2017,11.372811310575697,0.44101895667450625,14.800936489017538,0.23777105,0.021621114,230
006829,2018,11.251874417855257,0.41703373130868204,21.137255762897915,0.25349683,0.025886983,229
006845,2017,6.780100584690345,0.13713135462521686,2.490569361283093,0.30054948,0.027693633,195
006845,2018,5.87650914741828,0.3605431965220022,0.965574057274389,0.3857809,0.05792851,206
006865,2017,7.489524564605625,0.36024885155947645,1.2713833354532516,0.26530787,0.025283236,228
006865,2018,7.372399352684443,0.33420235468800036,1.0098018083756346,0.30864573,0.04197959,227
006867,2018,8.449612145691251,0.26571433477721446,1.820673740394074,0.23949887,0.028033225,70
006900,2017,6.855695375035078,0.3518087034291228,2.21390606305842,0.29216766,0.035191327,196
006900,2018,6.88511695489551,0.312130286572886,2.0455127507678914,0.2619654,0.026962271,191
006946,2017,9.917953918753609,0.12582207695034064,1.8072167981831135,0.25185856,0.020686587,231
006946,2018,9.607609151768964,0.11886683368664483,1.3902960050462574,0.2906884,0.036540397,230
006994,2017,7.235387961609086,0.16587884065182237,2.048234922509225,0.48367172,0.04152603,86
006994,2018,6.264634697890364,0.17296841559115378,0.8741884749708965,0.4803465,0.04069819,230
007017,2017,9.574323545629406,0.2495911321097583,1.2291168431841475,0.37821436,0.02209312,231
007017,2018,9.371136919024543,0.25791473195441117,0.9683756596306068,0.3982735,0.022818798,230
007022,2017,6.635693111498891,0.3125328528183911,1.7118332943841232,0.28561303,0.06242007,113
007022,2018,7.020927702080837,0.2537785634939166,2.2853151676805936,0.30728823,0.037687313,143
007063,2017,9.59363723692404,0.33815103053108697,2.103991825613079,0.22571485,0.042734046,231
007063,2018,9.420801277462045,0.3173697270471464,1.64697998398719,0.21739529,0.036822002,230
007065,2017,10.63113445643141,0.2557638650937393,5.626317390949858,0.14420886,0.032300137,220
007065,2018,10.601149544728745,0.255352674019835,5.349620656370656,0.16004066,0.024192657,229
007085,2017,9.520686855265527,0.5409985422740525,-227.31626666666668,0.21418804,0.024457525,231
007085,2018,9.058777208306449,0.5508993139254589,-77.42014414414415,0.26599693,0.02165627,230
007116,2017,8.573128057026247,0.460546223989954,4.205036363130291,0.43686423,0.022863176,231
007116,2018,8.145998197056409,0.5444063590242878,5.2520268634582985,0.46464857,0.026042907,230
007124,2017,5.367246235986901,0.1710204061758992,2.0195097124438033,0.42347822,0.09751259,229
007124,2018,4.556103043463696,0.23189866305097995,1.0510063913633805,0.5690724,0.109118104,209
007146,2017,9.501933287103803,0.42788230083383083,5.228946443220438,0.17652129,0.013296351,230
007146,2018,9.894194505624535,0.3951581451581452,6.249014475385537,0.20587623,0.019146742,230
007152,2018,7.076434196734933,0.36641949152542375,1.479675,0.5595146,0.078286275,221
007154,2017,11.825401305871564,0.873762339625544,-41.82389596083231,0.15780324,0.021319633,231
007154,2018,11.821982068335993,0.9470942848783342,-21.764979387702926,0.18164821,0.020324832,230
007161,2017,7.029940132408089,0.24690770777468216,2.155660912961861,0.27429262,0.110682525,210
007161,2018,7.126801937479981,0.24526417134088438,2.178150699432231,0.3044652,0.25902587,175
007163,2017,10.668415248823191,0.3363395225464191,60.44554149085794,0.19205476,0.02567278,231
007163,2018,10.65048578363472,0.38718545146965533,67.21830573248407,0.20397907,0.04029335,230
007171,2017,10.25610517667342,0.11180669415875855,2.9024622603019177,0.25798646,0.021468831,231
007171,2018,10.00971069602356,0.12174889395361309,2.747887323943662,0.28040716,0.030191626,229
007228,2017,11.594629760733692,0.25930869979101245,2.1394615208990535,0.18236242,0.030033799,229
007228,2018,11.68744490911878,0.2729948491537896,2.377021608272943,0.19507082,0.030885326,228
007241,2017,11.205244746011758,0.23316269144653165,1.9504656283993527,0.22315286,0.02202104,231
007241,2018,11.348621413678453,0.3636641283544407,1.457250322026621,0.27297595,0.017944347,230
007257,2017,11.929912982683469,0.24300118353969408,4.419220562674744,0.18096913,0.02358082,231
007257,2018,12.19651466117905,0.23967472197683845,7.41910451293959,0.18323359,0.033688713,230
007260,2017,7.881792669424159,0.23290285874642763,2.6593281738844063,0.25569198,0.037197255,187
007260,2018,7.736263427472534,0.46347663217980734,2.086469248291572,0.30306348,0.046410423,228
007279,2017,5.78498143668688,0.0,30.96754544589321,0.46020874,0.019643083,224
007279,2018,5.886139586373627,0.0,21.421682732357493,0.37966472,0.028978933,193
007291,2017,7.293286215142503,0.06037777049896278,2.3339600000000003,0.3083688,0.036765493,229
007291,2018,6.9952956885093736,0.2257043111147195,1.5825523705959113,0.37831777,0.071516275,208
007315,2018,5.9730210567665845,0.0,22.865390706882497,0.44619143,0.23136117,109
007316,2017,8.494571955692793,1.1745702032201337,-3.23827739078301,0.36068782,0.027378077,230
007316,2018,7.690170623072217,1.2596695258643371,-1.344701982234603,0.4277985,0.02662591,229
007343,2017,10.478713437882277,0.2793751414987548,1.9091692175500778,0.42304456,0.01843836,231
007343,2018,11.018231031132487,0.08707580228697898,1.8881439276645817,0.46589044,0.0022955074,232
007346,2017,8.697366442252545,0.4014711665240221,3.00211803640375,0.32053903,0.029840088,232
007366,2017,9.595082911131568,0.3069610178947124,1.8382649291243118,0.15816776,0.018849285,231
007366,2018,9.697204186130243,0.32187798562512576,1.8398336466234486,0.16924429,0.019550635,230
007368,2017,6.480977133081936,0.2103109780076837,2.8476418457510637,0.2713669,0.06987345,210
007368,2018,6.774338222678111,0.19906880429261686,3.5174669496396516,0.29321358,0.067495584,212
007401,2017,7.57034801556376,0.18587360594795535,2.9187710653024377,0.2841156,0.026467811,207
007401,2018,7.643290775540142,0.17963423182310584,2.901277892102336,0.30065376,0.045145173,219
007420,2017,7.9939733962498645,0.2658031155739524,4.9880258302583025,0.27134922,0.050004847,220
007420,2018,8.197522299608073,0.21225650057337878,5.762121818842384,0.24897219,0.051605288,227
007435,2017,11.849525172609523,0.32000421196725193,12.109128001383725,0.16358712,0.02579945,231
007435,2018,11.606967572929369,0.36947945205479454,11.214842844017966,0.21147065,0.02677196,230
007437,2017,8.243035285754456,0.28330708661417325,1.837859065854366,0.1508664,0.03786424,163
007437,2018,8.275380445128683,0.2765730880929332,1.8211410984321363,0.18860812,0.027366439,149
007486,2017,6.973613241773601,0.2455192576585738,2.1793001428279943,0.38111582,0.065604344,207
007486,2018,6.555654144923879,0.21788036410923278,1.31711743772242,0.4221559,0.058854204,200
007525,2017,7.110260019736365,0.45338307099327946,2.6226565498629197,0.17457183,0.0973289,112
007525,2018,7.217245437041859,0.4430893551942588,2.6683261210951117,0.30865744,0.009687786,120
007585,2017,9.586226160298986,0.5383771929824561,-8.359820895522388,0.20293987,0.061181568,231
007585,2018,9.842092884310045,0.5621213731533637,-14.546821345707658,0.22121483,0.06268842,230
007620,2017,8.586419143737741,0.2947507449085493,1.1597770849733269,0.36925602,0.021965258,231
007620,2018,8.305941157415214,0.2919799681287286,0.8381858340102777,0.36643803,0.017792294,230
007636,2017,6.388009993041493,0.4243275589843289,6.343032681969452,0.34101772,0.043858975,132
007636,2018,6.28133386329725,0.22025269256693772,3.456466974482339,0.39869267,0.05489942,180
007637,2017,10.006910109213921,0.3593026925429324,1.6666565098139408,0.30609936,0.026749406,231
007637,2018,9.556260168103446,0.4020540768415361,1.1615662401065165,0.34414613,0.021816146,230
007647,2017,12.62373359787381,0.08124769313450528,1.24041105222957,0.24131764,0.025502713,231
007647,2018,12.381080887778538,0.08127603782872593,0.9804616769616337,0.24235393,0.02651451,230
007648,2017,8.330087408441281,0.3839822315129344,5.767426981919332,0.3177743,0.04808974,231
007648,2018,7.915565743255521,0.383971137739982,6.935686075949367,0.33275968,0.02969149,230
007658,2017,6.542743897591964,0.000906427659821325,2.070215345250237,0.8190403,0.1250044,215
007658,2018,5.141849328719617,0.0009136725616820347,0.6019807824296498,0.6802966,0.12159816,117
007733,2017,8.485204821544015,0.34140123735933886,2.842337118155112,0.19001271,0.033622064,185
007733,2018,8.480269716948468,0.3530804179782741,2.487314716646106,0.1997646,0.02936217,201
007741,2017,6.831974363623576,0.11221986528363212,1.3191534825212239,0.19234641,0.04005559,103
007741,2018,7.087368797347675,0.06857684180922671,1.6320614419087986,0.17272617,0.035565376,204
007750,2017,7.333503630898004,0.6324994654693179,-10.41316680272109,0.587473,0.07592224,231
007750,2018,7.471638622221832,0.6534874380829131,-14.768774621848738,0.55999774,0.050167937,230
007759,2017,5.962431126829161,0.04383477577142356,2.0661809905665396,0.3166778,0.016131751,80
007849,2017,8.2020262877574,0.25380634424222737,2.950192901265765,0.18744871,0.055839203,118
007849,2018,8.311473779271884,0.2849215090798868,2.8684780877504794,0.20327243,0.09044485,160
007866,2017,8.006656359279264,0.11915962624655917,3.3444073693912375,0.258465,0.03153787,231
007866,2018,8.210634984421286,0.0,3.5356894389886055,0.3135105,0.025353704,230
007875,2017,9.615317360973593,0.298459356279519,1.0599503701032895,0.30318844,0.02305197,231
007875,2018,8.969523055729434,0.37797182271793367,1.4991134846461949,0.41507977,0.014860209,230
007881,2017,9.903555010260805,0.19749063852550697,1.8853189933075691,0.2821552,0.0073560863,231
007881,2018,9.823819149801757,0.17417330436881487,1.7585650352313846,0.27710488,0.005030241,230
007882,2017,6.642699295086128,0.1760874959566464,1.4012621465624315,0.42642626,0.13190025,108
007882,2018,6.436175752662629,0.1738541295883405,1.095377658724795,0.4309945,0.09787396,78
007906,2017,11.652268189050893,0.1538871139510117,11.715430085609459,0.24075253,0.018694611,232
007906,2018,11.703178153690436,0.14605557195260782,13.380035398230088,0.2623869,0.023365617,231
007912,2017,9.566427391921469,0.314118085304526,1.4369281239935587,0.31695244,0.019159582,231
007912,2018,9.110092130790656,0.3128986197049024,0.9596995841290049,0.38275284,0.021128144,230
007921,2017,8.897260262680838,0.3707938319052733,6.327959883789863,0.26360232,0.029382162,232
007921,2018,8.870578561234057,0.3783111547109452,4.90742233796384,0.27657896,0.032200515,232
007922,2017,9.01612071265279,0.3303758471965496,8.428628454452406,0.34107643,0.026611034,230
007922,2018,8.897575130676863,0.3394623383210753,8.378254295532647,0.3662641,0.031768255,229
007923,2017,10.625570751642279,0.26367225784772197,2.5169233632862644,0.24527575,0.021977903,231
007923,2018,10.598916500882837,0.2991252518005464,2.609775740138003,0.24605735,0.029622827,230
007951,2017,6.553794932900666,0.0,1.492346518970521,0.40566924,0.044264287,230
007951,2018,6.600535584117281,0.06618393288938675,1.4808851214625849,0.44250005,0.04207072,229
007970,2017,9.904529883120814,0.3251177113352685,1.805919217711466,0.14716677,0.035233963,144
007970,2018,9.933544552986431,0.3355557673105716,1.7942538337643927,0.15823348,0.037329465,179
007974,2017,9.065453401853185,0.3763306732392532,2.0025464040184255,0.17262918,0.024715317,230
007974,2018,9.15264791497233,0.3258759860576041,1.937917438255764,0.18653543,0.024679732,229
007977,2017,10.103504858995258,0.33743899604926797,2.1325602732431252,0.16597508,0.02102148,154
007977,2018,10.139610623856079,0.3436405940809359,2.072214284896089,0.17796391,0.031622376,157
007982,2017,10.025166368885964,0.020999996392249108,2.4198995125452636,0.2139735,0.02745686,231
007982,2018,9.815050418546951,0.02572600926538716,1.9017912468965235,0.22876593,0.035433497,230
007985,2017,10.886103974983772,0.41237792479308066,7.580694418274687,0.18059447,0.019046254,231
007985,2018,10.640212629826914,0.3687090006108411,5.10341447416636,0.23773569,0.028207451,230
007991,2017,8.260297387625494,0.2829169675090253,3.1646841243862522,0.33563393,0.03527803,231
007991,2018,7.559492792376079,0.3484609426546946,2.229950029052876,0.37189662,0.043223854,230
007993,2018,7.465131303375937,0.21779852479228487,2.2895449193190966,0.21950546,0.027249433,122
008001,2017,7.988715482280239,0.33493023412828493,1.6384923134222573,0.21502039,0.001255618,105
008001,2018,8.003449500898387,0.3759955041974525,1.539994995835011,0.19931911,0.08320428,83
008007,2017,12.600727544608873,0.09488578752375423,1.6194525875823984,0.20897263,0.019983144,231
008007,2018,12.260107055146364,0.09625963205535362,1.2100850901670355,0.22612695,0.02187372,230
008020,2017,11.784245506480223,0.0,16.307778494310035,0.23666042,0.04182835,231
008020,2018,11.610882865065744,0.0,13.871750093229553,0.22902244,0.022324054,230
008030,2017,9.914252849234202,0.20467074016470158,2.3133522988119055,0.2768808,0.018674096,231
008030,2018,9.669830787423615,0.23622416853732697,1.6168855793428116,0.26498356,0.031562496,230
008060,2017,5.832673747724187,0.41618056584637353,1.2261385985650075,0.24904144,0.09703827,139
008060,2018,5.798933126585116,0.4544793607013795,1.1478625824070692,0.26075274,0.10888593,171
008068,2017,10.939472990326824,0.22195783562556512,2.739531124829866,0.20773603,0.026947886,231
008068,2018,10.736343591453604,0.23261276052355542,2.1564724894514766,0.24360672,0.028313346,230
008079,2017,7.638977353033128,0.26201226872137434,1.252207774517769,0.374464,0.012856024,220
008079,2018,7.083657861503837,0.2784355953526339,0.8460774107937995,0.42224443,0.03442236,211
008087,2017,5.103533840977432,0.0,4.164939146276663,0.5467775,0.12908515,92
008092,2017,6.135242328241429,0.0035058429662919643,0.39444406012173633,0.66548496,0.05446678,231
008092,2018,3.685626418727059,0.003099978549339723,0.04951459168251121,0.7915418,0.121420726,121
008099,2017,9.520477952662885,0.49968052630333437,3.4741725044585987,0.18637224,0.025031596,231
008099,2018,9.863831973842533,0.4430771534832639,2.850720487913392,0.18292676,0.024012452,230
008113,2017,8.790592803377018,0.26406215486857393,1.7065583859157123,0.19591339,0.02002938,98
008113,2018,8.96523785263331,0.269514169287163,1.9540693116276748,0.2014282,0.12371321,94
008123,2017,8.690376117839037,0.3917533601640215,2.159065257653339,0.3193195,0.039711762,231
008123,2018,8.108979208611538,0.34503300953608823,1.1737105430407457,0.3415115,0.036024667,230
008148,2017,6.159782509663971,0.507768797149421,1.5949761423372424,0.20259544,0.094528064,109
008148,2018,6.117625544980307,0.515844294875735,1.5271480013192167,0.2511452,0.05708006,67
008151,2017,9.941564765988915,0.48033119202570923,3.7584530886868297,0.23203658,0.036021158,231
008151,2018,10.007946903016562,0.48669888788581145,3.374429705832153,0.21849789,0.041973777,230
008169,2017,7.795856687090883,0.043037677620438315,2.672115375947,0.31444597,0.0340125,226
008199,2017,7.472107631662933,0.24466665801849843,2.5230719394109844,0.2080347,0.042261723,136
008199,2018,7.585266147090373,0.287452917564142,2.701427565948608,0.22563992,0.051472023,170
008213,2017,7.05675001546242,0.26678490285055234,1.1429747734812832,0.35200703,0.05208914,130
008213,2018,5.977165349125365,0.43738069017125497,0.7606222379966784,0.4637347,0.038951557,206
008214,2017,9.235160781278253,0.2786144578313253,2.4630730418068234,0.23313555,0.022767145,231
008214,2018,8.47965953438317,0.34407941868795416,1.124401120709783,0.32871306,0.02191346,230
008219,2017,7.190610621492005,0.06544694481392004,3.0871082117331743,0.33773065,0.037742894,230
008219,2018,7.169134612410412,0.017865835045252416,2.7149715587795678,0.33951056,0.031251222,229
008240,2017,5.814829093744013,0.06515737161789067,0.6062099457504521,0.3514278,0.020604495,210
008245,2017,11.130920551801097,0.08735502983443985,1.567937189854806,0.20020916,0.033869594,231
008245,2018,10.886087798912932,0.08085740815819416,1.2214318046728545,0.2215551,0.032451063,230
008247,2017,10.286780214664669,0.24996976659813763,5.280213546877812,0.19894089,0.030178702,231
008247,2018,10.09046782522503,0.2725569778332813,5.207790503239741,0.23287998,0.047770064,230
008253,2017,10.126868835589908,0.18794634858064352,3.1061355195329483,0.23059209,0.029291552,231
008253,2018,9.893675774084134,0.19137522368379745,2.304777665281802,0.26486364,0.02271143,230
008264,2017,10.046570560151071,0.2610274657413398,1.200650961498439,0.2274067,0.01045664,220
008264,2018,9.422063052723509,0.0,0.9768438265749744,0.5470513,0.058341313,230
008272,2017,10.198963087412382,0.32594046061759224,2.1211763441199682,0.16086847,0.030835055,231
008272,2018,10.296177278522219,0.3563936805303605,1.9905360416666666,0.17342548,0.034281205,230
008334,2018,5.862895109313217,0.0,7.655530405258347,0.59080315,0.20951699,60
008350,2017,6.355599806065111,0.45518763796909495,2.085896920289855,0.3635775,0.021992648,213
008350,2018,5.959695048577078,0.45304095986760445,1.2959596655518395,0.3588563,0.05685744,161
008358,2017,9.965839878188868,0.3138750892194038,4.045641478555487,0.22310777,0.017480323,188
008358,2018,9.934827384307424,0.2818886733476122,3.521705428076342,0.23659964,0.025739063,230
008386,2017,7.472596533213936,0.39013828053964483,4.745723457922495,0.36026457,0.024239488,116
008386,2018,6.546260839911782,0.5049832241066055,1.704287835715369,0.46357483,0.05514611,144
008402,2017,10.066593159904782,0.0,11.629152877253643,0.18736821,0.024038536,232
008402,2018,10.336060143704348,0.09179345320424158,11.76726359992365,0.19585969,0.032079455,231
008431,2017,9.167575710449709,0.031108839724356227,1.7976301125703567,0.16218731,0.029307157,231
008431,2018,8.997593185690473,0.030777231467473524,1.6264798309859154,0.19858389,0.03723144,225
008440,2018,6.703530214226849,0.4783882187633893,1.8224427132813983,0.4278615,0.067700565,230
008455,2017,9.973977148039324,0.4784830878275754,1.9943005389833657,0.1548688,0.02693803,231
008455,2018,9.923621036367757,0.46246197806249423,1.7506005481684823,0.18135162,0.023136595,230
008463,2017,9.451974344137792,0.16686936076073988,2.527547806582238,0.20942576,0.03604468,231
008463,2018,8.775569811170767,0.20690923420464993,3.5260235934861934,0.23320769,0.043376137,187
008479,2017,12.045237004389648,0.42348754448398584,15.697492625368733,0.14851335,0.018834112,231
008479,2018,11.955470020999718,0.36440088604986604,10.722297837167654,0.17234477,0.023198344,230
008486,2017,7.14041211516378,0.16545676567022105,0.7365708073718462,0.38961506,0.057438638,217
008486,2018,6.683254832501918,0.16973087813531848,0.44159041376272196,0.403072,0.04318161,226
008512,2017,8.130481472110718,0.26124920275183255,1.354429770673647,0.41000384,0.02027251,231
008512,2018,7.584394469363774,0.2635866593165491,0.7785842447959954,0.49605152,0.04117826,230
008530,2017,12.285620061336171,0.19521877564800316,3.037852343344509,0.15690461,0.024601368,231
008530,2018,12.427402753549583,0.20642696741980404,3.9368184829936266,0.17770435,0.027172847,230
008539,2017,10.54442185180754,0.27904884318766066,1.2715635114043609,0.17494218,0.04016659,231
008539,2018,10.684308529803975,0.28800996105827886,1.4193628526849564,0.16561215,0.03106647,230
008543,2017,11.818709492851127,0.3016064071107819,8.829349365285816,0.1920895,0.023918163,231
008543,2018,11.43560938671188,0.2138466515690715,6.259533686346114,0.2278999,0.03173519,230
008546,2017,10.463390659191575,0.1369543617332277,2.427007074703585,0.21318097,0.02697154,185
008546,2018,10.376517854284051,0.12448594435076735,2.3192275166729024,0.2288854,0.035889544,183
008549,2017,11.076146194781005,0.2334723698917696,2.111000856993498,0.24404588,0.021222834,231
008549,2018,11.170097918179247,0.212289225492998,2.2222380209148693,0.26757273,0.030644543,230
008551,2017,9.390068512103722,0.25756160764616304,2.161859569395275,0.26379585,0.026758498,230
008551,2018,9.015203609687813,0.2376492999654408,1.4117199166066097,0.30107054,0.028989026,229
008599,2017,5.627743408370611,0.00036257927445978864,2.5641560070459555,0.32334733,0.07357152,99
008599,2018,6.209628058583015,0.0002139482000843567,4.94440748544056,0.35343945,0.08797109,177
008605,2017,7.01532971710405,0.0,1.6061190742674505,0.3164532,0.028818402,224
008605,2018,6.751792224462268,0.0,1.262969042459598,0.2775739,0.07871992,196
008606,2017,7.643115192137668,0.5329285648511727,11.089962842668736,0.342736,0.033754036,231
008606,2018,7.011357574877073,0.5133304525454373,4.639377810310572,0.40905917,0.02663315,230
008633,2017,7.604577134645918,0.45734510677536266,5.6870636881321355,0.31873018,0.042625505,231
008633,2018,7.5077861105302395,0.526482455675935,2.5248826430294575,0.45767298,0.023970535,229
008644,2017,8.591754555629388,0.2124013141764331,1.175289571515839,0.4329817,0.0009838504,231
008644,2018,8.306655343321514,0.2151591061286242,0.8988266270219895,0.421809,0.010216615,230
008692,2017,7.614084592196449,0.5865788670194181,10.10530861365699,0.24359109,0.026849747,221
008692,2018,7.667586240463536,0.3075823397189503,1.6260640001095241,0.24866164,0.016017327,153
008699,2018,6.030885961273314,0.0027910157203960453,1.3793859649122808,0.3610101,0.091631964,141
008762,2017,12.3127715161663,0.1498098101423517,4.01464689681924,0.12982112,0.03386209,188
008762,2018,12.180760681528808,0.176341813878793,3.712186171330668,0.15702052,0.016815545,230
008807,2017,8.077758898310828,0.32812461678670946,1.9006038036800408,0.2032575,0.05104594,83
008807,2018,8.093457037701645,0.3889143056398533,1.9385321923593117,0.20936136,0.08103247,166
008810,2017,10.16614023694505,0.2825170896151325,1.8782046652704558,0.16298692,0.033429008,171
008810,2018,10.174781063132347,0.2905175837267793,1.8246643945190235,0.16789274,0.02399573,172
008823,2017,9.162672497803673,0.3102833601176217,2.295244179983467,0.254143,0.012838919,231
008823,2018,8.882126387926027,0.2952372049241048,1.494897216187864,0.30978918,0.029459203,230
008826,2018,5.588539959143924,0.0,3.849293767007905,0.3758655,0.12596491,64
008832,2017,6.520274675798638,0.0,1.8955410028345228,0.36663112,0.05448189,229
008832,2018,6.488496899574969,0.0,1.6664663125240768,0.3842211,0.055526305,229
008850,2017,7.604253498533935,0.08456695922872186,4.922372201181342,0.23977822,0.048568405,206
008850,2018,7.77077011240751,0.05063515884255247,5.448304984231768,0.27228948,0.039415434,188
008858,2018,6.995054859437158,0.020641965115078955,2.9026071297473575,0.40302336,0.05697719,200
008864,2017,5.171834105955378,0.042447931615724625,1.9477446592177532,0.595601,0.05673808,154
008864,2018,4.329664084625664,0.05327764614540246,0.8155417338059942,0.65611064,0.046221014,124
008898,2017,9.405224357499531,0.07017097159180559,2.1770556834434163,0.223087,0.02864927,232
008898,2018,9.503483463383104,0.06531093372974536,2.1051155216307365,0.25176707,0.036795806,230
008901,2017,8.617647991303208,0.0,6.063821993491258,0.36445302,0.079892315,231
008901,2018,7.658014698982677,0.0,2.228016569534069,0.44232678,0.0626353,230
008902,2017,8.79717466521853,0.41174436466178105,4.056681402009967,0.2335144,0.039424088,228
008902,2018,8.855214570353779,0.3626784137406951,4.98655174572105,0.23037842,0.04510364,231
008958,2017,7.229680504757113,0.0007711067523859939,4.998049727599397,0.3640517,0.04436184,218
008958,2018,7.1929713859387165,0.0003608655220752543,4.304994028256543,0.34851554,0.025182927,221
008972,2017,10.899992177430772,0.15392093324692158,5.437713540098364,0.17635961,0.015380598,231
008972,2018,10.674984508568212,0.1492279688676877,3.770923552998606,0.22110471,0.02223372,230
009016,2017,8.129581753797636,0.23697643680780275,1.4592044721565256,0.2599,0.04317577,223
009016,2018,8.005747375370767,0.28258142653228946,1.2976152347976628,0.26173207,0.0249824,225
009063,2017,8.455269871656578,0.1907413717568028,1.9836132190942473,0.2854497,0.04999035,231
009063,2018,8.075204773688627,0.18060777676721268,1.1832788659793814,0.31304058,0.031159826,230
009203,2017,10.03811302144087,0.17361799572727146,8.590690794413575,0.20109376,0.025191132,232
009203,2018,10.030502156947694,0.19565633982753114,14.039364451313755,0.24452434,0.025912762,230
009215,2017,10.4034638713578,0.4397325295360842,5.195154332755632,0.18174563,0.017825194,148
009215,2018,10.491725435624009,0.4195125007832571,4.4035025699963315,0.17242756,0.02803882,116
009216,2017,7.9915414012067,0.12163440088025071,3.855927093701448,0.34482902,0.044576008,231
009216,2018,7.5078046157168306,0.18221135206793482,2.1480103120977363,0.38205615,0.08035333,217
009225,2017,9.224555630724579,0.0,15.511233354334756,0.18853159,0.030609982,191
009225,2018,9.377194488954837,0.0,16.59739573090905,0.2152797,0.026533239,200
009248,2017,10.350629554274148,0.054524854811675044,10.256991756818268,0.25344676,0.027664427,230
009248,2018,10.431832405687217,0.051441536950101674,10.26166349138742,0.2550715,0.026514225,229
009258,2017,7.5897697199191025,0.2967854060508613,0.36721523922689886,0.48731145,0.031224063,231
009258,2018,6.972014698674523,0.2845264052625744,0.2117912611717974,0.4984559,0.04536478,230
009273,2017,8.536038615641655,0.18965974684854917,2.2392423760985545,0.32383105,0.007592801,188
009273,2018,8.710788031957984,0.13088176953455907,2.8865558254886508,0.25968388,-0.0033590656,230
009299,2017,8.402281059519117,0.40023485380272195,1.5722035960290877,0.26480797,0.027622005,231
009299,2018,7.8467993393722155,0.4362584747749689,0.8787793948927388,0.3129261,0.042223997,230
009317,2017,9.331404980931902,0.016186738852327843,7.642659992050588,0.2174182,0.04357468,217
009317,2018,8.867552948472714,0.0,4.45526420349158,0.2554023,0.04204634,191
009324,2017,7.177672051326593,0.295673322583455,2.8277849307763883,0.26274642,0.046719834,229
009324,2018,7.365072829125666,0.22052056109495607,1.776463693281998,0.23895033,0.08306137,123
009393,2017,5.950793999452404,0.0,58.39412498099437,0.38612276,-0.012956649,73
009445,2017,8.646208903685734,0.3151715673194941,1.082500475737393,0.29971525,0.058743242,227
009465,2017,11.443181363559294,0.2066345312348063,2.5314381648661852,0.22594598,0.015567863,231
009465,2018,10.817722996151621,0.2250698512204462,1.3798280272108843,0.2661651,0.018406056,230
009466,2017,7.361102354847208,0.003396515832146379,1.1913766202301637,0.26875794,0.05914126,152
009466,2018,7.056491639227263,0.004471652914559489,0.9125969563507669,0.3286152,0.08923773,166
009472,2017,6.7976796646973385,0.5047257922886565,11.674417755998384,0.39902776,0.044442765,225
009555,2017,9.025429401542555,0.6118023597144102,54.575067629678266,0.20712063,0.026365286,231
009555,2018,8.598401747224656,0.6408657082887806,-15.556469764773377,0.23127542,0.04077214,230
009590,2018,5.431782656987858,0.0,2.478193153848656,0.7524602,0.096275225,147
009599,2017,7.771836085965017,0.19443605310856016,3.5680866389078107,0.35852584,0.057321943,230
009599,2018,8.06084226799491,0.18143611561407155,4.640464990237021,0.3839286,0.04986572,229
009611,2017,8.848577047013707,0.2437183931629539,4.941479505317903,0.22591981,0.026709443,127
009611,2018,8.896454281536103,0.27827262111030254,4.449728430973084,0.23008925,0.028698154,167
009664,2017,7.4189526736327664,0.5365694898927655,4.760655812598866,0.33578116,0.03378741,166
009664,2018,7.694450861053288,0.504876862751437,4.965839225591129,0.3395507,0.04802592,198
009667,2017,10.558314693574497,0.4953168403501939,10.426390898838303,0.20782849,0.02578624,231
009667,2018,10.50883617781744,0.45510243683600515,9.820508992171805,0.22845244,0.029790223,230
009771,2017,9.260986777976552,0.12601257310856034,6.380099854439592,0.1937979,0.022298874,231
009771,2018,8.879108880628126,0.07208204460361387,4.181939021549214,0.24441093,0.039232865,229
009777,2017,9.469345758647268,0.3063811988602202,1.64190136229423,0.23336218,0.01862347,229
009777,2018,9.543104417461418,0.28042701644994705,1.7499757179599773,0.24345802,0.030160865,228
009778,2017,9.198375780862188,0.14617743994208532,3.3450919123870135,0.22931135,0.028455256,231
009778,2018,8.99711276849831,0.17831419478513336,2.607371301794243,0.24186072,0.0323204,230
009783,2017,9.978753838014452,0.08178768028584295,1.5404646578082584,0.25141472,0.025875848,231
009783,2018,9.620345448149166,0.08215567318229679,1.0652707203958995,0.26337773,0.033331037,230
009815,2017,8.572222889146882,0.28259781588210425,3.094701645982053,0.17654265,0.0353229,172
009815,2018,8.576200462732066,0.259567161525178,3.0151537616694126,0.18075576,0.033575892,182
009818,2017,11.021422688391667,0.03270041609450583,2.18925549276519,0.26205695,0.014698366,231
009818,2018,10.87486389120258,0.027089087940975927,1.5626099024023083,0.28761083,0.019822083,229
009831,2017,7.817752355289525,0.2905495505145293,2.0834422333276583,0.20483318,0.06063359,121
009831,2018,7.77362256961572,0.35370364556690864,1.8761053872782003,0.22812878,0.18511546,82
009846,2017,9.93325447098407,0.22160517306960822,1.7654260680318739,0.17832425,0.029354576,231
009846,2018,9.825325475825434,0.25862646566164155,1.7684568763744144,0.24282032,0.038357213,230
009849,2017,7.661148991067861,0.22660499430380016,4.00833427997245,0.21813747,0.040266663,209
009849,2018,7.80964534521711,0.250818384836353,4.414465760099459,0.20454778,0.02898055,228
009850,2017,10.788403777135567,0.40054051619296427,2.0050328245127655,0.14203715,0.028396452,231
009850,2018,10.723354802234788,0.34842704894195736,1.8365072588278122,0.16191557,0.028391127,230
009882,2017,10.558950076303942,0.13221823974512145,3.6932562751677844,0.2616611,0.029540671,231
009882,2018,10.153661953899887,0.10559006211180125,2.6068189830508475,0.2696455,0.021397762,230
009890,2018,8.308073100134168,0.2864005999677346,1.8012492662215005,0.21277764,0.0142820235,170
009899,2017,12.382966348139691,0.28365875022799075,1.6945843349117216,0.1832173,0.020621365,231
009899,2018,12.244416491944316,0.31257990764556354,1.1288979333909142,0.2057587,0.017048696,230
009904,2017,7.95771455307538,0.583831937242388,1.4439286205154118,0.5685477,0.0049884557,231
009904,2018,7.529908023761116,0.3998619975849577,0.7887104784081287,0.53934264,0.011459464,230
009922,2017,5.379175387916862,0.34386095798621186,2.64869533883813,0.43788722,0.03394543,128
009922,2018,5.2298599766652165,0.36423823932552307,2.537452448236509,0.4012261,-0.013604338,129
009969,2017,6.463710192406374,0.007816640169581345,14.93936323830818,0.42737097,0.08881212,124
009969,2018,7.251531100803064,0.002742935000209156,10.649437799223719,0.5970869,0.09305654,227
010000,2017,6.918708987471681,0.00010030892609771614,2.228601356981312,0.27659866,0.07041104,150
010000,2018,6.990652545446306,0.00018146624727800629,2.3254021074441193,0.281992,0.041893117,125
010008,2017,7.046241712589563,0.22125309447305216,2.8104606718477774,0.23082665,0.030938739,90
010008,2018,7.169006000613946,0.21132531460721948,2.880584744728757,0.21264629,0.03937796,196
010016,2017,10.171172568206542,0.1490049738206175,3.4634108757006,0.19030787,0.029333213,231
010016,2018,9.804607174250922,0.19681574608408905,2.5566624170923764,0.27066648,0.022337692,230
010035,2017,10.488111345829106,0.044936562860438296,1.876801239474923,0.21183856,0.03447023,231
010035,2018,10.084276989984422,0.045346774259481824,1.135699397630332,0.25981113,0.024728337,230
010056,2017,7.4829832627411905,0.18240948668840903,2.401763730651159,0.25873396,0.060280584,167
010056,2018,7.417847033531975,0.16099378580771703,2.1249250414026637,0.27913687,0.034034856,214
010086,2017,6.911105660181757,0.07248951906484594,1.4926206206087076,0.26594043,0.05371698,149
010086,2018,6.889557295556078,0.07475690676145179,1.4579512267547603,0.21636863,0.077642724,76
010096,2017,10.500544366525187,0.13231112360023747,7.39271830427981,0.18635908,0.025808385,231
010096,2018,10.470103232818058,0.12906123293073835,6.918443010255419,0.1907819,0.028215475,230
010115,2017,10.967717070312885,0.29688696670721276,5.816987357013847,0.16544035,0.028039584,231
010115,2018,10.979976924116468,0.3116530170039296,5.003171355498721,0.19468777,0.022962343,230
010121,2017,8.161614594840472,0.8105156055691315,1.014429449913144,0.3442725,0.08205993,217
010121,2018,7.6870434441000945,0.7990804023959452,0.619471432225064,0.32753456,0.059123307,220
010124,2017,6.880690253193715,0.0,4.228990566980522,0.30645165,0.06719091,231
010124,2018,6.834232261862701,0.0,3.516150952535933,0.3269479,0.050876852,230
010187,2017,10.322771186513807,0.041512512016779794,1.34733492602764,0.22937435,0.03194707,231
010187,2018,10.02309251503095,0.061491210570512614,1.0175618779342723,0.23219298,0.03435785,230
010190,2017,6.292938571828147,0.4269432413950308,1.0707722772277228,0.5442391,0.060691766,204
010195,2017,5.913550166688332,0.4380668002361963,0.9396552643608107,0.38418975,0.06279953,224
010195,2018,4.790332620332112,0.4556480501730486,0.3224020200125916,0.43476892,0.05987388,153
010198,2017,5.998540006902325,0.15042158053878266,3.2235469880289354,0.35724968,0.071776666,155
010236,2018,4.992151109272701,0.33734971409557,1.436837359978143,0.4811069,0.06307203,120
010247,2017,10.19155190953286,0.43143694575357805,11.20163075536759,0.18057594,0.026331138,188
010247,2018,10.47882600842223,0.4172991926467167,14.182390116783019,0.17877802,0.023773475,230
010385,2017,9.843939874264013,0.17038156403475632,0.9721824387349739,0.42288977,0.004641971,231
010385,2018,9.727505892259575,0.13846969161661535,0.7329429850550604,0.38482264,0.040592276,230
010390,2017,6.287077958173543,0.12700912197823616,1.3498832368258495,0.31603053,0.109316915,192
010405,2017,8.019016557475828,0.2951749141821267,1.7466873519604464,0.44049957,0.023811925,231
010405,2018,7.914303695549229,0.2790904794794431,1.4509946863233811,0.3681973,0.034270454,230
010407,2017,9.32709647518456,0.34990371256648073,4.623867352442738,0.21508533,0.033261158,231
010407,2018,9.383807483614824,0.3300737449289112,4.682802638448049,0.23813581,0.044223245,230
010411,2017,8.034566222008925,0.26218396987627757,0.722839072382291,0.26321453,0.053618524,97
010411,2018,8.218668550185388,0.2471634467954615,0.8135,0.31013682,0.029355917,178
010441,2017,7.169392086609357,0.348052319118048,4.381252972145307,0.24829495,0.048536975,170
010441,2018,6.850649069661861,0.330524389850727,3.0039047840163855,0.2844673,0.13575342,151
010443,2017,8.010145801128564,0.2804626187525816,4.326661120689655,0.29008135,0.03356892,231
010443,2018,7.7030951007800414,0.4035671100362757,1.2834262108922363,0.37206042,0.038151097,230
010453,2017,9.01037545361699,0.117697926867114,4.190930578006456,0.29821223,0.024140965,231
010453,2018,8.613935138479741,0.1403902156427644,3.618002356876259,0.3474393,0.033198234,230
010466,2017,9.771481923342371,0.26836523991180483,1.785707716760061,0.24398662,0.025501123,167
010499,2017,11.539383600643692,0.2027547897063825,9.933358417335784,0.20835753,0.029942973,231
010499,2018,11.399943479555871,0.25202777615685357,9.93069546364243,0.25238666,0.032811098,230
010519,2017,9.60215566984813,0.2526727509778357,2.6202663166282982,0.24350464,0.03925251,231
010519,2018,9.29064856348269,0.23548794167134043,2.0870974171802774,0.2513167,0.03400624,230
010530,2017,11.24113894877724,0.3330392277965025,2.998531940345493,0.18634582,0.0355248,231
010530,2018,11.407463637291624,0.31510527813344713,3.262193952729645,0.20495683,0.032119263,230
010549,2017,8.619738064871267,0.05906922430667597,3.5139832164106206,0.30765083,0.0192995,210
010549,2018,8.516817270766923,0.002045946524680017,2.5793543874026508,0.40309867,0.029215455,231
010565,2017,6.290884460774842,0.253729283349941,0.5291900102870468,0.7549226,0.14373894,162
010565,2018,6.561580924660323,0.2355018960584635,0.6184358072311067,0.42111582,0.066584125,225
010567,2017,8.634863538056786,0.8227287603249268,-11.134889212689462,0.2384915,0.024923326,231
010567,2018,8.449086939623001,0.8197231350066418,-7.26303358923204,0.2667034,0.028528372,230
010581,2017,8.247770713260039,0.2510580766517752,2.6471909960490745,0.26801953,0.0260516,231
010581,2018,7.94965726986189,0.36862233420318546,1.7945070144340338,0.2962545,0.02806058,230
010609,2017,7.733982300232374,0.008056321204452245,3.1133249754714925,0.313178,0.014146097,66
010609,2018,7.668063788111168,0.007916728681041334,2.8495514386735272,0.23082161,0.120744824,142
010618,2017,8.812485713292944,0.2046001203652194,10.885891487817052,0.20759244,0.031411696,232
010618,2018,8.690895093830916,0.19895110325757612,8.892752348575904,0.23392391,0.031015828,231
010631,2017,9.568547420542993,0.41505544571124703,6.384499313473983,0.2169298,0.026950175,231
010631,2018,9.594230126356738,0.5207782228494912,5.6768637143036145,0.2323718,0.030070381,230
010726,2017,8.218537792976818,0.35733477710773764,1.1529120870239866,0.2256168,0.13826108,126
010726,2018,8.288936364561797,0.35461693670800476,1.1312402427806525,0.28771958,0.09274627,118
010735,2017,8.639228152589798,0.32564548579092967,1.2550194396925194,0.3051538,0.026534135,231
010735,2018,7.916657279145987,0.48291443448655685,1.240540980640492,0.30230898,0.036302246,228
010777,2017,5.225298508786172,0.029981317983100834,1.512488996998072,0.44617733,0.10020426,90
010777,2018,5.658681477135535,0.020552760179453206,2.0054286453561962,0.47272208,0.07480019,212
010789,2017,8.811013829264,0.0,5.747365936248494,0.22612512,0.048855785,231
010789,2018,8.869575404756914,0.0,5.368367719719877,0.25569293,0.028701581,230
010793,2017,10.161917671082348,0.331254899166251,2.456874409448819,0.2351019,0.022505464,232
010793,2018,9.989113720566666,0.2735236524786149,1.7017870811528548,0.23833798,0.020158714,230
010795,2017,9.870033152597342,0.3000283513679535,2.1964547126958895,0.31980202,0.02182689,231
010795,2018,10.025704430835313,0.29802196820860866,2.261128859429715,0.2958948,0.029032223,230
010801,2017,9.001288051291878,0.34489129871699675,2.5648935731672617,0.15363695,0.04561965,120
010801,2018,9.173634324479286,0.34609253061122286,2.618458879773999,0.16625565,0.042305592,189
010816,2017,8.600563927976184,0.2799272916125682,2.945649604336043,0.30920976,0.019867426,231
010816,2018,8.695411149956174,0.2808433107756377,3.1138243147472644,0.12365488,0.020122034,165
010839,2017,6.3305832786701,0.19489311517174884,1.5561936331435733,0.32081103,0.046573997,97
010839,2018,6.36610972975957,0.1886867384394,1.4926076437794558,0.28239998,0.034388173,123
010840,2017,7.976124281869952,0.0,2.00292074275113,0.20988996,0.105771184,94
010840,2018,8.173268953476052,0.0,2.419790479922073,0.22815442,0.037763763,63
010846,2017,11.946354798768258,0.26751265653288564,9.414456378552199,0.17107932,0.019365348,231
010846,2018,11.854000257846673,0.3594759127417947,10.615778086318299,0.17371428,0.02528571,230
010860,2017,9.568781934524933,0.2734245519367894,1.992062082405345,0.15973681,0.029765477,189
010860,2018,9.677134794722932,0.28877457284585706,2.089992792556677,0.16152813,0.02315807,215
010867,2017,11.559055941017153,0.27927896758121995,4.213111675249436,0.22480349,0.023289481,231
010867,2018,11.515169236930152,0.3537795661656551,4.907439118151104,0.22760881,0.03045489,230
010877,2017,7.059067648901746,0.32216597480797626,0.8645916941645114,0.56203973,0.047676016,231
010877,2018,6.648880503161313,0.24160162902656102,0.5549861418769829,0.5084958,0.045117583,227
010894,2017,9.24150016767165,0.4316403934013451,3.7115078254093485,0.17476486,0.06408027,69
010894,2018,9.298088625072582,0.43766455455897824,3.8179481322112427,0.16556543,0.055798016,135
010903,2017,12.271980884425936,0.2073595190496052,4.471402796383121,0.195324,0.028740026,231
010903,2018,12.38486799254757,0.2271762765978413,4.626183844011142,0.2120612,0.029154284,230
010916,2017,8.185475187499641,0.0035717200719855785,1.6449220295288036,0.23646104,0.054099463,113
010917,2017,6.27055582411937,0.46132754608978727,2.89840874832132,0.2254076,0.055923484,112
010920,2017,11.536152125529007,0.44662246988084486,102.34985,0.17213324,0.02504663,231
010920,2018,11.334764122471887,0.3984924824056302,27.699682224428997,0.21356197,0.03352515,230
010981,2017,5.8544255242205105,0.2773250669296886,0.7047173448316273,0.4625197,0.102249734,159
010984,2017,9.880444079367516,0.43837395710223614,0.7415541053270603,0.41579258,0.029905228,223
010984,2018,10.045752880564155,0.41803288377205944,0.8843836299478368,0.46647248,0.0986045,229
010991,2017,8.436388693654298,1.130868704127995,-2.2752195362604835,0.509229,0.014391891,231
010991,2018,7.404383799107009,1.1650859053098035,-0.66708834037025,0.6521009,0.063729115,230
011012,2017,8.058260025836647,0.35037115650045814,3.7073608971478382,0.17695704,0.04554512,121
011012,2018,7.765658305276177,0.3778496827292952,2.7422741168932503,0.21087454,0.063762724,133
011017,2017,7.097675806988908,0.17019300646674956,0.9007206340149086,0.27889502,0.030192407,229
011017,2018,7.2725190102954365,0.17274787360115207,1.0770979749260894,0.3598092,0.019646026,229
011032,2017,9.276187141670809,0.32470227177018623,2.1406153885929573,0.24846242,0.03466665,231
011032,2018,9.273104444710965,0.3493137442878599,1.9757354532030544,0.23337637,0.034330137,230
011060,2017,10.285029708456017,0.2196905719354176,7.8740901637140785,0.22532834,0.019082759,231
011060,2018,10.448368477907673,0.20429930716916495,8.023248197750107,0.27093297,0.027645553,227
011094,2017,8.233184337761859,0.2897062157748102,3.3821694301765937,0.23119643,0.02001765,230
011094,2018,7.7977556685753315,0.29317852532966787,2.297808942007734,0.24432234,0.027379004,230
011115,2017,9.12429238532248,0.0,6.137459531772575,0.20790507,0.034255262,228
011115,2018,9.230928572981464,0.0,6.442827568795758,0.2485175,0.039601114,230
011124,2017,6.572196385136398,0.19868275273969982,0.8503953192111934,0.49054548,0.057189677,230
011124,2018,5.874552147962616,0.31903518587591695,0.8128953229398664,0.55405843,0.059894513,229
011191,2017,8.00238732364469,0.10709735721291898,2.0922650660956745,0.2801371,0.02562293,211
011191,2018,7.862232400820181,0.15920073350121275,1.8788644472158245,0.34732088,0.042008884,228
011220,2017,9.605953718453074,0.4144432896457706,4.31062028102566,0.17797211,0.024145136,227
011220,2018,9.377454043710157,0.422989123785548,3.306965413771983,0.17796287,0.017733276,225
011228,2017,9.740170179661376,0.29600360488089766,3.418554571410574,0.29261377,0.018032286,231
011228,2018,9.474094869621547,0.28268106707295365,2.5020811650726524,0.30473036,0.020272352,230
011234,2017,7.328802880303809,0.362439379309039,10.930408144231528,0.21411954,0.055473942,230
011234,2018,7.806974111725853,0.19807039068438367,15.80615027429593,0.24150641,0.043059677,225
011259,2017,12.659321697452107,0.1800539795229853,4.041187121961243,0.19693492,0.018713035,230
011259,2018,12.527426675802984,0.22892906815020864,3.8043304458177003,0.2079685,0.017603014,229
011264,2017,11.331927354035336,0.19215561514338952,3.0380722893759553,0.21736032,0.02551708,231
011264,2018,11.086414005205283,0.18247607304327404,2.5100257038489637,0.24650589,0.018144885,232
011296,2017,8.369305478205487,0.21594612986490058,2.86994642940327,0.11974139,0.044537026,73
011301,2018,7.516395217315521,0.5132956629090019,1.7207036241945013,0.19331707,0.012739746,75
011340,2018,8.065875245917413,0.44988177303087235,2.0229554560437535,0.1865588,0.010636768,106
011343,2018,7.15865907629902,0.0,1.256415775164508,0.31289545,0.04509241,151
011376,2017,8.894493776823232,0.10575477775391882,5.697095866864599,0.22333232,0.044062946,208
011376,2018,8.890689086575676,0.09904492394764769,5.2023368903530764,0.26139283,0.03594191,227
011399,2017,10.167711624949717,0.4326188881446751,2.2813452443510247,0.34308532,0.02711394,188
011399,2018,10.039475425540683,0.37602189156832566,1.9871095308299367,0.33172232,0.013440556,230
011440,2017,3.122986757540821,0.046778523344988374,-0.030738372014344678,1.0195491,0.07656629,187
011456,2017,10.18976224684573,0.34509109031507834,2.992377006405214,0.18708448,0.042914327,231
011456,2018,9.699908074331017,0.31416313989216765,1.803681987618837,0.21754116,0.038642786,230
011465,2017,9.385447755754043,0.21918355125262,2.8379565126250594,0.24590547,0.030233491,231
011465,2018,8.823093896129715,0.22052651659671882,2.963438393714535,0.2918987,0.025477704,230
011506,2017,10.133993534521142,0.44084397652744217,2.6081959403479704,0.23179825,0.04229043,231
011506,2018,10.191688240483641,0.49373096110546993,1.8243076923076924,0.24108554,0.03418206,230
011511,2017,8.363874860423891,0.10748348110328676,3.5638120219414637,0.33325368,0.025798151,230
011511,2018,8.363993430322415,0.10651852715614517,3.7118106988407167,0.34390175,0.037926793,229
011537,2017,7.040612525671343,0.30107743719751096,2.5858143110076663,0.3922181,0.039649937,231
011537,2018,7.060600263903539,0.27708653219940954,2.18010150717099,0.48597062,0.03865307,232
011538,2018,4.795293314559859,0.033606609032420694,1.0626002723718315,0.3707859,0.16142696,85
011550,2017,9.950545133316075,0.2768743767904908,2.2157024594668866,0.15037914,0.031865787,196
011550,2018,9.992099118456935,0.2985440228463547,2.2324390871292996,0.15723707,0.026531262,210
011554,2017,9.196016360400334,0.28267948519150254,2.3570802185452635,0.16411915,0.052892197,209
011554,2018,9.20770307235675,0.3400946454038636,2.174948590182524,0.1632262,0.037653767,222
011566,2017,8.026951850158692,0.3103793247186328,3.2249292333614155,0.32580078,0.056962956,166
011566,2018,7.980847575125476,0.20063212862443314,2.9659317139959427,0.32732877,0.041441422,221
011580,2017,8.46314375498781,0.21046900938628108,3.454123574522945,0.22851516,0.047410764,229
011580,2018,8.512650348312203,0.28818205009221376,3.2360212963492714,0.28505474,0.04390384,209
011584,2017,8.680942573097143,0.03155768745266347,2.3380688169908694,0.4336099,0.02117436,230
011584,2018,8.743864525580712,0.032460732984293195,2.5028282442138865,0.40537724,0.02703471,229
011600,2017,7.945609323365061,0.2856425788975229,3.072755121254635,0.28182802,0.04135685,231
011600,2018,7.546275995257912,0.23831326798353988,2.2781192571152222,0.29978138,0.056203246,216
011657,2017,6.078547109063902,0.2713549980423456,3.654743938696035,0.28957996,0.04185711,201
011657,2018,6.028241507497543,0.2704062119719534,3.2884396370696147,0.26814076,0.056559782,148
011670,2018,8.291558539886736,0.6003459091085096,2.52327072661734,0.37702906,0.030708756,116
011672,2017,10.828573153519116,0.17445734692984746,9.797718606245274,0.2216232,0.017403932,230
011672,2018,11.010902824171485,0.1728932700052471,11.989549311235617,0.21860634,0.028081013,229
011687,2017,9.21438732799176,0.005777818006275646,1.411577612821594,0.24505293,0.04084793,231
011687,2018,8.941277214745087,0.010531521833997614,1.0896962293211636,0.24859385,0.03804255,230
011721,2017,8.730944456173592,0.1584459393202455,2.6833548669498133,0.273371,0.025302604,232
011721,2018,8.547860125084368,0.15450870764232558,2.0512074955241695,0.3130393,0.022507068,230
011745,2017,7.736652582712595,0.0,6.668116165614885,0.3745169,0.030845666,231
011745,2018,7.977961611626062,0.0,8.145448882507564,0.41353646,0.03880799,230
011756,2018,7.187929235943596,0.33214991910839475,1.1004157658406786,0.22326647,0.052680343,196
011770,2017,8.347760866434676,0.05061926576437949,1.5565558184612933,0.2846741,0.040915653,229
011770,2018,7.983651104855699,0.04896605564251094,0.9718404171801831,0.28395513,0.046689395,230
011796,2017,8.086010195302443,0.05278170719071996,4.9769818229170655,0.2817971,0.047335107,231
011796,2018,7.415003391077615,0.23597528083203298,2.3514379367225717,0.3734793,0.052963294,230
011811,2017,8.992424011315558,0.02619247804415528,7.792179853514992,0.16218111,0.03185538,188
011811,2018,9.216323592758437,0.0,7.941102943730326,0.17795059,0.041266732,230
011842,2017,8.264166967420113,0.05404382436008038,1.2614849518150038,0.24154283,0.020016123,200
011842,2018,8.087722521644151,0.06263096858554953,0.9234133861797892,0.25788695,0.024640648,84
011854,2017,6.936154185503674,0.16078931840938349,2.0209241431060527,0.35362282,0.10348689,168
011854,2018,7.0764799405312875,0.13301399303873565,1.6875183891660726,0.3993863,0.107292525,219
011861,2017,7.995421942255751,0.06697660633107502,1.277114432956857,0.21884097,0.034339324,230
011861,2018,7.987221200168482,0.04565276284583591,0.9370676106411087,0.25931314,0.054066066,229
011896,2017,7.810448044140844,0.013864408542356738,1.3224674535652274,0.23972662,0.034191262,130
011922,2017,4.830390299753325,0.2042461273838215,0.9355918227108744,0.448657,0.060160227,93
011922,2018,5.934576605510648,0.17453913111438926,2.5754124695009746,0.62421244,0.03807003,226
011923,2017,10.256680360871531,0.36941025519175025,2.6619401645474943,0.30493858,0.017808033,231
011923,2018,9.973726793648332,0.3831484049930652,2.5253408662900187,0.341679,0.02057669,230
011925,2017,7.009651830035961,0.35164306718720806,0.20986261033353606,0.5923723,0.035654604,231
011925,2018,6.471728298325572,0.4185034241515013,0.1520278117197733,0.58140177,0.040558428,230
012010,2018,7.990177208251519,1.163148542177752,-0.7204824011686587,1.0482159,0.037445687,230
012081,2018,5.324904183999106,0.6222370863481851,1.1653589037986893,0.24705243,0.056419395,122
012123,2017,7.843143095197919,0.12775726724650457,3.805631680423904,0.3190874,0.024172423,230
012123,2018,7.1411854847844,0.2576176997815995,1.8222943231352835,0.3785197,0.024720833,229
012124,2017,11.449143189966453,0.19629743123725393,1.3622704024916146,0.23902227,0.037173156,231
012124,2018,11.118373884830534,0.19146697659487472,0.9396623239829349,0.26035708,0.024493737,230
012138,2017,10.155004630337789,0.0,4.415819179657991,0.20292833,0.031243565,231
012138,2018,9.997821350380137,0.0,3.5887415835279133,0.23654301,0.036785714,230
012140,2017,8.798420880577899,0.3931972610766135,2.064708226974717,0.19450907,0.035267945,109
012140,2018,8.966299872414977,0.4013187698689,2.224621009441329,0.1682833,0.03649284,180
012141,2017,13.183105526431815,0.3254979550865666,7.339177832417051,0.19561006,0.032557182,188
012141,2018,13.537156801172136,0.3165371183088144,9.151925457578761,0.22359061,0.016533326,230
012142,2017,12.137471697231295,0.40890546683762674,4.083887503827144,0.21959434,0.0139758615,232
012142,2018,12.043350165905714,0.47533322907946907,7.801946293321092,0.23708378,0.036049716,231
012151,2017,9.5489962227757,0.30726621193709475,1.5062861927920381,0.32990786,0.0343729,188
012151,2018,9.267180901963082,0.3228164134651925,1.1960710532560426,0.3722056,0.04570258,230
012171,2017,8.249706803643983,0.11896714645074749,1.3097772439561703,0.31775823,0.02386023,230
012171,2018,8.169781553132545,0.10014621278996921,1.2028959489880386,0.3490172,0.041204784,229
012181,2017,7.3660255660042475,0.13348683759258337,2.6732173213331802,0.3385911,0.040354617,231
012181,2018,7.7476756697825255,0.0,3.762675415226263,0.34065422,0.055904105,230
012215,2017,8.588179530625439,0.2704267680694364,2.954982890512492,0.36553258,0.024654828,231
012215,2018,8.433304810611752,0.2367138116789843,2.1730848206816167,0.35935393,0.02293039,230
012250,2017,6.1127962786881085,0.39643251048436356,0.571468748892747,0.68625283,0.0070125135,231
012250,2018,6.264693290347748,0.22283465437756655,0.704047156986828,0.52100044,0.055129707,230
012262,2017,7.2075598264234735,0.0017705004277304207,1.9682807523130592,0.30729342,0.0499189,230
012262,2018,6.521603663857585,0.06979778060147968,1.1626594649149815,0.37590903,0.054929502,228
012266,2017,7.936877376091594,0.04148250737973806,2.362128940176336,0.29525512,0.04019551,172
012266,2018,7.640534953286713,0.02399803408104808,1.6452672419041505,0.34074223,0.030434445,229
012294,2017,9.577819813546919,0.3561538461538461,1.4695126793528035,0.23840593,0.02640583,231
012294,2018,10.088344517464764,0.5879099170288423,3.586900268336315,0.2306525,0.043113228,230
012379,2017,7.271584728301705,0.49223536705067933,2.4736382625738185,0.3705136,0.054121137,227
012379,2018,7.323322897782672,0.450481100128045,2.442529608142461,0.43661833,0.04687476,227
012384,2017,12.534168581944263,0.1814555253416262,1.4286383302290642,0.16313386,0.028698504,231
012384,2018,12.381260482744633,0.16706162918280335,1.1995912306313745,0.18797481,0.03223438,230
012389,2017,9.053975418453357,0.45998284110818044,4.637302357509203,0.2978003,0.037907604,231
012389,2018,8.602917750143607,0.4582618578646393,3.070849815862801,0.30191907,0.04080816,230
012392,2017,7.9186979740836065,0.43554864088112755,1.5665257005270414,0.35609862,0.030605678,231
012392,2018,7.734219486691968,0.4450615629571761,1.1633897390444647,0.33927202,0.041848376,230
012395,2017,8.887061269958744,0.32171419950292346,1.597309274332549,0.24347723,0.022885012,233
012395,2018,8.501032626073327,0.30510620727623067,1.033538005448932,0.32327315,0.03184868,232
012403,2017,4.811238786511836,0.2796348514387556,0.6787357496354558,0.7706095,0.08879767,214
012403,2018,4.577484654079568,0.03531813458835035,0.5878549542199256,0.89862925,0.068488024,145
012407,2018,3.1939046234755724,0.0,0.9546413749902121,1.2594435,0.14172408,101
012413,2017,6.951427741455775,0.46331850614607645,1.5697449375191588,0.37016416,0.083606906,186
012428,2017,8.309385472774968,0.31576932891043635,1.6812152814569536,0.2014683,0.035436455,121
012428,2018,8.317018279699678,0.27435265104808876,1.63325530726257,0.21303704,0.09098767,129
012432,2017,6.858981229682859,0.17314137151201098,1.1970266516681645,0.6377178,0.043412775,231
012432,2018,5.889244927002722,0.3091583568018144,0.4473630747466389,0.66467917,-0.006833992,230
012433,2017,6.402845621329047,0.20076708423914127,3.55904177845918,0.32098302,0.1301216,169
012433,2018,6.448509575189325,0.17873552472978832,3.6014548107947872,0.42317414,-0.009241726,184
012441,2017,9.32231568206252,0.3980578245223613,11.372903407848781,0.21346991,0.03299498,231
012441,2018,9.347272547378186,0.34122677931085416,13.47917640407308,0.24974707,0.0438495,230
012445,2017,7.859460586001133,0.2747480564353585,3.1243942702050664,0.2272171,0.025303045,218
012445,2018,7.692784624958718,0.1971941706476386,2.4598578256479304,0.2366226,0.04188068,174
012471,2017,7.552278231604472,0.15830917355667704,1.1063813229571984,0.30121663,0.023581846,193
012471,2018,7.268550721992558,0.1162430199580757,0.7901239328008812,0.3999965,0.073442206,215
012482,2017,5.235679970459829,0.0,2.9113800852382794,0.37664652,0.07162221,147
012482,2018,5.212498823303825,0.0,2.665003992740472,0.4491166,0.1032225,159
012485,2017,9.658096786317277,0.6138839935615082,2.848037424596868,0.37627053,0.07399446,184
012485,2018,9.368483710522975,0.6739484856937362,3.190827855854943,0.42900267,0.049263563,230
012540,2017,11.398067941152974,0.1294357780328458,10.537907282015833,0.23974603,0.025545223,230
012540,2018,11.7146391895883,0.21977036000716513,13.068605025531626,0.30810702,0.026823448,230
012544,2017,7.081253776813154,0.2504687874934989,2.0594658189581287,0.2346803,0.030495925,231
012544,2018,6.683423822387747,0.28069422087301166,1.542058972810134,0.24592443,0.04198206,229
012589,2018,8.716656026799921,0.47895652173913045,4.7808680191117725,0.25351587,0.04385778,225
012603,2017,8.323541454663054,0.11996267022648541,0.8498657080969572,0.25069472,0.03691876,231
012603,2018,7.788860501466465,0.12658477471230734,0.7160004034530838,0.27751592,0.04102724,229
012615,2017,6.865140845669509,0.3429584651412962,1.2823275319885774,0.26012453,0.041522637,143
012615,2018,6.360242019112572,0.33033205199296983,0.6762355796717654,0.32578215,0.079429775,137
012625,2017,7.009426909060159,0.0,2.106603044719315,0.30878255,0.118720934,159
012625,2018,6.78198878137965,0.0,1.5310610395969124,0.35255858,0.13009699,179
012635,2017,10.211802348835066,0.4759451841772767,9.96799267667521,0.1681918,0.029981723,231
012635,2018,10.269685879763243,0.5287693127330847,12.579513737461841,0.19240971,0.03720462,230
012673,2017,10.746960249160878,0.06329153052017995,0.5377061391447722,0.26587024,0.028721007,231
012673,2018,10.382689528232946,0.0710625698311769,0.4050754831242804,0.31745088,0.052838303,230
012689,2017,7.911751610817382,0.3996368155207314,1.4167840603100954,0.30499676,0.030387718,230
012689,2018,7.514792539754154,0.27415680198424347,0.8790355688622755,0.3968211,0.018303236,230
012719,2018,5.386366704669586,0.0014642819788725028,2.4884741591468416,0.8499148,0.13398255,60
012726,2017,9.410469497815976,0.0427787437258936,1.2757945075144388,0.2090157,0.030518051,217
012726,2018,8.74887096484011,0.04802054444724576,0.7311196200329398,0.33600694,0.012987542,224
012756,2017,9.868417323395308,0.3008684245525281,2.402818977971948,0.19626407,0.022593098,231
012756,2018,9.988521567500065,0.2814558244572379,2.897507527503264,0.19176307,0.023800684,229
012761,2017,6.51080395057948,0.2299034895074493,2.7974950696079817,0.40152848,0.078690656,99
012761,2018,5.824012912977952,0.25316536156603153,2.5958262170560475,0.6482236,0.37774324,66
012785,2017,8.952381253988026,0.4217896916006844,4.185057048266777,0.31907773,0.03855109,231
012785,2018,8.25879730152436,0.3869687796841179,1.9213091601154344,0.3569801,0.027646247,230
012796,2017,8.226224617663833,0.4128902321153143,3.7084878000865187,0.22002836,0.023434663,193
012796,2018,7.8923304970976496,0.42030347878023216,2.6753423195248764,0.22436343,0.026194641,175
012833,2017,6.650202849047829,0.952920884720312,-26.447941830624465,0.31036755,0.046948906,181
012833,2018,6.570626626967472,1.1214182675758455,-5.294474978304889,0.29582566,0.058100354,143
012840,2017,7.572653189788467,0.0,3.3834663487892525,0.27252477,0.0897221,163
012840,2018,7.312766284001099,0.0,2.434070055132376,0.2971323,0.05255183,201
012850,2017,10.017019198941563,0.07962671759017304,4.68190543091119,0.23971419,0.022266403,231
012850,2018,9.741363340421314,0.06540852715812871,3.4507648483104725,0.2452151,0.029725159,230
012892,2017,7.948233807726675,0.5134228187919463,1.453811607601438,0.22666228,0.038151406,209
012892,2018,7.717645554647689,0.6107808977249436,2.866914987244898,0.2290502,0.026977751,198
012909,2017,9.670196660663613,0.09184321080654251,1.6664790489373693,0.1538775,0.019125389,230
012909,2018,9.576124390040553,0.08169751737083203,1.587599305908947,0.1809804,0.01688278,227
012915,2017,7.042360749578342,0.0,4.433047454093869,0.46943104,0.018879035,231
012915,2018,6.573266226550531,0.0,2.5256148324852323,0.5016457,0.046260253,212
012945,2017,7.537249476866232,0.013244225481256281,1.8292131598467354,0.22191615,0.028181586,190
012945,2018,7.529858224733089,0.09473301314987463,2.022315080286123,0.28797793,0.0303617,226
012964,2017,5.791685745456939,2.06065709345162,-4.162247931994053,0.4070862,0.092101425,219
012964,2018,5.537123614911679,2.173700385231355,-2.944648654916512,0.44260004,0.15893367,90
012972,2017,6.255139490721711,0.49942710635052323,1.018841490021583,0.38097465,0.03356517,212
012972,2018,6.542335063528771,0.4672775823040137,1.1654159962647839,0.40958384,0.027989484,217
013041,2017,8.648207801097865,0.051439926484786916,2.0101390612028696,0.22280815,0.033351026,230
013041,2018,8.21785770492807,0.05072261964728114,1.261392299781314,0.2399841,0.03640357,230
013071,2017,6.177969839860768,0.6617386611183929,7.8299610136452245,0.39939493,0.026749251,110
013071,2018,6.210793010219076,0.570625512696853,3.916342385834697,0.35133314,0.097795874,163
013092,2017,8.006270709626326,0.8799361131078026,-7.730572323932048,0.3014965,0.021681448,232
013092,2018,7.676681728586491,1.260542605814692,-3.6461932164833812,0.29889774,0.009641372,230
013200,2017,6.501380056845814,0.05616902136963972,0.89456406702446,0.34505457,0.06420841,81
013200,2018,6.4830508972643015,0.0,0.8608503944470698,0.4523726,0.07423914,106
013312,2017,11.458826696707908,0.24984188845016495,1.6545086012434944,0.2822027,0.033087093,188
013312,2018,11.798966949618485,0.21491521791540544,2.3944950286012374,0.2572478,0.023976838,230
013323,2017,8.134656616923248,0.0,2.380302297080947,0.27827132,0.04557526,233
013323,2018,7.684516781401381,0.0,1.5667050702035383,0.3502381,0.029362246,232
013341,2017,10.397004562766503,0.0847854846878133,3.528492159227986,0.18476747,0.03413363,231
013341,2018,10.468359673147118,0.09457648953301127,3.4067386399945776,0.22262576,0.034351196,230
013342,2017,7.892832128171072,0.05053127599886538,3.137328906581318,0.25628662,0.03492533,220
013342,2018,8.029540639331008,0.04802314927384773,3.8053682877192805,0.22561605,0.07633614,149
013354,2017,4.87271026356503,0.015938670428250794,0.28659978769508804,0.6101914,0.043552734,124
013406,2017,6.989080671356119,0.2673815564063919,2.5557731591980604,0.3774507,0.03845955,75
013421,2017,9.37551932537137,0.266409753282116,11.924805995135472,0.2426456,0.023909155,231
013421,2018,9.407144235415933,0.1398701478619523,9.449738241432597,0.26091588,0.035055283,230
013453,2017,5.871568906472331,0.0815401327938251,0.6776911469773661,0.3816041,0.03572011,168
013453,2018,5.808812235620724,0.08886968523162378,0.6110575036400511,0.35585558,0.030195292,118
013480,2017,7.821832763430127,0.3463634297173528,5.075121564159427,0.28100923,0.025680972,231
013480,2018,7.170868555177988,0.4340633180359131,2.720593230794969,0.3907028,0.051273562,230
013498,2017,10.760654835270113,0.1714895286674187,1.9462140733399405,0.21211314,0.036203705,230
013498,2018,10.644515912835734,0.18624560741491947,1.716722169946406,0.23705444,0.028484939,230
013526,2017,8.891215151083843,0.4520596945517556,1.583085402827353,0.20532057,0.02785395,186
013526,2018,8.402311369416621,0.4288058959654964,1.0818613440217937,0.28873515,0.024452373,221
013561,2017,6.506774421576334,0.5092908191313908,0.47392985138004246,0.51398396,0.14570181,231
013561,2018,6.686125880759342,0.5079247152055473,0.716007363717605,0.41035342,0.08008233,230
013570,2017,8.925440884541391,0.30653292663171955,5.5254082950568195,0.27662405,0.035656318,231
013570,2018,8.652138192675109,0.41516240012431366,3.4364393950767567,0.30137527,0.030884067,230
013579,2017,8.240092585263207,0.2000297384082163,1.1917510785028032,0.16249634,0.00030572194,69
013579,2018,8.202037339311817,0.07771331595469773,1.1909027144432351,0.18417025,-0.021122538,75
013580,2017,6.938901025245157,0.47562896932294985,4.899463100954117,0.2021232,0.032377977,204
013580,2018,6.737741734890289,0.531429067546449,4.247789084134736,0.23201057,0.08215053,167
013599,2017,11.280243416487716,0.525463654158787,11.449291720849589,0.26650456,0.021117557,231
013599,2018,10.711654354036702,0.5571871476888388,7.283852945950333,0.29589757,0.042319044,230
013602,2017,5.900038987387567,0.33360258481421645,1.5841851281272374,0.3651062,0.04644417,206
013602,2018,6.49758303467069,0.3094538130758392,2.548043277907914,0.42464975,0.026818193,227
013619,2017,9.465965150115439,0.0,18.72694967832882,0.33543646,0.034780838,231
013619,2018,9.463949310188008,0.0,13.754739158278987,0.42115214,0.049448304,229
013623,2017,7.262047906457107,0.347391419930322,2.2570477422747026,0.26813793,0.08813908,199
013623,2018,7.4989109291416876,0.32032125322648264,2.7270968034185454,0.28272352,0.057316344,184
013646,2017,9.493858160822121,0.1614637625500631,4.106490072369642,0.26118872,0.02693166,230
013646,2018,9.28551231362785,0.16564785299081192,3.4582328222236476,0.30521128,0.029295988,229
013664,2017,8.449415741005753,0.1259259259259259,1.476253421800948,0.26111475,0.061097335,180
013664,2018,8.385621285742607,0.2637882408852185,1.0201200105279742,0.29195586,0.0489227,213
013700,2017,9.611144233333382,0.15534242614101884,2.2565851004337776,0.22261842,0.036928445,227
013700,2018,9.02374931381865,0.18014274202831818,1.6203218058620215,0.30118042,0.03286468,230
013709,2017,9.126838321001673,0.3454608345649508,1.8015848021934975,0.20821838,0.05456551,162
013709,2018,9.298641617394411,0.31197640622328604,1.673023629958646,0.23079787,0.08524348,225
013710,2017,8.205975355699128,0.8044511105975848,44.1585056542811,0.18323253,0.027572831,223
013710,2018,7.891883035943417,0.8188824824632951,82.53569842053307,0.2343449,0.038831517,227
013721,2017,10.463697598151189,0.5768693221523409,19.785765649717515,0.18664952,0.03160104,231
013721,2018,10.621857290119134,0.5978472673285701,18.77424873226545,0.21906427,0.03197969,230
013782,2017,7.208199295303157,0.5435184445203819,1.7826490943915774,0.2694236,0.050407134,153
013786,2017,7.06426565824181,0.0,8.91763436432406,0.7678219,0.057190973,231
013786,2018,7.614723290337148,0.0,5.4782622649665,0.5788662,0.047035366,230
013800,2017,6.6521623968709465,0.15053119314366592,1.6487319284097852,0.31254473,0.041972943,229
013824,2017,8.354472241513715,0.36858364791895637,9.96195289037059,0.20889404,0.03232414,232
013824,2018,8.799567942420325,0.4214427936408784,25.143905671179997,0.23829207,0.0518765,230
013839,2017,7.363061427467288,0.0,2.89366887883949,0.32416973,0.03302326,231
013839,2018,7.145954963733051,0.24521263204700236,1.9411200088110174,0.36956805,0.023950307,224
013861,2017,6.216021499100695,0.06928802290146828,3.480178489511656,0.47617322,0.048842326,200
013861,2018,5.66587234764293,0.17953835298861,1.9736642363697239,0.52619773,0.057162866,91
013963,2017,8.008727680391853,0.8990919069652588,-7.2649206728852755,0.19708419,0.047811456,120
013963,2018,7.223370767917439,0.8949296032795011,-2.5017433342030695,0.3772885,0.09385665,97
013971,2017,8.531544418164819,0.3562788809263238,3.379794224808165,0.33359975,0.036411554,231
013971,2018,8.22195160705133,0.2741669069574543,2.462762502704781,0.3306085,0.033430263,230
013988,2017,11.143451189514467,0.015805223739487163,4.392941533816425,0.2541651,0.035679866,231
013988,2018,10.9211734279418,0.023171727120027522,3.0953567886110647,0.26773992,0.044229064,230
014027,2017,8.026939245556413,0.4385555918274847,2.577300997641815,0.2363,0.029763237,229
014027,2018,7.921553574643118,0.4186427543274106,2.356089175862316,0.26778767,0.041142948,220
014084,2017,7.590159232179541,0.3776967054021531,3.4726916043021014,0.23993936,0.020310521,151
014084,2018,7.608059973317605,0.36933001032445884,3.3281614343848562,0.2563979,0.008784126,134
014113,2017,5.769501548666924,0.0,5.21720297029703,0.5273397,0.043829363,194
014113,2018,5.589586933738414,0.003971686983877311,2.8054704698408703,0.51340246,0.077462696,181
014140,2017,11.566754788934656,0.1509141073621142,0.9290087429801727,0.26694006,0.048007138,191
014140,2018,11.193869952817803,0.16900150844381975,0.6580638432254214,0.28463686,0.047453888,150
014172,2017,8.050557643810265,0.04686996320040445,1.4061632651779914,0.26604718,-0.007598875,120
014172,2018,7.876429072831386,0.03577616101071107,1.1721302578381214,0.259869,0.05666567,112
014225,2017,9.663223686407006,0.1415564336024738,7.500789966140492,0.25804052,0.028920265,231
014225,2018,9.612454242956794,0.14963119072708114,6.4922984235897,0.27688757,0.037442826,230
014253,2017,7.3611268275576105,0.0,2.66605349697326,0.30324027,0.01125462,158
014253,2018,7.305407546176991,0.0,2.417719557303469,0.28479174,0.059604757,134
014256,2017,9.449573689971603,0.32551469476501527,5.766914877872278,0.23765585,0.030858953,188
014256,2018,9.70176481854212,0.22265155975622936,8.465529866282743,0.2653527,0.02084723,230
014269,2017,8.625752664947958,0.7480570619322303,-16.65179563788467,0.34127238,0.09717881,231
014269,2018,9.038134676888864,0.6362104810380672,-11.636798451755599,0.2859015,0.06433936,230
014275,2017,9.547479631802233,0.08170159008081372,2.051658449151553,0.21348462,0.029737884,231
014275,2018,9.570109390326115,0.0647576915420687,1.8519509931599216,0.22165488,0.027234474,230
014282,2017,10.19766572953786,0.35401193534521536,6.727269537320166,0.16583756,0.028809937,231
014282,2018,10.093465970607202,0.2793855588408048,6.0205302464525765,0.18888132,0.03249755,230
014304,2017,8.301939168266188,0.4269129635807283,4.85017405217475,0.43965092,0.14192425,141
014304,2018,6.053071932912477,0.5486755788469808,0.9584376365840142,1.2399089,-0.0035961736,230
014309,2017,7.213374195120218,0.04655220295922198,3.1328667568278643,0.30341327,0.03398614,182
014309,2018,7.6293527544124045,0.02866234466638387,4.597152725493569,0.3210497,0.018144812,210
014311,2017,8.964525411718872,0.28005824715423683,8.394347341677587,0.30302185,0.05356416,231
014311,2018,8.448709875797926,0.45965238071572384,5.3851954118440855,0.32816616,0.03743624,230
014320,2017,7.293430288515637,0.7343433530093094,89.74775173928964,0.5838855,0.03523379,231
014320,2018,8.003984149564591,0.7291320922212162,156.44841923680085,0.7012144,0.12320922,230
014353,2017,9.535321123676143,0.29903290892645934,2.361781580204778,0.17776297,0.03167569,141
014353,2018,9.498078478858005,0.2988075429839157,2.354596588380717,0.18719728,0.014728775,131
014359,2017,10.28933375057107,0.13427042286655297,2.609292943941813,0.3092435,0.018928891,231
014359,2018,10.012005958405958,0.12757638384628275,1.8406827247956405,0.33763412,0.02556515,230
014369,2017,8.070452861095662,0.23709983920479466,0.8698803372314388,0.27080753,0.032375995,140
014369,2018,8.405013925273858,0.22064888644487213,1.1016563963519843,0.31472433,0.042656425,226
014370,2017,9.027975270634178,0.0538182718717637,3.0029804569534035,0.24329922,0.024393827,231
014370,2018,8.278105606847676,0.12034320054461373,1.4997636481389767,0.30505896,0.032773722,230
014412,2017,7.903610770484702,0.27515987234181766,4.389164579127855,0.30081972,0.031532586,231
014412,2018,7.518514802121693,0.3416719720589285,4.173276732851617,0.3093877,0.02773365,230
014418,2017,9.847338045813485,0.4372912021045312,2.4837541030379424,0.28890058,0.029798927,231
014418,2018,9.456939853455403,0.499425766481591,1.9650044078244142,0.34048265,0.013980067,230
014477,2017,10.529301467629466,0.4009345366255898,6.212883103505566,0.15019591,0.020341385,231
014477,2018,10.538217363957306,0.4235761589403973,6.012788393625498,0.15564802,0.018718429,230
014489,2018,10.461279106138859,0.44000178858880346,-6.060053772766695,0.32548907,0.036959007,79
014535,2017,7.151413486392787,0.3228943418979051,1.361908602523555,0.36359876,0.04500823,198
014535,2018,7.145936476019069,0.321945709536018,1.3701004680591475,0.36599615,0.092912264,217
014538,2017,9.866416327576996,0.4082560362529208,1.4038570804195805,0.42983708,0.025857337,231
014538,2018,9.729598343358372,0.4399914308784998,1.1428435438906643,0.41181442,0.036752656,230
014563,2017,6.8349083114278155,0.3973955041717158,1.6883975041132009,0.3726655,0.050717518,143
014563,2018,6.523134725763263,0.5395753985225752,1.1707515105025723,0.3767378,0.054121133,215
014590,2017,10.220270069772537,0.3137365288724465,3.4416547574276044,0.3940468,0.018508546,231
014590,2018,9.61174324034955,0.263501989766913,1.524718309859155,0.4174385,0.013781987,230
014592,2017,7.790022975939752,0.0,1.565464740371222,0.19598353,0.030113775,130
014592,2018,7.877762898767002,0.0,1.7703782875420202,0.21220095,0.03586862,142
014597,2017,3.962590636585811,0.053136229990199284,1.2669444979764888,0.6011838,0.046936415,150
014603,2017,5.319974302961675,0.0,3.666905231807091,0.7662658,0.064504184,83
014603,2018,5.594307729372812,0.001186300146693029,5.06711340594731,0.73051333,0.15790771,89
014605,2017,10.03202316701569,0.18564423079287323,1.7708182366750107,0.22376373,0.03383696,229
014605,2018,9.522752236814963,0.16637682122372,1.1429683881750992,0.29070494,0.09117403,228
014790,2017,7.632859936060977,0.3363485764587123,1.3095601604490035,0.28967488,0.024089377,231
014790,2018,7.242826935248426,0.3876654705021187,0.8124576479510447,0.33485454,0.032845248,230
014822,2017,9.071830866224746,0.10276866377774048,1.608944053455112,0.16614181,0.02932931,225
014822,2018,9.106836394107304,0.09407684623101957,1.6581411222926117,0.1741873,0.018482234,226
014824,2017,9.416338417964875,0.03731172457995697,1.4906597149096203,0.16429897,0.03210793,222
014824,2018,9.442031691606473,0.037291999088215184,1.609511689008043,0.19019361,0.034066025,230
014828,2017,8.658055366574143,0.05017651454634473,1.2161345826379057,0.17798723,0.019126657,169
014828,2018,8.736625472478654,0.050338643666147535,1.2099894193774048,0.19200477,0.039869916,165
014891,2017,7.163446063696903,0.10062081821510602,7.653552860851321,0.37205842,0.024006931,231
014891,2018,6.868634752809973,0.11381399968333022,4.773873717340906,0.37186992,0.048863113,230
014894,2017,11.214681035233973,0.2260010145323396,0.8905581546104738,0.17910244,0.020652566,231
014894,2018,10.809825536522194,0.340781809337308,0.7089132609691832,0.24988599,0.023728225,229
014898,2017,6.899646330144035,0.007892823529936527,1.6028398297498279,0.52770627,0.11284311,231
014898,2018,7.070477415831899,0.03801257398599231,2.0345310346854686,0.5607841,0.10336858,230
014924,2017,6.155420674591788,0.0,1.9285844948804622,0.42197138,0.025232378,174
014924,2018,5.803516672228666,2.829236703373393e-05,1.4544811335243604,0.32358098,0.03356709,66
014934,2017,9.986679143422892,0.34029959326741843,2.348714069591528,0.34114936,0.022967288,231
014934,2018,9.224539091375993,0.29566595113973215,1.104180274330503,0.3807812,0.022540897,230
014954,2017,6.830916663551676,0.23076603851139849,3.4290766325378166,0.24483044,0.03156911,227
014954,2018,6.937599147384579,0.23302069340497666,3.7212718788150227,0.2589895,0.040064726,232
015037,2017,9.312536644492804,0.1026516024902006,0.7808804582628314,0.31769574,-0.012556861,231
015037,2018,9.048032479032157,0.15895561973242175,0.860941164556962,0.32169947,-0.010052954,230
015044,2017,10.143160930391575,0.23241286778735762,16.082791000813103,0.35661188,0.034126353,230
015044,2018,10.604332517980298,0.17611098210278103,20.582227893396894,0.37471822,0.02949613,229
015055,2017,10.913756367913617,0.2786223888881368,1.7352789144788803,0.2752545,0.03444789,231
015055,2018,10.58633499341675,0.2722508699115415,1.238197436667292,0.27671164,0.056687713,230
015070,2017,11.234947692448424,0.15481484792276579,1.6687165998281297,0.2233245,0.028576137,231
015070,2018,11.009015455126807,0.1603054287277152,1.3729434137029883,0.23520452,0.048690867,230
015093,2017,7.800892013989444,0.23723512048988943,1.9592396535129935,0.48876667,-0.009931289,231
015117,2017,8.11857061966974,0.5398044880602753,2.2619406259287937,0.21925542,0.047382977,228
015212,2017,6.697202443397333,0.6393274748848228,4.728320502868616,0.22905435,0.031172618,138
015212,2018,6.189755905099492,0.684517176862509,4.396591095526128,0.2779336,0.029604977,155
015247,2017,10.593619320806706,0.17444874197535787,1.8134493738347506,0.2310914,0.03966225,231
015247,2018,10.35160488614955,0.17687169773701525,1.4449276360363688,0.28186908,0.031113856,230
015252,2017,7.1091577975055475,0.2933410762679055,2.2482941803610164,0.27651602,0.10128564,77
015252,2018,7.12484785602107,0.2667466288663541,2.002512885808687,0.30718324,0.10905502,61
015267,2017,9.222398102484181,0.252612344644767,5.365004956157881,0.17798103,0.02999107,230
015267,2018,9.168458000872004,0.2442055041413622,4.807797788072033,0.20161824,0.036090028,228
015343,2017,7.624720689971765,0.33979789012500633,3.922936502008193,0.23647855,0.046418946,124
015343,2018,7.188852277346955,0.3574877569185184,2.4155513571475464,0.2770643,0.036699433,122
015350,2017,6.064110737092836,0.0,547.9490445859872,0.2970448,0.40343457,181
015350,2018,6.137934376006086,0.0,669.21387283237,0.38465315,0.3060215,167
015363,2017,8.165993090280626,0.05204302778708729,1.4682137946111202,0.2662088,0.036979657,194
015363,2018,8.069298318893184,0.05940181636728905,1.3488961869943792,0.2513404,0.04786874,169
015396,2017,6.692903691616262,0.49859875715852325,1.336416749502982,0.3234841,0.05161356,201
015396,2018,6.198184526881325,0.48996356000247043,0.8266475294117646,0.31063223,0.04291148,168
015414,2017,8.386931874831685,0.22061789774094656,4.622162175254074,0.22205718,0.053212475,115
015414,2018,8.624091172568049,0.21277904496730485,5.156431008070907,0.1965823,0.044622865,208
015417,2017,8.868819072261518,0.14895755582813547,2.7517272821958736,0.18693353,0.033592712,65
015417,2018,8.949664653512157,0.21782961869239137,2.567949628203727,0.17127869,0.028425341,122
015420,2017,7.431238061883436,0.0,3.500500843033927,0.4429999,0.016788239,230
015420,2018,7.112777221296867,0.0,2.926303192693968,0.48689637,0.018898174,229
015459,2017,6.4519328593703795,0.20112657345155693,1.8439885973587757,0.3558037,0.04386556,186
015459,2018,6.265626939150782,0.14348865450052517,1.4827701299396658,0.39699063,0.061346,222
015509,2017,12.231831279961206,0.05520842296941316,1.2215395892857144,0.16890104,0.02854899,231
015509,2018,12.009346335425432,0.07454759816177793,1.0024229228244024,0.17993464,0.03179287,230
015520,2017,8.07104670390105,0.1178505377080622,1.2802824225938074,0.4854613,0.043691926,230
015520,2018,7.1422612330135395,0.1469650007918373,1.0521671105193078,0.58134973,0.019380743,229
015539,2017,6.2148958570157165,0.3615560361152855,6.063967360993234,0.7722368,-0.01988411,231
015539,2018,5.108902733259177,0.7627085332054152,3.478260330404809,0.8005141,0.062127233,225
015576,2017,10.579580890956041,0.08492526079011867,0.4820958865913068,0.31989312,0.026275026,231
015576,2018,9.731111159255258,0.08422066881097341,0.218893243557685,0.37281847,0.04735818,230
015580,2017,11.067007907801473,0.00708729107359283,1.5960426604178093,0.15429881,0.019363075,229
015580,2018,11.049766388638464,0.008761730538674604,1.520507693237007,0.15103838,0.038457938,218
015581,2017,10.81754347468223,0.06611424042571258,1.706285802038443,0.16450156,0.031761527,233
015581,2018,10.826557625460467,0.059686919589548804,1.5397827865292264,0.16209924,0.045025375,231
015582,2017,11.511645055195382,0.038126329521355924,1.8009889450715908,0.1613733,0.025221735,215
015582,2018,11.370088373466977,0.03376588518897979,1.420115460978966,0.16123278,0.03873372,191
015617,2017,11.180444851451142,0.07996421679639672,1.1834408247797499,0.2036901,0.035703752,231
015617,2018,10.632814514800472,0.08812103311321869,0.71123856931903,0.24122787,0.04083075,230
015633,2017,11.894898143888039,0.007639013136793989,2.1733298541889168,0.15392204,0.026781324,233
015633,2018,11.835075052390248,0.006841063462832295,1.8763476245377422,0.15083978,0.032866552,225
015706,2017,11.812409598308948,0.007449599099292804,1.9424430079041708,0.14838284,0.019401694,233
015706,2018,11.802012167966478,0.006547292200257247,1.803189177144246,0.14991687,0.038007904,232
015782,2017,11.085773742568362,0.01910754343454814,2.9974338771248177,0.2095992,0.080635935,129
015782,2018,10.728433578790057,0.0219976596625532,2.075848864696181,0.2605978,0.057702884,149
015803,2017,4.066463471834646,0.7000341165703641,3.906161467398581,0.6798692,0.12325177,152
015929,2017,11.119507084037119,0.11289740527394161,1.0197946526866115,0.2574052,0.049735274,230
015929,2018,10.726449515673906,0.13782381600756272,0.7157805915952737,0.30470508,0.07610001,141
016066,2018,5.279501452290396,0.5411319544210448,0.7584892973215286,0.3364787,0.0564897,68
016101,2017,11.944545459180018,0.4372757324894753,30.208944282911514,0.22443989,0.036428336,231
016101,2018,11.822854121116453,0.5897358134519477,-16.141698385034335,0.27019396,0.029538741,230
016113,2017,7.597541066384831,0.23786395589825063,18.17499908819024,0.27522084,0.040949553,189
016113,2018,7.086327992636356,0.18545764421488323,8.867714588772845,0.3031222,0.093466215,132
016116,2017,8.652265046419096,0.5153869344402959,3.339223490285314,0.25293043,0.03673869,231
016116,2018,8.653198088405038,0.496861868573983,2.5734220664869722,0.25183332,0.050981883,230
016188,2017,9.26971132545523,0.0,9.687916242526383,0.35075292,0.031008717,231
016188,2018,8.795674476137206,0.0,5.81857190800722,0.38569382,0.037729487,230
016245,2017,8.757410316211164,0.025350141946397804,1.1402177266042541,0.1980565,0.033283353,231
016245,2018,8.585565342296006,0.020468990523692856,0.8511905942955259,0.21518998,0.04285742,230
016269,2017,6.796618110546857,0.0011603094566751471,2.966149113618584,0.4189064,0.07871377,220
016269,2018,7.413063731107809,0.0007073416266926106,4.2102746145971714,0.460769,0.09994565,230
016384,2017,9.04876205995905,0.018738878004062338,0.8500348696173443,0.26835802,0.051050942,230
016384,2018,8.709507474204278,0.02376488537774273,0.7378859028369658,0.2900373,0.045071207,230
016401,2017,7.830995725548303,0.0,2.1669743692155135,0.38210478,0.023157831,231
016401,2018,7.816092376397479,0.0,2.1751515295025605,0.39289972,0.037136797,229
016453,2017,8.273064116259507,0.0,6.992337323157942,0.23412189,0.122710645,94
016453,2018,7.986990352853336,0.0,4.612686255974691,0.3576455,0.10310844,129
016477,2017,9.377037233150327,0.16336148804192233,2.846394612697266,0.24157625,0.026052117,231
016477,2018,8.953227387372042,0.16731748946184283,1.8408380508010571,0.28770915,0.032015096,230
016478,2017,11.041696334224188,0.20215265753000747,3.8335937173073256,0.24273519,0.033877056,231
016478,2018,10.831386761165527,0.15235742272003389,2.6122348032357463,0.28969595,0.037453428,230
016486,2017,7.339136251203368,0.2727189578351822,2.28209055235424,0.3489841,0.04000504,231
016486,2018,6.827856348472169,0.2917625824665075,1.372618757341025,0.35181075,0.045174785,230
016549,2018,7.4390075999780345,0.008075798057342588,2.3801019587211996,0.25182295,0.15166458,148
016582,2017,9.76138265220231,0.21831980232968584,2.0896790256533784,0.25673455,0.03214525,228
016582,2018,10.261202030971601,0.16682783174365962,1.1709783009211876,0.24974354,0.019941395,230
016597,2018,6.799855720459114,0.4030178599201202,3.4733737526938717,0.49917954,0.17489035,102
016648,2018,7.6606301898597895,0.5150072272765921,2.329231991223258,0.23552918,0.054630104,87
016653,2017,7.609033314370007,0.29894174451379174,1.2632708003235351,0.28900197,0.032543518,194
016653,2018,7.493405997707815,0.3357309921414258,0.7436921785100316,0.3171524,0.046865515,196
016700,2018,6.148873982846345,0.6733022031484625,0.9932071397053833,0.52593184,0.0550224,178
016705,2017,6.797511660359377,0.016498900725286588,1.7911924337664569,0.26305395,0.020796783,126
016710,2017,5.640674396613577,0.0,0.8825251297220064,0.37893513,0.16801488,91
016721,2017,10.522565574035267,0.11556383970177074,8.083634124047878,0.2980707,0.019207817,231
016721,2018,10.318791249611005,0.1109746566930892,5.683101558806977,0.35869652,0.02169114,229
016738,2017,7.044910522520167,0.29653482166226985,1.4424249207425117,0.41424942,0.09501143,142
016738,2018,6.998500217548655,0.3028502791845215,1.4248958059520864,0.5260514,0.17204264,75
016745,2017,7.274290816084365,0.07202279133397403,3.543140089737198,0.7687491,-0.028138867,231
016745,2018,6.017617556214693,0.06181284533155839,1.2712128248472128,0.5796843,0.03210818,228
016775,2017,5.908361975321401,0.0,1.6468961536912843,0.41965225,0.26008543,197
016777,2018,6.878139530119165,0.01766830669788933,1.2703224160265887,0.29041216,0.026313834,83
016781,2017,6.960107149879818,0.003991742091111423,2.0969786689538656,0.23171936,0.035905994,66
016781,2018,7.0201482141114715,0.0008273096697864793,1.8625491041407274,0.23382916,0.049803697,93
016790,2017,7.910190679028988,0.011621319465731042,1.6662905923323637,0.24258177,0.043386776,163
016790,2018,8.002473796753984,0.009419460852177677,1.7437104931021021,0.23227422,0.082615085,146
016821,2017,7.005805156929274,0.08389303618516454,0.6017577808535003,0.4106083,0.08585167,213
016821,2018,7.532741920142085,0.06690455497383482,0.930111022602808,0.29219738,0.083547905,213
016832,2017,8.030310543235435,0.029618242657460596,2.5625935464285687,0.26176924,0.11333508,125
016832,2018,8.116345896776629,0.025016499547191016,2.2091584281863557,0.2482826,0.071207166,128
016845,2017,7.634136770662288,0.04081514789786536,1.5863770411052238,0.2335076,0.12016114,68
016845,2018,7.433208101766008,0.03436982913823725,1.2010386078039392,0.28123438,0.014037312,134
016889,2017,7.55871625365851,0.013430290834145734,2.0315365714885107,0.2538461,0.034360074,174
016890,2017,6.167128365262869,0.019183287892720717,1.7997565422201087,0.24691652,0.04831781,143
016890,2018,6.20587326055803,0.016385444583976113,1.4621249933627143,0.2669968,0.062996015,108
016981,2017,6.023694051691701,0.025227607519276374,0.5371187624088717,0.41073936,0.078254625,140
016981,2018,6.738506981521075,0.04893100049944162,0.9299709542151636,0.3690572,0.040086336,228
017012,2017,4.908602568531104,0.016157388028463792,1.8009812655400281,0.48368493,0.15256916,209
017012,2018,4.6772031782879,0.017558765222316624,1.7119726005575469,0.595738,0.14392288,216
017035,2017,7.991910932240959,0.072791901238169,1.678757751703629,0.2150128,0.032808375,202
017035,2018,7.95914716076691,0.06841231868574969,1.7689681050192747,0.25192633,0.03768865,225
017074,2017,7.270306553421535,0.050507960193101054,1.1721304441807068,0.24232067,0.016953902,78
017095,2017,7.883483292769484,0.04899667159332657,1.2314805488496317,0.247247,0.12526798,92
017095,2018,7.8999588732153025,0.07779395578007074,1.002826251036411,0.28141445,0.03388758,139
017101,2017,6.744638123524065,0.5215355169745755,-47.47089466331378,0.8149619,0.07847674,231
017101,2018,6.575243190612563,0.4211814571688768,65.3590958804229,1.0879304,0.031461667,230
017106,2017,6.389090677221367,0.03898750476730791,1.2981364698904474,0.22722688,0.05522738,86
017115,2017,8.141381007333615,0.057141734570960175,2.004519961680299,0.2518687,0.047342274,138
017115,2018,8.186562436868646,0.05528165237366946,2.004882269357887,0.2598547,0.11272592,151
017120,2017,9.421511575898938,0.013579990981845032,2.9549865364210453,0.3114835,0.03266064,231
017120,2018,9.209052855482426,0.012234142371363648,1.9520572986756406,0.34356445,0.030235963,230
017145,2018,7.881088506866918,0.040968820584550696,1.3254251072157557,0.2524328,0.076644085,101
017150,2017,8.550232438614254,0.03974955115866284,2.02117856687507,0.25203815,0.060056478,212
017150,2018,8.421442711093864,0.023534791254645228,1.6573007771720218,0.26715034,0.0937614,226
017151,2018,7.602501490410524,0.06063707476069604,1.012317206102403,0.20862791,0.20758371,65
017195,2018,7.750203834760284,0.029515624173319436,1.1173086959262342,0.33589357,-0.010481843,75
017228,2018,6.784260120168827,0.2961315104198169,0.8772500535982277,0.4884735,0.08831742,200
017239,2017,6.787961999138155,0.6014030569587463,7.193161214991162,0.60305506,0.057068996,151
017248,2017,8.202530322142813,0.04032423806567819,1.126412886163683,0.25471604,0.07299018,150
017248,2018,8.065663787531395,0.027948108147643765,0.9789780521979172,0.2647407,0.10402348,140
017252,2017,7.035019325257162,0.0,1.166784839932893,0.23256038,0.057204757,66
017252,2018,7.238230030878451,0.0,1.5664878570423528,0.25220618,0.036392592,183
017277,2017,6.374539608435322,0.18781476878801753,3.2577735886772126,0.35698852,0.047043335,224
017277,2018,6.633269813677411,0.06792347202341263,2.393267819689994,0.3944955,0.06843142,221
017306,2018,7.407027886921233,0.17368233217754242,0.9962095815009273,0.34261584,0.09689885,87
017341,2017,5.873048060864131,0.21346274757954795,2.4230817489975722,0.29213625,0.061927862,171
017341,2018,5.776250412211894,0.2186776890700791,2.104700784986721,0.2958476,0.05037729,185
017408,2017,6.3043948704375135,0.4208681543157701,0.5678603797913857,0.4913262,0.045972902,167
017408,2018,6.2599355122811176,0.41854730948175717,0.5477748112782821,0.3796703,0.073839955,189
017451,2017,7.554878416130724,0.029389497082318156,1.429649899926498,0.26905447,0.053453777,161
017451,2018,7.244661542828476,0.03453494504802809,0.8718743763356456,0.26413083,0.037508022,174
017454,2017,6.519737821505723,0.5206595254878517,1.060083600281272,0.19109887,0.109221935,114
017454,2018,6.373666862446058,0.5282841469841422,0.9119885185329237,0.18986642,0.065411985,114
017534,2017,5.99284759026273,0.10329954821142795,1.6422188512156124,0.30084383,0.057286248,69
017550,2017,7.594931443453421,0.15559077030108606,2.984672819887675,0.29895374,0.060002808,204
017553,2017,6.083083490856906,0.30506700167504186,10.624532851845569,0.41380814,0.031468496,212
017553,2018,6.211377686254799,0.3149446594403953,12.449103262227109,0.4383855,0.059775803,222
017556,2017,8.888215393066798,0.3982121474385574,0.9790671855154709,0.21267933,0.052232638,106
017556,2018,8.987035777695251,0.4963026444662096,0.6473020765557982,0.22441746,0.08060426,202
017567,2017,5.410411271970894,0.1441801290017161,2.7918683704794467,0.76065147,0.16640085,135
017567,2018,5.68541607349333,0.0,2.921389875225645,0.63464546,0.10645508,64
017626,2018,6.5556368526179805,0.5368442098907682,2.567620668124774,0.29156846,0.21038318,77
017628,2017,5.37970493871655,0.6012489802260984,4.417891832454336,0.7086946,0.065536104,231
017628,2018,3.869472434446719,0.0,-0.6653858971866581,0.81805414,0.10371838,225
017639,2017,8.742353906886184,0.2717187871714048,1.2162210188095537,0.19389881,0.03432463,212
017639,2018,8.680756999837852,0.30915234948560133,1.1212754524278359,0.20181842,0.026948167,174
017653,2018,4.70757938077981,0.497254601917278,5.603625189681336,1.3260857,0.20733209,64
017695,2017,8.624785885908171,0.0,7.38827026245218,0.3521415,0.025841089,231
017695,2018,9.222549535882616,0.0,9.987164372006294,0.39072424,0.035354134,230
017769,2017,7.125331280212851,0.6305055791290621,1.9447606635960852,0.23533612,0.031901743,189
017769,2018,7.0498757422069405,0.5164389467231392,1.4389158656846834,0.24300724,0.031821135,165
017808,2017,6.768194431386068,0.0,3.6951880223137086,0.8611206,0.14212148,231
017808,2018,6.189737369970132,0.0001923767971804095,2.0931294499354105,0.7354023,0.055370215,223
017811,2017,5.478210978267324,0.004561920419041926,2.922904127650743,0.48168233,0.07250564,227
017811,2018,5.737824577565205,0.010456620664486964,3.4626882572123425,0.45474574,0.08270958,216
017812,2017,8.884998848886278,0.5039370078740157,4.926880190995907,0.33165148,0.010291979,230
017812,2018,8.875872280513748,0.5029529884242854,5.587187213114754,0.26034227,0.033109177,229
017874,2017,10.907439990340198,0.4151892634950328,2.4194750906511815,0.25923276,0.02260281,231
017874,2018,10.898218782461978,0.403805817740244,2.187877247350109,0.26197195,0.02133593,230
017878,2017,8.611705722274117,0.3189218820466524,1.1717216369007324,0.18465863,0.028281013,199
017878,2018,8.565024389257738,0.2241097815333325,0.8745009045179211,0.15470013,0.040941663,179
017897,2017,6.9622140036049736,0.0,2.8784445310668554,0.50863117,0.080703504,231
017897,2018,6.767264042736841,0.0,2.352831554805815,0.4235048,0.053852424,226
017928,2017,9.921965282936053,0.4450795884266995,2.5123924035022815,0.23057269,0.03766879,92
017928,2018,10.04079321986656,0.4837021597410085,3.4172736073875485,0.24805494,0.054900434,230
017931,2017,8.06421436153931,0.16305739614746814,9.163936390421663,0.69187367,0.0297343,231
017931,2018,7.17041439228513,0.44784029770792844,14.710052601214919,0.6636267,0.021169785,230
017933,2017,8.758458617176087,0.5474315710536183,4.497734416961131,0.22772603,0.04761339,189
017933,2018,8.561405165935867,0.515208798762674,2.9642764832671578,0.2290126,0.04513786,203
017934,2017,8.081556793134084,0.29937285146778303,4.970484436616904,0.37393236,0.027544519,231
017934,2018,7.98554758141992,0.341750546366884,4.986771396954493,0.32299787,0.035889238,230
017947,2017,8.168667863249372,0.2398604250691077,1.0771842603333535,0.44703045,0.012157485,231
017947,2018,7.969633096700482,0.3285225169143063,1.1182074011059124,0.4197584,0.02141566,230
018003,2017,7.144838026720017,0.6118173613010934,15.472784756045458,0.30055568,0.05897176,128
018004,2017,6.82169977227564,0.4460825280601629,1.2479626186528625,0.32112265,0.07431375,163
018004,2018,6.254742432558232,0.43406003313733366,0.6056552616543261,0.37288094,0.047906775,216
018009,2017,5.24647060323534,0.35778213246369606,4.7344703183824075,0.5049514,0.10939591,142
018009,2018,6.127828963553181,0.39574946800580113,12.434288697822021,0.61371756,0.09389676,225
018036,2017,8.884883598950823,0.6205067096337713,4.382728504101768,0.29954556,0.04086803,231
018036,2018,8.056123183081908,0.6011431949735617,1.794797400681251,0.38241953,0.032966208,230
018043,2017,8.983735687846218,0.01896646509070918,0.7389339883214385,0.23554377,0.04085167,188
018043,2018,9.109052938932702,0.09115379909457971,0.9726329243353782,0.26099652,0.07657793,206
018047,2017,5.374868601502859,0.3110892767487435,6.020788600429436,0.6753896,0.14199916,92
018047,2018,5.7270552504869485,0.25683012462797616,5.828737305669977,0.60088843,0.07851845,201
018049,2017,8.405207734773553,0.019049460597527473,1.0390427983837527,0.24370478,0.07793358,88
018050,2017,7.238771156714616,,2.963037940742727,0.37498656,0.053364307,229
018071,2017,7.735845575216536,0.3163855936397785,1.9392352497134284,0.216379,0.06383482,63
018086,2017,7.574425087215149,0.4201912191035868,0.29864154553817845,0.5427321,0.049608827,231
018086,2018,7.1827465629545895,0.5579693490112436,0.45596896754753574,0.5879778,0.061484434,230
018108,2018,4.236974706212184,0.0,1.265535031730646,0.91039145,0.3312988,81
018145,2017,8.09074106850183,0.3416335625229476,1.3198053350110708,0.21740438,0.013569528,114
018145,2018,7.980751759712826,0.3639170673987903,1.228880998358902,0.19668832,0.046038207,116
018159,2017,7.934292243139687,0.0,7.43371536312626,0.5002325,0.04946108,231
018159,2018,7.895241608160478,0.0,3.904485271338124,0.525093,0.039310794,230
018162,2017,7.456986591551585,0.0,7.077993060635658,0.70435524,0.071021594,231
018162,2018,7.117975685005857,0.0,15.596324477362927,0.7823058,0.0899589,230
018184,2017,7.647570716915897,0.08456537124412437,1.389097031690297,0.29124898,0.121345535,152
018184,2018,7.913631329414357,0.07155725860446983,1.544072134209905,0.45526132,0.06078144,98
018204,2017,6.621281742623001,0.4807952676045402,4.29688794662272,0.41882843,0.14913577,231
018204,2018,6.279519087684898,0.15628280276077325,2.704673557636252,0.40015647,0.075474426,227
018241,2017,7.24105815562663,0.01194643690072667,1.571363014523824,0.23143314,0.06318207,87
018291,2017,6.644817954347029,0.0,4.398792033094357,0.56932336,0.029745009,231
018291,2018,6.145684938791026,0.0,2.2617203060863496,0.4612075,0.046103295,230
018293,2018,7.527848585477867,0.6408235294117646,1.020363062568606,0.43133265,0.025427518,116
018306,2017,8.81180312174717,0.6977307820466303,1.0358786674054985,0.34521273,0.04250463,231
018306,2018,8.731822159530171,0.7497440790011705,0.8829714542917303,0.3049747,0.049334463,230
018312,2017,8.834011927021393,0.4036728139532362,2.4946793970842815,0.24332583,0.052946437,95
018312,2018,8.834319496439912,0.36479425212279554,2.126317745432022,0.25861526,0.03745194,196
018320,2017,7.286898280094748,0.21855722577903552,6.22152553920838,0.31077558,0.043043446,218
018320,2018,7.7126809126097715,0.10819694428072722,6.962936971715883,0.40802878,0.06818175,210
018383,2017,8.645447293606555,0.5978986502621935,1.9544460291546955,0.27800918,0.06186862,174
018383,2018,8.385900071418158,0.5927703765677584,1.5460685293425935,0.2354982,0.03305336,168
018386,2017,7.734050578726723,0.0,-154.4331463332207,0.36005703,0.06355772,208
018430,2017,6.425976481760303,0.0,2.329106416995347,0.6895289,0.11024672,231
018430,2018,5.778078857630918,0.0,1.218748656365152,0.7758497,0.08285061,229
018465,2017,8.701379841175825,0.31452302494710543,0.7376448013610203,0.34828746,0.02679421,231
018465,2018,7.971671790316021,0.35192504071016883,0.3780029006727014,0.394376,0.01809103,230
018468,2017,8.139334432208782,0.3432512241617762,,0.31692973,0.025984237,230
018468,2018,8.07267595914287,0.34077525158404776,,0.30940014,0.036775935,230
018469,2017,7.82090684883889,0.35502328361035007,78.6966148793735,0.52753866,0.06361523,231
018494,2017,6.750766687757595,0.5343845131474455,1.3695141964428776,0.1839219,0.09128284,68
018494,2018,6.707728855931936,0.5909219109330479,1.3141503864396986,0.18759157,0.04785215,82
018498,2017,7.915579292606785,0.36930484646546025,3.7102189864057786,0.25805047,0.053761374,229
018498,2018,7.812978204019347,0.35670111826499484,3.0626570543787937,0.27187076,0.040519122,230
018510,2017,7.560537048271829,0.0,5.25954936380289,0.5314996,0.067945056,231
018510,2018,7.608208976815849,0.0,6.898668833058825,0.68896914,0.07197958,230
018556,2017,7.489848969614026,0.0,4.576721236018842,0.40140206,0.050880075,230
018556,2018,8.096363652630803,0.3727872704477894,7.99376086734172,0.453757,0.0449771,228
018561,2017,6.739710521946921,0.5320303557044135,-21.492359716254352,0.43882048,0.041661087,230
018561,2018,7.288834083582513,0.7447561468947789,-143.3754123408423,0.49166316,0.06384382,230
018562,2017,5.773574018230786,0.14063746533449833,4.167664991060555,0.94079983,0.10775012,68
018562,2018,6.721454640130933,0.058423147696120774,5.1725849712711724,0.75468457,0.09049078,230
018564,2017,6.600736545854867,0.1081715910495735,2.2072901138995906,0.650255,0.21674776,231
018564,2018,5.722500527085529,0.12922628737897351,0.9288176022656142,0.6634511,0.088741876,230
018573,2017,7.917907986154872,0.5060354708130992,3.1296746119847643,0.24125692,0.058032304,206
018573,2018,7.5465028455354615,0.46962807773249815,2.4082459959135876,0.296151,0.086279444,202
018578,2017,6.754958931632485,0.5574451129225063,1.8349916513983107,0.3219191,0.07706531,179
018578,2018,6.3025008368986555,0.5275161653078437,1.1336599739601179,0.2838663,0.045787383,176
018624,2017,7.5336659019753665,0.0025037522389821346,-1.1249478869943386,0.25502926,0.053743687,67
018624,2018,7.559791454512313,0.0030109643735706355,-1.3450309026084324,0.25497028,0.046268456,165
018626,2017,7.400404561371841,0.0,6.213445581692002,0.3982754,0.10895468,231
018626,2018,7.613623759592791,0.0,5.994404289823506,0.40935615,0.04776931,230
018629,2017,7.401905871978989,0.36551247717364327,3.3461646721622715,0.3874173,0.051089507,231
018629,2018,6.934212713844964,0.41955881625799996,1.5653959871513226,0.47256735,0.047252167,230
018630,2017,8.236900708570063,0.0,21.938267848224758,0.38575873,0.045171104,231
018630,2018,8.807087650734385,0.4098639645945662,21.036659036740144,0.42939413,0.054412443,230
018636,2017,11.229012248118126,0.2336384071522026,5.617417964408214,0.1468266,0.02328605,188
018636,2018,11.390284753010581,0.2758875953376249,6.738956366207728,0.15985982,0.020659043,230
018638,2017,4.017964472301132,0.0,3.734236195082628,0.9688142,0.33363208,130
018638,2018,3.831496880927522,0.0,1.7394344104671768,0.89685285,0.2547266,67
018654,2017,5.419718117042263,0.0,1.2620606284162168,0.40813267,0.021528231,133
018658,2017,6.551538801360231,0.0,2.340347816787975,0.666735,0.07342166,230
018658,2018,6.287641250306355,0.0,2.214631685997439,0.6272845,0.0949422,216
018660,2017,6.386502143863804,0.8208163265306122,1.514734693877551,0.63215804,0.16253893,142
018660,2018,5.185764380308706,1.02774455871801,-0.298347245409015,0.8955326,0.002724702,103
018675,2017,9.019264744268737,0.39597430202831385,95.19788323691428,0.33248752,0.027562676,230
018675,2018,9.352661467358852,0.3194504886378546,35.727024108332564,0.32633966,0.05220594,229
018677,2017,7.651125596515397,0.3962296144430987,1.9215252606562754,0.23037122,0.027088895,196
018677,2018,7.509734222039492,0.3832640725349452,1.7437710028653295,0.2857892,0.047178306,198
018683,2017,8.100449721011385,0.4741919922817173,10.079357798165137,0.29876727,0.007939094,230
018683,2018,8.30112455377399,0.45255314486083714,2.712727272727273,0.31086412,0.04098076,229
018689,2017,9.097229925253407,0.0,10.24698052957625,0.3661038,0.021546265,230
018689,2018,9.67680533502144,0.0,12.881029514061414,0.3737084,0.027409764,229
018699,2017,8.778162828458216,0.3018178398091158,7.330785330616781,0.31038287,0.039940473,232
018699,2018,9.435753536967646,0.27619661815130986,14.324902771473228,0.31673646,0.047474857,230
018745,2017,8.360306437282429,0.09295317622705626,2.202599972377342,0.28436318,0.052632876,212
018745,2018,8.11802551877212,0.07100509814217337,1.417917282582828,0.30503622,0.07132566,204
018749,2017,7.699680709541984,0.4452486598960989,16.280673161306503,0.55764806,0.08541794,231
018749,2018,7.403543546292543,0.015085390325704101,7.206973916402553,0.55225694,0.061200928,230
018750,2017,7.450191511216244,0.0014092601057924638,1.9513826040100961,0.4669508,0.026848461,231
018750,2018,7.286011753304821,0.0015590416589705942,1.5468726143673108,0.48853105,0.014121944,230
018774,2017,8.033298973085667,0.8404661541949395,14.975398086463844,0.25625184,0.059314597,188
018792,2017,8.97088525750395,0.5054260577169603,3.2016986088053807,0.16935779,0.041246288,231
018792,2018,8.842342958689823,0.6824267283395823,3.054894215987151,0.16113491,0.05031168,230
018839,2017,5.728475087246572,,2.634442226467791,0.37470427,0.03527405,230
018839,2018,5.269666574440489,0.0,2.0421257525927015,0.38942406,0.107388966,227
018869,2017,7.891116710821317,0.0036937938808471182,236.16852473498236,0.5164429,0.021367647,231
018869,2018,8.40089570678233,0.4012974252737496,29.232271368994848,0.45338312,0.04702008,230
018872,2017,9.794404395327234,0.23052590922035912,3.553069635589349,0.4448029,0.0004920269,231
018872,2018,9.997194000686386,0.17272359792383266,3.2274546762560328,0.49795726,0.008988585,230
018888,2018,7.452052784528919,0.6133340041757644,3.425985126342595,0.49979612,0.07437017,225
018899,2018,7.689520011774711,0.0,16.646927290039994,0.8685996,0.050908566,230
018926,2017,5.954337281164195,0.6750309915689654,,0.32232004,0.05393343,113
018938,2017,6.937589616076002,0.0,3.6528929323585517,0.62792337,0.14408025,103
018938,2018,7.618292767770164,0.0,3.9010138379584456,0.5318431,0.16944623,172
018947,2017,5.408924942277853,0.3209142101717322,6.001109469442579,0.67970353,0.16131338,72
018947,2018,6.2423332594056085,0.19832059550058853,6.445445928154975,0.6481659,0.070511125,175
019000,2017,7.131999136737135,0.01664476661213408,3.974035657122533,0.31808704,0.046479516,100
019000,2018,7.194800613759505,0.011589392280800876,3.2533427903138383,0.26678112,0.07293987,82
019025,2017,5.175724500932731,0.2878115837745535,6.132998821408763,0.75162166,0.21760775,92
019025,2018,5.042004753842313,0.4131568623667946,-7.937435897435898,0.9880948,0.03251258,196
019026,2017,9.260992925583194,0.027503387629782414,3.4931828071319604,0.40826112,0.01573019,231
019026,2018,8.991576543160098,0.0,2.5096612364848006,0.44683614,0.025115805,230
019044,2017,7.219999443311709,0.0,13.452600956900115,0.3954703,0.048010603,208
019044,2018,7.355400371125268,0.0,12.48004546542235,0.43243086,0.048293386,230
019071,2017,7.404755431849026,0.35427216406784057,29.0935003539823,0.37649712,0.06309628,227
019071,2018,6.055828615529563,0.4245671141812393,9.579238766757236,0.5681628,0.08707899,230
019084,2018,5.6710256468444245,0.3784246376537057,0.7304688773713078,0.32491413,0.14104065,86
019094,2017,7.379246800766576,0.016420169310696116,1.6723240069423497,0.24339584,0.075865164,79
019143,2017,5.584733700791076,0.0,3.1451269485120443,0.7926019,0.032126468,179
019143,2018,5.91816939836994,0.0,4.075680594691197,0.5239483,0.12200478,116
019149,2017,7.624846235726884,0.0,5.342141325947832,0.57547987,0.059263393,231
019149,2018,7.701397483870443,0.0,3.6318069067905165,0.5939512,0.07186714,230
019163,2017,8.202455048940951,0.6204680808782128,2.711972460465417,0.27544254,0.031387243,221
019163,2018,7.978451515355844,0.6102300845265671,2.22594474908804,0.28307468,0.055068012,211
019168,2017,6.143799465151404,0.2298713230341468,1.1190899677837063,0.34343076,0.052746944,166
019168,2018,5.92071195858394,0.23540758621053132,0.8825477059918441,0.3327024,0.0449238,119
019171,2017,8.772096659382102,0.24068313125001395,1.4926309389458252,0.36164483,0.029248966,226
019273,2017,8.724425951542013,0.22384197360476146,0.8449649010989011,0.24682173,0.07099764,172
019273,2018,8.676182823464094,0.25144648023143684,0.8120849210307565,0.25688508,0.15044653,153
019274,2017,7.82317446316892,0.0,11.001634418453055,0.3333039,0.07965492,231
019274,2018,7.902597797197222,0.0,8.711628063551787,0.4767408,0.052354734,230
019275,2017,5.503795600890246,0.5930530177510592,1.5936367411290688,0.2544352,0.16801469,87
019275,2018,5.352137620482285,0.6275496931572963,2.3544915830925577,0.32973078,0.15641019,69
019295,2017,8.93267575287728,0.0,6.198540000196376,0.4451005,0.024555191,231
019295,2018,9.130812293858138,0.0,5.704428375629783,0.4919518,0.048740063,230
019296,2017,8.766514768621201,0.0,10056.07053291536,0.25635946,0.033068612,82
019352,2017,6.306705121563179,0.0,6.128207822403058,0.43054786,0.036562126,231
019352,2018,6.4281386646957355,0.0,3.816097785011066,0.42980698,0.0666741,230
019391,2017,6.140005363893749,0.23876546411342062,9.438940281506794,0.33590397,0.027243976,142
019391,2018,6.759344245823615,0.29660057741519213,6.415740981922912,0.38188913,0.075901076,229
019398,2017,6.751286668160594,0.8834771543816519,-8.783467132292524,0.30116034,0.17842068,64
019398,2018,6.905201952015461,0.9353867165251722,-7.4802199557538716,0.34232157,0.062061854,177
019402,2017,7.51445667711914,0.2041816500511441,1.6368239092201315,0.49773172,0.03580524,230
019402,2018,7.437490678629908,0.17508779207792552,1.4284861006098355,0.5114951,0.037107553,229
019412,2017,6.672765639000905,0.0,1.7396889777901006,0.73023385,-0.015267964,231
019412,2018,6.438158047145786,0.0,1.9679714524023104,1.0703244,0.031520095,230
019440,2017,7.151741567471054,0.5470961885218355,1.0335048625450423,0.25128588,0.038806684,64
019440,2018,7.382726095054145,0.5815683788860987,1.112672315485005,0.21195304,0.0034926753,105
019442,2017,6.962767900589072,0.41064969295908926,3.3222250696483933,0.31611618,0.043379903,166
019442,2018,6.8034840587154966,0.38949048233070244,2.7490134158359956,0.32744133,0.047418583,170
019470,2017,6.144945752887492,0.0,4.606514846203995,0.73433137,0.16670866,89
019470,2018,6.591914567203064,0.0,3.6332886049837314,0.87693954,0.14258686,222
019471,2017,7.174300789842851,0.0,4.855760754338,0.63827276,0.07795507,231
019471,2018,6.612453248248563,0.0,5.111224608918981,0.5498013,0.066460684,230
019511,2017,6.847771107033895,0.3399891687834368,3.618415362272067,0.8145247,0.09116272,231
019511,2018,6.062735169216979,0.5021741188563391,3.902185884682819,0.6646715,0.09803663,230
019516,2017,7.791489306192485,0.4567280228928481,11.494522818817451,0.3298444,0.055930804,230
019516,2018,6.915594511747883,0.5223768297913637,5.522636083683109,0.43353134,0.09841803,221
019517,2017,8.251259663499727,0.22916937942467636,1.9551233465411084,0.19479972,0.03526048,197
019517,2018,8.339064591878131,0.23506439075733976,2.048398751429511,0.17856336,0.04461136,186
019518,2017,7.179260758023736,0.13221060782036392,1.1588535111739247,0.36779866,0.058350578,229
019518,2018,7.090689173259222,0.10866335034562956,0.99103254374381,0.35302863,0.05136147,222
019525,2017,5.920299854638544,0.40972557698194684,0.9138606161854786,0.5408489,0.41316432,108
019525,2018,5.2525555871888745,0.445140427916783,0.5244224060080206,0.5291438,0.32773182,69
019526,2018,4.933763608967761,0.4547774523939696,0.4715103805993454,0.46300578,0.18098302,89
019534,2017,6.394646717963468,0.0,3.0475268795308303,0.6203343,0.032582954,231
019534,2018,5.684079302414204,0.0,1.7535882914033623,0.6872134,0.09582072,226
019565,2017,11.438891241912362,0.1527693625556275,2.0769830967770795,0.26930183,0.02484163,231
019565,2018,11.289333363072245,0.13677995360036943,1.830429061942041,0.27352926,0.023333432,228
019578,2018,6.000597662943781,0.00935693278669799,1.0813206647522715,0.54198766,0.0033517682,94
019581,2017,6.29029721990024,0.4325530296628074,1.7561898187194105,0.4593378,0.12812051,200
019581,2018,6.3573880905955376,0.4342859148932723,1.7871656063784627,0.5391309,0.063285396,228
019582,2017,7.1428363181179115,0.4716612685719494,2.1274388051468422,0.23207559,0.09576034,125
019582,2018,7.368405816616837,0.3056019607327046,2.0632749883826427,0.21868595,0.07811955,175
019600,2017,6.01264563565446,0.028681880533732385,4.809620116072375,0.87845683,0.07439092,196
019600,2018,6.148294605620684,0.0,2.74571183795139,0.79795134,0.08119621,230
019602,2018,5.31617869898539,0.0,5.430028803072328,0.8787139,0.28747034,212
019649,2017,8.63480038939186,0.601613031130584,8.111920923349421,0.2776391,0.032395974,226
019649,2018,8.692593733143232,0.5747929734545494,6.161541487344194,0.28447574,0.05803185,211
019661,2017,12.153111624100742,0.19890144222650052,1.075168606749725,0.1570833,0.02040092,231
019661,2018,12.026600731046088,0.20314946854585098,0.9572320279479986,0.16955821,0.026826993,229
019718,2017,6.123832043918474,0.04798778105352893,3.7438800610026073,0.6940499,0.025494887,231
019718,2018,4.082497664021524,0.0,-9.43110863686973,0.8211893,0.15220338,186
019719,2018,3.595393434517251,0.0,1.5909699537077477,0.99651587,0.18710731,121
019730,2017,7.7568470322381,0.0,15.83548088582984,0.44283152,0.044187248,188
019730,2018,8.040877162430247,0.0,14.591098184415289,0.39958388,0.051744718,230
019744,2017,10.986625248917859,0.059344198201898776,7.386193912954222,0.3528139,0.0073727686,231
019744,2018,10.3185335384396,0.0472095682674162,3.4853272349404403,0.41703492,0.017783308,230
019747,2017,6.998600962281714,0.23182132496125263,2.7512241201283283,0.4645516,0.0656557,229
019747,2018,6.9221970921685525,0.2351721816010496,2.6692483562973743,0.41635343,0.07866624,174
019770,2017,8.599403055570422,0.3931353828747466,3.579643342527939,0.25691614,0.041343268,155
019770,2018,8.295752584269163,0.46022422067117325,2.368784291886293,0.3255693,0.09070099,164
019784,2017,6.675983032319674,0.15887210249574168,4.427314004376368,0.46869358,0.040612306,231
019784,2018,6.328998826704705,0.15990997598521392,3.487111755265548,0.4742162,0.03388494,230
019800,2017,7.6807330647234755,0.5656595654188011,2.6234733111945956,0.33216205,0.05220083,180
019817,2018,6.447900725194987,0.046125199549710325,1.0116040491369627,0.24876572,0.09722069,86
019843,2017,6.4516166843658285,0.3413748655339937,1.572341618574555,0.58571255,0.101307295,187
019843,2018,5.89364155282812,0.3717356789285468,1.1770821826678135,0.5861082,0.12648575,92
019858,2017,6.117502307472649,0.4024147097917589,0.8254138621066036,0.47536865,0.04990445,221
019858,2018,5.983994213517867,0.3902439024390244,0.73103111765789,0.4877659,0.120169915,198
019859,2017,6.562451593665595,0.0,5.933121401815119,0.54644114,0.04554387,229
019859,2018,6.471404026904026,0.0,1.0164525543772251,0.92705053,-0.0514503,216
019877,2017,7.343739213797749,0.0,14.504360732306653,0.34342116,0.041997675,227
019877,2018,7.676547473056576,0.39403735012507546,13.575577407174324,0.3589606,0.027250355,230
019906,2017,8.737387405708708,0.10989014548161026,5.574793883787671,0.38793403,0.033976752,231
019906,2018,8.849520445167027,0.16243728542465827,4.833153072890632,0.47686347,0.046641737,230
019908,2017,7.250638464342867,0.31011107990888953,30.082500533754644,0.41878277,0.065497555,230
019908,2018,7.858896109852022,0.5099805911834311,18.134483145122875,0.4334136,0.032257903,230
019909,2017,7.233807414425379,0.0449445475088279,3.8950248378581245,0.41427946,0.13832891,118
019927,2017,7.391794940629715,0.0,4.996492697482071,0.26713663,0.054953407,210
019927,2018,7.357492359586825,0.0,3.87848269413441,0.29862013,0.05484509,198
019935,2017,8.064189080110221,0.33613277913796047,1.6536144001664759,0.31609812,0.045972005,200
019935,2018,7.450446886059553,0.3769368156273085,0.9952177106830934,0.3103462,0.05170336,141
019967,2017,4.524489274705949,0.0,0.799875139817392,0.8382733,0.15339202,111
019967,2018,4.205680191282768,0.0,0.6761932608739488,0.9899452,0.4191088,177
019989,2018,5.434295769050336,0.1923119187237146,7.694654778695681,0.6278084,0.030185835,100
019998,2018,7.537544776940184,0.08236210564160949,3.1833234356955966,0.44882557,0.042594902,228
020003,2017,6.66023194114238,0.1956116818134308,3.220854871513496,0.41064942,0.068821035,205
020004,2017,10.0450375805503,0.34349928703003607,19.32032024498003,0.4573498,0.047348678,231
020004,2018,9.483209599446283,0.2699874369480762,7.526549944742328,0.49342898,0.0059750676,230
020011,2017,6.51387678604586,0.1429189002247968,1.2028464419475655,0.5450149,0.08065132,231
020011,2018,5.965644048693464,0.15789913159652638,0.7283333333333333,0.517226,0.07095469,220
020018,2018,5.383692906285185,0.0,2.51477983790898,1.1073929,0.09520551,207
020019,2017,7.861711130085106,0.0031163450812312452,2.4277949546698387,0.23810321,0.03341423,114
020019,2018,7.948809073788959,0.0022355501744143738,1.5299347986970542,0.2956161,0.036062315,138
020033,2017,6.655185942204259,0.0,2.7814961955062225,0.7570913,0.03453197,231
020033,2018,6.552811335996429,0.42723448581664275,6.3760525023641526,0.5797752,0.07645736,227
020042,2017,6.672474227828515,0.5277425661739429,11.95216238695823,0.82723606,0.051269956,231
020042,2018,5.456544127856694,0.5002129344928327,2.606512321299438,0.75915605,0.06728015,230
020088,2017,8.00170048038826,0.12099731558657865,199.49434526990913,0.39108554,0.020962482,230
020088,2018,7.99129364478759,0.1301170017887877,94.09703423021813,0.47525996,0.013336414,229
020113,2017,5.789887752372954,0.19024455143396446,2.494498127083667,0.5197918,0.07891904,231
020115,2017,7.2980429909025535,0.49228822082878165,9.773982018695792,0.32496613,0.069498174,158
020115,2018,7.527517402945009,0.4463471390351641,10.048368242914453,0.31328806,0.07500482,183
020116,2017,8.442941596333853,0.025394712374295657,34.28450370009306,0.33292663,0.02090781,231
020116,2018,8.85560193037731,0.02142942560939231,20.951473623836087,0.40629277,0.03643535,230
020126,2017,7.28805873785277,0.3171488494519968,4.755355726342345,0.34370765,0.046201494,196
020126,2018,7.300822044299473,0.25922819838431566,3.8548353355345837,0.343597,0.054133445,147
020130,2017,7.661810603515253,0.5530790608271425,1.208512893024906,0.2624018,0.024049787,210
020130,2018,7.582867401175133,0.5284616007349912,1.2144631083280162,0.21105073,0.04346969,227
020170,2017,6.876103319214039,0.0,1.75337605576961,0.5533596,0.08813268,80
020170,2018,6.395950776270441,0.0,1.2305115935334874,0.5221305,0.08656584,68
020179,2017,6.922446335017082,0.4983756556844943,1.316497217944743,0.2579429,0.052342974,194
020179,2018,6.802272755881705,0.32369512962512026,1.0824731032757229,0.21366931,0.098632626,188
020185,2017,8.640375668263173,0.4579541317801238,8.716790998766955,0.2044605,0.016342022,232
020185,2018,8.378797185724665,0.6167294156163038,12.27797236322617,0.2858328,0.0056963232,230
020214,2017,7.9998825821794215,0.24367495744249823,1.8619850771722841,0.37944403,0.03636203,231
020214,2018,7.840920756085922,0.20422954815123626,1.2706440765041687,0.3890541,0.06142981,229
020228,2017,8.386914787795448,0.5949396404481371,6.066696613683483,0.31468093,0.08328358,157
020228,2018,8.628579162303573,0.5847145284809429,5.1432146498573665,0.3050944,0.07317848,223
020229,2017,8.157546590761811,0.0,10.849408626387804,0.387223,0.03612269,222
020229,2018,8.749285076306425,0.37012987537554154,15.125594681006714,0.42382535,0.030660259,230
020232,2017,9.025161705929946,0.34400809034215407,3.5972112857142853,0.25623533,0.027050195,228
020232,2018,9.274706428242542,0.22218406593406592,4.383406165228113,0.27053043,0.022557627,232
020233,2017,7.3242830297882895,0.5069007702763932,13.16819262359131,0.45770648,0.047454692,211
020233,2018,7.261840625806702,0.8110043106910492,-27.619779216499644,0.5560375,0.05631277,228
020235,2017,7.083027799594305,0.09262435677530018,1.0055450632911391,0.4190148,0.033886004,200
020235,2018,7.140524577784964,0.07353760445682452,1.0396130807248765,0.45024726,0.04480504,230
020245,2017,5.232264632902461,0.0,1.7170136468689239,0.83552,0.008086101,180
020277,2017,6.88804173771768,0.017730517767983664,0.9860467197798771,0.27500317,0.06186739,197
020277,2018,6.56020344973162,0.018522740106641185,0.69824385219773,0.3317349,0.16549517,151
020298,2017,8.912814595519723,0.24786488374309323,1.5761990273943034,0.37416887,0.022400893,231
020298,2018,8.406859418478685,0.23230568342422714,0.8042247847043263,0.41852528,0.030176679,230
020299,2017,6.858060285578173,0.009320733129984186,2.177724273515619,0.3021797,0.06575102,177
020299,2018,6.388074497108987,3.269354784659861e-06,1.2049403517302861,0.34678906,0.06515485,172
020330,2017,5.937788416018638,0.0,17.349119033453846,0.51776516,0.10251754,120
020330,2018,6.189270044079101,0.0,9.008077498752703,0.46370962,0.09198447,175
020412,2018,7.499058708368207,0.7142709990613206,6.246792708610714,0.29117054,0.06557093,85
020420,2017,7.325538868755247,0.5786945047591735,15.171052368678698,0.2863955,0.040255558,162
020420,2018,7.316309158587085,0.5281958992067695,9.469340449098782,0.32879046,0.059397582,158
020422,2017,6.145145902534058,0.10286470830675074,1.228088600796175,0.38442668,0.08343945,205
020422,2018,6.0728513357152965,0.07972859361580992,1.0201798590751245,0.35381177,0.08619283,161
020423,2017,9.06561513279608,0.6534571966133584,2.6829767441860466,0.35446855,0.109547414,231
020423,2018,8.351601309940033,0.6704946653734238,1.3036800000000002,0.48574293,0.030175325,230
020430,2017,8.494098305780122,0.1503825784734915,2.355470491588309,0.33185872,0.06799223,231
020430,2018,8.19436993305275,0.16083325234054152,1.4073040118849935,0.2883316,0.085728765,228
020473,2017,6.6899266409601115,0.3127879013460254,3.6588354244952552,0.27025864,0.047858346,226
020473,2018,6.656880895295976,0.3266533299136531,3.6055794912191277,0.24333403,0.04649902,207
020488,2018,5.837088404365871,0.17518248175182483,3.0065770546443296,0.671606,0.07331168,86
020502,2017,6.963769430069762,0.4662733183204036,1.5245108751273895,0.44794655,0.060382918,231
020502,2018,6.26330140075781,0.4378944908823382,0.7426556969331715,0.47260228,0.03949079,230
020530,2017,13.055095072097906,0.16667271076306445,8.015553716564662,0.32177866,0.011089792,231
020530,2018,13.057484209239814,0.11588103165987397,6.388762528337083,0.33961794,0.02040474,229
020539,2017,6.777448339359891,0.7440756558877364,-59.28052066450568,0.23808499,0.045249872,151
020539,2018,6.815107940666406,0.7040538378611245,38.43135593220339,0.20225343,0.045724254,110
020540,2017,7.025364788472615,0.07569237645322399,3.592271284308152,0.47334442,0.061836086,231
020540,2018,6.8515047493611485,0.054606138350437095,2.72772788000681,0.4572869,0.058685128,230
020548,2017,9.485960586820406,0.2576269042405207,5.219481161137206,0.31136516,0.015966544,231
020548,2018,9.153453541842277,0.2920109392404406,4.524085450389553,0.33096126,0.0066321767,230
020570,2017,6.309293082832598,0.5196363276770978,-1.8094904580215498,0.54653883,0.070152596,140
020600,2017,7.123304586888038,0.12930561161684664,4.367663689271166,0.5280337,-0.0120464135,230
020600,2018,7.078534149547764,0.19766296578762804,7.382184170566564,0.4515878,0.008207484,230
020644,2017,6.944173993277483,0.15295338055104052,3.4719539344838553,0.4937688,0.14564972,231
020644,2018,6.393798224066015,0.19902657515690353,2.819850267783058,0.57881325,0.040510703,230
020645,2017,5.748535930843373,0.0,2.252002698977834,0.86796373,0.08895477,114
020645,2018,4.717654139609726,0.2684146793794864,0.966259659969088,1.0785574,0.26335412,97
020649,2017,5.364369117176129,0.0,2.0481062893624364,0.9750639,0.054798074,161
020649,2018,4.705198309680795,,2.083439214281675,1.2797021,0.046545837,195
020653,2017,6.7896734336866,0.6662685720637336,1.3709831910084624,0.82069564,0.02497269,226
020653,2018,6.668619455240545,0.5640664360049136,0.6895461548095644,0.77832603,0.0879813,230
020655,2017,7.758279215698933,0.5024419297200715,1.4273615853658537,0.25041622,0.037482332,212
020655,2018,7.78949804340239,0.29005847953216374,1.3432174638487209,0.25341082,0.031525142,222
020659,2017,6.799106875250355,0.0898331738752708,2.659260721728639,0.5784061,0.17861557,208
020659,2018,6.832985287742129,0.06227862988571996,2.7913935054973154,0.49629384,0.29503256,113
020661,2017,5.837971963188102,0.14783342178706127,1.8709663961782605,0.45408696,0.048236594,223
020661,2018,5.493645059012017,0.12081755478004974,1.098697966561229,0.4919264,0.04229098,230
020670,2017,7.777119873908158,0.0009155524518745497,1.5725976068826846,0.38654605,-0.008045884,231
020670,2018,7.7143832761336775,0.000681298761894341,1.4854283084871358,0.3653278,-0.017306956,230
020686,2017,10.300591197841502,0.19614228456913826,2.090080224111283,0.29885098,0.023670077,231
020686,2018,9.732822956997623,0.16865495542737283,1.148799982286415,0.2892379,0.028106475,230
020692,2017,6.182964478457656,0.0,1.4153243619109948,0.30050114,0.1370858,109
020696,2017,7.651422317404701,0.3723576974488441,2.911086463454968,0.31118464,0.074395806,225
020696,2018,7.054646426337574,0.4478007720140683,1.8973656379005301,0.30500612,0.048953187,224
020699,2017,6.561613558216627,0.12837345003646974,1.6684250589622642,0.46326563,0.090342425,192
020699,2018,7.08420423408982,0.05111026033690658,3.5505164583333335,0.4559375,0.05748623,180
020739,2017,7.479360934605443,0.5002820563765173,1.17263301881858,0.30877492,0.037214942,145
020779,2017,11.962186381427854,0.19816204224375664,2.3695563754025737,0.18587002,0.03555353,210
020779,2018,12.181401090218095,0.18689329313134284,4.516388760299972,0.2303738,0.023956992,231
020798,2018,4.6089920732637495,0.002349959398607249,1.6419340170436887,0.9709716,0.35175452,76
020823,2017,8.032347643786565,0.0,8.891691261833115,0.39439413,0.036385573,230
020823,2018,8.266905457618417,0.0,8.159830216798476,0.398747,0.054807756,229
020904,2017,9.220340223385366,0.2793247781843701,3.6271412252666355,0.23772396,0.04189766,232
020904,2018,9.311831974632737,0.3817228837350814,4.557067786561264,0.263299,0.015268438,230
020913,2017,6.289420165500039,0.029979164480685924,1.3545316058581318,0.2541024,0.040019456,90
020935,2017,6.78178570361557,0.08807942640682417,18.202949787339474,0.3865241,0.11973053,230
020935,2018,6.764204141666791,0.06198255505758759,6.706327947790947,0.5841381,0.1991857,230
020943,2017,8.841927396098482,0.0,14.550321531100478,0.8812987,0.06911138,230
020943,2018,8.409920074568928,0.0,5.204579898976907,0.5969681,0.05614319,229
020944,2017,8.630461024871805,1.3672155140870839,-9.503834419551934,0.25227216,0.039370064,231
020944,2018,8.20869731884531,1.1057224980402405,-13.005506090651558,0.27593595,0.034632843,230
020960,2018,7.120019771348721,0.028914011647824596,1.0994797083407435,0.3211714,0.043795917,151
021002,2017,7.2862138034995185,0.0,4.124792705493482,0.35050014,0.026305623,231
021002,2018,7.912512264333024,0.0,5.851368896887118,0.39169458,0.04500098,230
021004,2017,6.649365630254222,0.6913832719391025,33.158483963762826,0.6167233,0.111939676,229
021004,2018,6.400245651219337,0.5995689253372318,8.47853440748148,0.544713,0.1521913,218
021006,2017,6.868564453382218,0.0,8.203168428326466,0.5486881,0.09765867,230
021006,2018,6.764339885875967,0.0,7.160636891085509,0.7524247,0.06461809,230
021008,2017,5.233614031829453,0.0,1.3466446858029482,1.0050253,-0.0031883144,157
021015,2017,4.882635999731027,0.22498241056448556,5.047542739128772,0.9760382,0.08689159,211
021015,2018,5.107408887436949,0.3393617458209548,4.606038745644599,0.8551708,0.04860046,213
021016,2017,7.833888042776035,0.0,6.675462203537718,0.5232747,0.03507684,204
021032,2018,6.307781998003942,0.0,1.8432453400503777,1.1529801,0.050003696,230
021047,2017,7.3015464915525135,0.2685486618123986,1.9781040585669665,0.4997318,0.06530966,231
021047,2018,6.910185822815928,0.29692574773479896,2.1553816084836286,0.5448134,0.07479551,225
021124,2017,5.9473919626400455,0.21048494390245556,1.3920851063829789,0.3559041,0.034497723,231
021124,2018,6.383112182097733,0.16461954662769365,2.231094308464914,0.365508,0.052976463,230
021145,2017,5.133457169008181,0.0,1.4461450899137953,1.2164919,-0.061526883,210
021150,2017,4.800858261518002,0.06857421331105541,3.6256372417493963,1.0991827,-0.19427781,121
021227,2017,9.644795266097928,0.04168444480538501,1.4724284323843622,0.2997987,0.053292625,208
021227,2018,9.477555677249708,0.043222773321876205,1.232539632997434,0.29406172,0.070878044,128
021238,2017,6.713794124126246,0.0,6.051470825925327,0.38383734,0.0635698,196
021238,2018,7.325637843701554,0.0,8.269494653047001,0.59093904,0.033162247,230
021352,2018,7.65874886332933,0.13510417802988983,1.633598889916744,0.34064695,0.038625527,185
021429,2017,7.835586178239457,0.09532857757943737,2.675903208945433,0.33191344,0.03964306,231
021429,2018,7.538870915975227,0.13531408571667378,1.3906929469759912,0.3473123,0.052788258,228
021431,2017,6.726251243926204,0.834219429676172,-1.0245883046683046,0.7910905,0.07830034,231
021431,2018,6.720215330033183,0.7200335289186923,-2.296387811634349,0.8076542,0.05743511,230
021433,2017,8.93800458067089,0.6437856145730828,5.399492945763914,0.29123342,0.022232415,188
021433,2018,9.103874605753914,0.6305550733443277,6.037242790947553,0.27638453,0.008095396,230
021440,2017,8.382807285227543,0.06141549472812505,6.718074698158212,0.22303373,0.031195348,226
021440,2018,8.252680026916037,0.061470529435795805,5.58789110456245,0.25275388,0.029918922,230
021503,2017,8.173499849255952,0.07071225615434207,1.6759934770277936,0.26097414,0.057228193,154
021503,2018,8.366037609136324,0.07884000727594002,1.409320894396905,0.2959024,0.120080754,189
021515,2017,8.382164907580295,0.49191480454236225,4.007390147692873,0.28481212,0.065972805,108
021515,2018,7.829534123578068,0.4457931871633411,2.109388268859612,0.32935762,0.060032144,177
021522,2017,5.417712346767876,0.0,3.285126747423507,0.69239616,0.10566712,226
021522,2018,5.273615215162172,0.0,2.116683191946367,1.0544946,0.009231619,196
021524,2018,6.419043237648349,0.08514853054206317,5.76637970257008,0.7836893,0.10208786,94
021540,2017,8.865104950766748,0.3424130317792193,-146.50699228206668,0.5241067,0.0754016,231
021540,2018,9.008784598725995,0.48759023719491235,-24.717450177037442,0.55634236,0.07677496,230
021542,2017,7.562122181383068,0.0,8.110089534873918,0.26943165,0.045008346,104
021542,2018,7.5081315061719,0.0,7.364896262207121,0.29711348,0.051513683,160
021601,2018,6.829758796361449,0.0,3.7561224092001817,0.59158677,0.14929181,115
021617,2017,7.058244159741933,0.49820254852940654,7.767525208989033,0.9344546,0.09240956,228
021617,2018,5.718139977334786,0.911326930393441,-33.6694678614891,0.81596583,0.09880747,230
021626,2017,6.144509508711236,0.37680955904167696,0.5969016622041587,0.6433539,0.13208348,212
021626,2018,6.126070480956244,0.5173687455822418,1.5857320466397546,0.5748102,0.083922945,230
021630,2017,8.52629022366021,0.43245007396042257,1.5912283100731583,0.21207,0.01689667,188
021630,2018,8.741703539438122,0.41116290746757334,1.6199163194211674,0.18930632,0.030574575,65
021652,2018,6.943179564043979,0.5156695064337798,3.12590460501504,0.26880622,0.051001754,185
021739,2017,8.664619199234561,0.3649137027902536,6.225202203334655,0.29420215,0.04504616,231
021739,2018,8.701799502836096,0.33968153443923943,5.754594796321636,0.32280293,0.049488146,230
021744,2018,5.090609137860266,0.12263534485575195,1.7003318229858837,0.87788105,0.17388909,132
021761,2017,9.069744081629539,0.7371232354063334,-117.7289972899729,0.23293109,0.039912943,188
021761,2018,9.043459590476976,0.8561029118468287,-23.19902686403508,0.23169072,0.040705293,230
021777,2017,7.6828112404021445,0.23296495537460954,3.20952901968554,0.32140025,0.11899844,211
021777,2018,8.027338900632696,0.23033903452567017,3.284370110691217,0.3445192,0.11805036,224
021798,2017,6.500944791256545,0.0,5.695066422589668,0.43212444,0.043566387,223
021798,2018,7.0414385400740604,0.0,9.409673839669393,0.43513867,0.05912849,227
021816,2017,7.4014054189664,0.7576430847098425,-8.098256014552573,0.26554582,0.047668107,99
021816,2018,7.588288395700174,0.7492298715934855,-11.58983063579066,0.35181946,-0.023571964,129
021825,2017,9.933256514246022,0.07723059552568008,1.0290330989362233,0.2674524,0.036965884,199
021825,2018,9.536359438370269,0.08991514970283707,0.6935184382039346,0.26840827,0.02577532,200
021834,2018,6.693185443103908,0.0025561671843301265,1.0700700482194863,0.58571106,0.0563253,175
021841,2017,6.266426055150383,0.6248531772143336,16.547008547008545,0.7865741,0.0568259,230
021841,2018,6.426718447189255,1.0364442478409925,-16.01778005234381,0.8933691,0.14193569,230
021847,2017,8.106292899420133,0.41950222908695195,15.759960068454077,0.42866656,0.05071078,231
021847,2018,8.505361269480305,0.38227933708494366,20.19771420162606,0.44360858,0.035007376,230
021898,2017,6.1821448222770305,0.32401720580806576,2.2554308826407463,0.6243952,0.041798733,224
021898,2018,6.726910774808684,0.2845733600597414,3.159268938992444,0.60819715,0.045964625,229
021916,2017,7.627111736050204,0.31938571453741393,8.239736085916556,0.42015037,0.07288992,231
021916,2018,7.070696035498384,0.3290622651776229,4.79449477153204,0.51778567,0.037232097,230
021918,2017,8.019224116901269,0.09093643096124206,1.4826398565573773,0.2604817,0.08187356,132
021946,2017,5.295390286826903,0.42895693104981525,0.7797859469520707,0.37489638,0.26650485,79
021983,2017,5.270997042044733,0.04689789267571305,1.6454852920038217,0.41275826,0.038092572,231
021983,2018,5.379961867588416,0.06335131123522901,1.747562026396953,0.48994532,0.06438451,230
022000,2017,6.809784282342348,0.1168246520622642,-53.541703082555806,0.30735362,0.023608001,212
022000,2018,7.36564783941086,0.07445772810467698,-162.29354825462013,0.422083,0.04093827,177
022039,2018,8.310830107229936,0.3809528141565938,1.424188766392731,0.4844525,0.06114588,230
022040,2018,6.370022585023421,0.5664862023435527,6.689853276369591,0.40893966,0.05439719,229
022047,2017,6.348734538970577,0.17477091942570602,1.3732984745897052,0.3933896,0.079123266,64
022047,2018,5.9032367578615785,0.2555859116917041,0.7819368806728286,0.48138592,0.13499482,74
022053,2017,4.788601626633034,0.22382836155437236,0.5348764915405165,0.69659865,0.05290821,101
022053,2018,4.7096518155386455,0.0,0.7907563982933133,0.6634722,0.044249598,86
022086,2017,7.8722021836194465,0.03458411525669327,1.4265170366181252,0.26905954,0.08382136,72
022124,2017,6.043592468097829,0.6341323361098127,,0.25599733,0.07148027,93
022124,2018,5.676862837419624,0.4709800117719895,,0.2679853,0.066132195,63
022134,2017,8.965447509806273,0.5675916981353005,6.13422459054933,0.27623612,0.018402921,231
022134,2018,8.615725809947003,0.5724942702637925,4.578667330511991,0.31767482,0.03374871,230
022155,2017,8.444488752003318,0.17374849249807114,10.498528022399856,0.44090524,0.04735182,204
022155,2018,7.83500775085483,0.11492993628508756,4.325716530123616,0.45911694,0.05118584,230
022159,2017,7.694595609931483,0.1003856423259564,0.8699417304765212,0.31136766,0.026237795,183
022165,2017,6.049116000495066,0.4162587194943195,1.6170439428342458,0.5893983,0.0685969,228
022165,2018,6.097428005959023,0.4928682731131141,1.4835816464057434,0.53642035,0.07135214,212
022178,2017,7.286292312381992,0.0,-22.451363552494,0.56581944,0.043879192,231
022182,2017,8.33019745404058,0.0,19.280145232073785,0.3724827,0.03213949,231
022182,2018,8.65435387518905,0.37234172332917825,16.403232560135002,0.44173828,0.027931409,229
022207,2017,7.030145463190204,0.10503673927960534,2.0369489246585095,0.35607928,0.06338086,116
022207,2018,6.792570552295481,0.07175891873661247,1.506835869802296,0.37834057,0.042922594,215
022230,2017,8.561257392460021,0.006931105715217628,4.990770834646632,0.55418724,0.020340364,201
022260,2017,10.333712954846652,0.8979312983357473,-4.518378089920658,0.23778354,0.041486554,231
022260,2018,10.66132830666552,0.8170224704772107,-8.620865202020202,0.2455781,0.041712847,230
022284,2017,5.857371225202198,0.0,1.8408572691583078,0.7036123,0.082435645,156
022325,2017,9.81487240728832,0.24021265556985627,7.854982214240195,0.28980044,0.02780224,231
022325,2018,10.379437215595841,0.23970560715370035,11.249602880857617,0.34044117,0.03158058,229
022343,2017,8.185775996515435,0.31255936675461743,1.5813595312568833,0.2999187,0.04424256,230
022387,2018,7.714825508358666,0.19751907771650629,1.3147614949810646,0.7233508,0.23310356,196
022439,2018,6.087796659107135,0.8550690124258251,-23.058995864090885,0.52285165,0.108430944,144
022447,2017,6.782828225490154,0.28649992170146066,1.9712392817816535,0.27693227,0.18906799,147
022447,2018,6.5016396393242,0.2729655091207571,1.3004009532936844,0.30677336,0.08341517,126
022459,2017,7.972974755510177,0.5494010935873693,3.2603818100299016,0.22118172,0.046312958,114
022459,2018,7.549835728960699,0.552342377296986,2.100605633211231,0.21972653,0.03437539,125
022460,2018,7.851658687613791,,12.15104016945306,0.90147537,0.14104179,230
022583,2018,6.594125456584542,0.5113046706433055,1.161502504863504,0.54824716,0.035277687,228
022603,2017,8.151747162297907,0.4824714383446082,2.756707907477139,0.32162443,0.04437078,203
022603,2018,7.233146056694549,0.47725125277339187,1.0428024742777393,0.41259187,0.041436248,227
022604,2018,7.878442430566394,0.0,8.23305986046178,0.78536326,0.16229323,226
022629,2017,6.701651055271645,0.42190104861505373,1.2384555304101408,0.23189992,0.024955055,167
022653,2017,6.842975576762747,0.33784107301566907,0.7698411650198359,0.5304118,0.052737657,231
022653,2018,6.136138557672423,0.39393609865922374,0.7590061572310521,0.48808768,0.093630925,222
022672,2017,7.044003577473135,0.030849585428150087,6.761581760894963,0.3294096,0.047661483,231
022672,2018,7.201054411174681,0.03414399245248406,5.931178898291215,0.4095623,0.041152675,230
022708,2017,7.677342531664085,0.20436488395884544,3.3586948404722046,0.41483426,0.047757782,203
022708,2018,7.680098150136373,0.49621815172672223,3.1715017968352845,0.49843907,0.06556635,202
022709,2017,7.5539406234617665,0.05822346448420548,3.715261786832391,0.6518953,0.045676265,230
022709,2018,7.296433634668228,0.09896211957482759,2.9707782877789715,0.6247033,0.06785858,205
022741,2017,9.122473438557048,0.5617715617715618,10.649799325581395,0.41286466,0.033409834,231
022741,2018,8.480407124904128,0.5377614778592774,4.752871400394477,0.39313686,0.083330825,230
022815,2017,9.221804012643773,0.18275091898934437,4.27527303465765,0.28440747,0.012769651,213
022815,2018,9.018831016327628,0.29643030261062253,3.0874659736763386,0.31675002,0.047885105,229
022867,2017,6.187548631039564,0.2011436530571637,3.9956950260275548,0.66042584,0.04777918,226
022867,2018,6.727215965049437,0.2680671051283048,5.158335506274754,0.7080684,0.034122188,213
022983,2017,7.742579371539779,0.424546465389618,1.4269623600149854,0.20315182,0.13701203,186
022983,2018,7.568608993513673,0.36323356425233755,1.0616980086221217,0.26206097,0.0019421506,142
023002,2017,4.871533213964113,1.1935794518383653,-0.35345458090513227,0.72501934,0.10502123,231
023027,2017,7.513259555908746,0.0,6.337779153752491,0.25431532,0.07732276,173
023027,2018,7.867685519812368,0.0,8.319335508061254,0.26309335,0.051596247,207
023071,2017,8.807903878979763,0.42428942369691375,13.744888057553956,0.29885358,0.026163658,231
023071,2018,9.311107036237846,0.3967518164184502,13.952548732181153,0.3292208,0.03574353,230
023072,2017,8.876242703834382,0.32886628869246753,-7.061590590119665,0.329315,0.045384746,127
023077,2017,8.042576403497462,1.0482540515399017,-2.3771498659966115,0.437133,0.08789774,214
023077,2018,7.941276189715516,1.0671853326096135,-1.7728207126990916,0.50687355,0.09416282,230
023083,2017,7.935803247799115,0.5365760035095416,32.85080376028202,0.2899198,0.025965132,232
023083,2018,8.159377368350912,0.6942242355605889,142.6942530612245,0.3174559,0.035810217,230
023084,2017,7.265472589468051,0.09221591204381598,1.0761896842233594,0.26675144,0.037059072,157
023084,2018,6.775299033893598,0.07752306447631124,0.7736459272671069,0.30429748,0.033068705,154
023086,2017,6.376959913957206,0.7019628094279284,2.4562611717144716,0.24448225,0.071852244,117
023086,2018,6.713776034630713,0.7208833888788418,2.7824226086721517,0.25419417,0.024783442,96
023093,2017,6.569431068515525,0.6544871518817515,5.381226649357314,0.8068665,0.15410157,143
023093,2018,5.486515621674722,0.7310980274941837,2.2307346010977436,0.7489263,0.15685965,126
023106,2017,6.440110529390908,0.32793214993626163,315.28738802214394,0.7003465,0.089087695,132
023106,2018,6.371159163589494,0.18769366376241653,3.4949419337871843,0.64102805,0.13447034,208
023119,2017,7.40560395520802,0.0,4.139156584068615,0.45675632,0.060093246,231
023119,2018,7.387994037630994,0.0036392969417463647,2.874177287663049,0.5168335,0.046372198,230
023147,2017,7.223127248164831,0.41791170540823125,2.0504441881580737,0.24378267,0.0428863,190
023147,2018,7.312596752670775,0.4664167579306208,2.0139544481748235,0.22776169,0.04425716,85
023195,2017,5.5163251523665755,0.07624524341757248,0.772878788349611,0.45261508,0.090454526,153
023195,2018,6.200044360151096,0.0,1.5454970000909538,0.40786552,0.07091866,228
023220,2017,8.934021361375981,0.24020472996823156,3.7294537856440506,0.21453448,0.027182147,110
023224,2017,7.345163625855661,0.21655146916483398,2.304877008801669,0.20744717,0.056987908,151
023238,2017,7.820108689770672,0.10633885033100333,6.27415896939737,0.4681407,0.021209495,231
023238,2018,8.647792245936639,0.3755199029551445,14.211979206681,0.52516824,0.024490874,230
023243,2017,6.311920998715114,0.0,3.656975825984247,0.5373642,0.08420318,220
023243,2018,6.48679595303832,0.0,3.6643488745980703,0.5095295,0.07575645,230
023245,2017,7.899286825102041,0.13111207516908643,2.7047747007332523,0.2766472,0.05903876,231
023245,2018,7.349764444270915,0.2919588304242236,1.4512012894343613,0.36190245,0.052601006,230
023247,2017,6.7397843377707956,0.0005152379844891898,-5.375058177240302,0.27005094,0.04983573,211
023247,2018,6.77476330655866,0.0323510717948489,-10.122586284643933,0.3111205,0.101320356,206
023249,2017,8.16257493105315,0.25752291345607914,5.667753393665159,0.5891319,0.03287799,188
023249,2018,8.198513209704968,0.2115712930761935,3.9256462585034018,0.5042536,0.019653033,230
023252,2017,6.787324102594119,0.020428635286912508,2.2124402928830613,0.34833556,0.043245737,158
023252,2018,6.476911591812389,0.0020662364521061094,1.693792005337072,0.34301522,0.040355377,229
023256,2017,7.309953657133419,0.5342465178926532,30.75531030794232,0.31027707,0.010289225,172
023256,2018,8.24397509747159,0.5439811833663103,2.204898579398761,0.28628594,0.050216865,215
023287,2017,6.047420262996609,0.4286880788961009,,0.23761752,0.0825989,149
023296,2017,6.590144785988383,0.5194386083085234,3.4600452062803932,0.21192522,0.14470485,62
023296,2018,6.599550039707909,0.5741856644897632,5.008073420758472,0.23344558,0.06862095,137
023297,2017,4.938993631944335,0.0,2.320894584621522,0.9212132,0.35157084,81
023297,2018,5.206048557084624,0.0,4.405333590994734,0.829961,0.1766074,66
023407,2017,8.097492328066641,,5.266626568585028,0.61665064,0.12444327,231
023407,2018,7.772346179106783,0.0,5.665832165896198,0.62237275,0.050215583,230
023432,2017,7.404474899236064,0.19306664502734014,1.9785516658479496,0.30140334,0.0451996,191
023432,2018,7.919556083408003,0.12464079963386966,2.6148520146972842,0.39301017,0.028224042,212
023433,2017,8.17955345433151,0.24612246114849112,4.649387764677669,0.21786177,0.07962994,114
023433,2018,8.061055278482316,0.23426911464559083,3.5041046244289547,0.20201187,0.045885947,102
023485,2017,7.702510945130179,0.5606845305111461,5.184777517564403,0.25101647,0.039570216,152
023485,2018,7.471943454744688,0.6401249024199844,3.6098973305954827,0.2421948,0.036349423,148
023500,2017,8.134836361503254,0.01642749005670393,1.7287036412027745,0.24758765,0.06090662,128
023500,2018,7.900722589314526,0.012391972540290622,1.2721029791702207,0.24816373,0.044833418,105
023540,2017,5.8569177248235045,0.39163124215239853,2.464196067376137,0.44104502,0.08536666,225
023540,2018,3.583724472888017,0.6725807998465522,-0.5650878844946641,0.64411265,0.13400649,105
023546,2018,8.478404224727036,0.1287249728387397,3.139535548302872,0.45902818,0.049092967,216
023555,2017,6.405150207035429,0.0,5.812381437355881,0.7807729,0.13210504,192
023555,2018,6.347699529277728,0.033847791378392764,6.236580444395917,0.7701661,0.15916564,225
023569,2017,7.195191296164802,0.4930062405853239,2.56002554253889,0.34442794,0.17488663,161
023569,2018,6.730657725292214,0.4784992784992785,1.5901633637053914,0.3054883,0.07256584,123
023574,2017,6.439077426505869,0.0,3.0831452725337956,0.9533694,0.074135885,177
023574,2018,6.399113934606742,0.0,2.435595520181461,1.0045038,0.1106936,169
023587,2017,6.107544132716812,0.011845890846050056,1.3459310547319727,0.40801054,0.071020804,162
023587,2018,6.0955812896005455,0.013553730800721597,1.3321289238341034,0.3627259,0.048912864,144
023594,2017,6.076283981879879,0.26249936990069633,1.5271907795050226,0.3767246,0.046866562,192
023650,2017,9.219069958023514,0.0,10.076593746878435,0.47860903,0.026752645,231
023650,2018,9.634555975652631,0.0,7.310189772370727,0.46573016,0.045079283,230
023671,2017,10.165872940626668,0.08426773725764766,1.3401582312016884,0.31075776,0.018513339,231
023671,2018,10.390600320922864,0.07156412855598748,1.859664785971067,0.3272642,0.003681229,225
023697,2017,6.847726552085053,1.1469334785952323,-4.667658680201033,0.3196356,0.038636204,231
023697,2018,7.151265612152903,1.3451991399533827,-4.416607811775132,0.31142172,0.00701399,214
023703,2017,7.4660367828706615,0.0,6.285620733558239,0.6550503,0.05816348,231
023703,2018,7.426591672680376,0.017119985476442893,5.306556065482639,0.597134,0.010557197,230
023714,2017,6.191161891745148,0.7954154727793696,-0.6367839113428944,0.70975655,0.059151392,231
023714,2018,5.792462724968417,0.8444416419698594,-0.21356310097719872,0.88731855,0.14554343,230
023753,2017,7.626858702683269,0.0,3.2334112257741325,0.28882435,0.04488242,231
023753,2018,7.996690933005521,0.0,4.083309763435185,0.2895003,0.039955627,229
023793,2017,8.134270468742894,0.061900075184783625,4.647640687004897,0.15696403,0.027593542,133
023809,2017,9.596151637079236,0.5597929367875979,-10.297050792612874,0.24451947,0.020297399,231
023809,2018,9.890454234638508,0.5464805744743222,-12.984483860677274,0.27928987,0.018599413,232
023810,2017,5.469725420454193,0.3876852150171555,8.029052660060202,0.66585296,0.106331795,159
023810,2018,4.2850045904654275,0.48830843026937804,11.650012836970474,0.72044665,0.08644648,208
023812,2017,10.608126425935344,0.08026358336549036,6.585580300250094,0.33112636,0.019177685,231
023812,2018,10.614320931158607,0.060377519280753335,4.649120276797643,0.33140796,0.02735846,230
023818,2017,6.858301764844756,0.09247678634140245,0.9415067480875555,0.54858273,0.057296004,227
023818,2018,7.40435330883345,0.12834200690828035,1.436516369651275,0.5263239,0.061811093,230
023821,2017,7.166827384081147,0.13813353193433248,1.2735734203529603,0.36045763,0.047756977,98
023821,2018,6.872091603263613,0.12276575596218707,0.9322376452266724,0.34692487,0.05273743,145
023843,2017,7.033546289491932,1.0834891017724222,-23.502552018569176,0.33752677,0.034004506,221
023843,2018,7.539332557026091,2.2137832828857453,-8.364428368100342,0.38744175,0.026872378,230
023856,2017,7.217665321970682,0.0,1.6545675837385905,0.57795036,0.016678445,231
023856,2018,7.13428836731985,0.0,1.704279586052086,0.5947542,0.008390614,230
023864,2017,7.024379456755364,0.25223865986403404,2.0254603396625006,0.38168833,0.044531163,69
023935,2017,7.265020093912763,0.049556441308539624,5.673720111456878,0.4133736,0.027295006,226
023977,2017,8.41395371809025,0.2468683309881938,1.2627968306551092,0.16594943,0.046325862,81
023977,2018,8.069091073894361,0.2796771625297849,0.9369867556856684,0.17565875,0.018466918,72
023978,2017,8.726809985666486,0.2737781383086595,1.857237045180723,0.48116282,0.020923957,231
023978,2018,8.065707901592534,0.2108905481697323,0.7575937553545931,0.44445205,0.010264927,230
023990,2017,6.788946235910111,0.0,6.425213455666343,0.57673395,0.031299368,208
023990,2018,7.614869558903048,0.0,11.66530651098585,0.5089927,0.14047617,229
023996,2017,7.233286783464702,0.43436094642425205,0.9799410520892894,0.20947024,0.10835203,86
023996,2018,7.2008331827176715,0.46454516392011064,0.9404484669230564,0.24555452,0.09897404,129
024021,2017,8.250467036521245,0.048024833937991125,5.089402295764783,0.29885438,0.05013372,187
024021,2018,8.403627908522232,0.2529513236536559,6.682801990812555,0.33404648,0.06687762,228
024040,2017,8.746126795973636,0.45827912352574535,18.999168258420173,0.49364778,0.051341083,231
024040,2018,8.916833600855073,0.23726471108605493,7.114389029834584,0.46931568,0.049867023,228
024071,2018,7.604615338269308,0.27655470265902665,21.856581233804413,0.44199497,0.03883139,112
024076,2017,8.144385642545911,0.03740612348884944,4.324109499260479,0.34125248,0.034006793,229
024076,2018,8.50211590218415,0.000380499446507041,5.224811510504406,0.36212108,0.030298073,229
024135,2017,7.485421740270194,0.19104458334790836,7.653216766096715,0.373577,0.034875628,231
024135,2018,7.822064344652178,0.15193260541741782,8.988291106636073,0.4095595,0.043755893,230
024176,2017,6.185837361575527,0.4086957980937039,-46.84856316297011,0.5077979,0.15259036,145
024176,2018,6.764668296783855,0.27354561082294504,26.947288103973634,0.63721615,0.12418892,226
024197,2017,9.519391749725369,0.35372320557296066,-251.75255091856724,0.24740225,0.03649249,231
024197,2018,9.681363606248006,0.39115906667906897,-1683.6247240618102,0.2792282,0.031202514,230
024216,2017,8.875147602088209,0.5375996617540468,2.901420705882353,0.22710586,0.031590175,228
024216,2018,9.167101822437436,0.5422957473632423,2.985295847880299,0.22258213,0.035403837,230
024225,2017,6.862812461772798,0.0,5.5851997359442915,0.2659068,0.076812364,108
024232,2017,8.346974103409915,0.008098379555873508,1.4618629306791906,0.27392215,0.034453522,204
024232,2018,7.99548521910349,0.008131419330712486,0.9630647542952093,0.28327772,0.063302234,157
024233,2018,7.293376798955238,0.042128526537518564,1.796613317043372,0.2903125,0.04978236,116
024249,2017,7.670643004784671,0.2515432604189032,3.8369089090593533,0.49917468,0.088616595,231
024249,2018,8.159225446455979,0.27123389993694713,3.4502147526598557,0.501054,0.061911907,230
024287,2017,6.5835627096873885,0.5609996199612856,0.5235579242774852,0.44480914,0.028553441,230
024287,2018,6.661333684102866,0.5444267831475995,0.49095107591283144,0.39093712,0.05578029,222
024291,2017,6.816500244948981,0.78328914891672,-6.222204051861648,0.3233608,0.049870215,231
024291,2018,7.080150195975622,0.7890611265129488,-5.87397705081746,0.39790356,0.05767672,230
024293,2017,7.491256050327375,0.26682067571469825,2.4015836794854613,0.25777194,0.029968513,223
024293,2018,7.279058905083934,0.26097371943916015,1.9578918827660723,0.27856117,0.032547466,226
024302,2017,9.039423047420255,0.15492533775644368,7.007695800160957,0.3831736,0.037763108,231
024302,2018,8.433026289432693,0.1514870901865034,3.9242277242515695,0.49078113,0.039106276,229
024316,2017,10.486847780203757,0.0,9.201296468587588,0.27119452,0.016271606,231
024316,2018,10.19465352615043,0.0,7.410818718098336,0.28252852,0.02289654,230
024318,2017,9.105219320977742,0.04753768808098892,0.9140805926535469,0.22316737,0.04987604,230
024330,2017,7.271732073406508,0.43313878400485334,1.6229997236805747,0.26501903,0.07498177,231
024330,2018,7.050249520009974,0.5556365687137614,1.4770124332514867,0.33783546,0.08312753,230
024344,2017,10.544090513996768,0.16466432450633303,18.70890637239171,0.35648677,0.031636074,231
024344,2018,10.652177100224552,0.09310910937066215,9.533848195899939,0.32432672,0.038641095,230
024350,2017,7.473074542562777,0.30800898203592814,2.8005874836699594,0.35065153,0.029082783,231
024350,2018,7.961448483174267,0.28634796630008047,4.100527279667523,0.32704216,0.03898525,229
024352,2017,7.577939077720011,0.16152371305574648,5.197233969006924,0.27242553,0.0351517,134
024352,2018,7.36912385826344,0.1721330796164275,5.115561045142898,0.31959382,0.047960024,225
024370,2017,8.432758143022022,0.19212282421018245,0.9456440387974535,0.42223063,-0.03324918,231
024370,2018,8.720440215473804,0.12421963037105063,1.2270237571200666,0.3760006,0.026105538,230
024379,2017,8.56191803095903,0.1477768747712207,1.6575233077806302,0.30428082,0.08469213,231
024379,2018,8.220720772828802,0.1464624867158101,1.0377704570016228,0.3315696,0.039027974,230
024396,2017,7.280787756022295,0.0,5.339641408625756,0.37842607,0.037644565,228
024396,2018,6.9260132727694925,0.06345225575061349,2.7599537399627647,0.44600827,0.075748585,221
024405,2017,8.617200829956099,0.5090058479532164,6.6257755395683455,0.31638917,0.020517804,231
024405,2018,9.056941997596205,0.33049089651993546,6.425377775280898,0.3579578,0.022939473,230
024415,2017,7.436675425004316,0.2469861200665151,2.272193027437445,0.2713393,0.039606087,222
024415,2018,6.9476684446425265,0.22463011805640593,1.1898584476921863,0.3381193,0.0237347,206
024430,2017,6.247619187086671,0.27803327531353633,0.7801939988677108,0.43812436,0.057761967,134
024430,2018,6.370002861200093,0.18180957880216855,0.7807895866113573,0.42540038,0.048936144,180
024437,2017,8.76579649592004,0.4594867226185678,21.43227956514762,0.31255716,0.027272327,210
024440,2017,8.024556982654207,0.08326204044999622,1.9156490646133202,0.20866549,0.022655552,178
024440,2018,7.685021487720721,0.062231265239442654,1.4284398313331172,0.26256812,0.037936583,139
024447,2017,8.705706605700906,0.004924244302209706,1.7272196024051265,0.22607733,0.035505906,230
024447,2018,8.57334279691345,0.007474282823815276,1.193287346949274,0.23993348,0.041858155,217
024458,2017,4.917795766382641,0.0,1.2938672825191901,0.49586448,0.0942304,77
024458,2018,5.830481378901375,0.0,2.396611605728965,0.4968544,0.36258265,91
024463,2017,8.323406111196395,0.0,12.433718132150078,0.40264407,0.036284704,229
024463,2018,7.867938869443302,0.0,7.880841974422177,0.43370467,0.038459983,228
024466,2017,8.33688879877802,0.04515070153237896,1.1712309668094933,0.23912151,0.046785947,227
024466,2018,8.166865739458455,0.027796016704821114,0.8975854522473486,0.2560374,0.0753215,227
024468,2017,11.118067229570196,0.2509237885052806,5.341998208169478,0.26959392,0.023754999,231
024468,2018,10.991062890860556,0.23474726065586085,4.550862296389459,0.3067983,0.019207705,230
024481,2017,8.44156699657625,0.028397526040649622,1.9250414527588042,0.22640572,0.0056963,188
024481,2018,8.901224431918894,0.027122673387982837,2.8941477392121295,0.2270693,0.016985534,230
024501,2017,6.711798349581164,0.0,34.03501179977643,0.42802557,0.032686263,220
024501,2018,7.301967982239923,0.3122947464017491,16.986177120672476,0.46976215,0.057292324,230
024508,2017,5.277751072732793,0.0,5.285657440379843,0.40803564,0.10284373,86
024508,2018,5.726568620687026,0.0,9.287206705601113,0.4651479,0.08335244,173
024525,2017,6.414464615258132,0.0,2.183656773796709,0.7825603,0.087362975,85
024525,2018,4.993259878736475,0.0,0.7572036880088348,0.9167302,-0.006165761,138
024533,2017,8.049006202280196,0.44950253768823495,2.3679312496549096,0.15663289,0.019770326,177
024533,2018,8.07886123751889,0.4655355071857833,2.3210245568689367,0.15191576,0.026835453,224
024544,2017,7.00639920476596,0.49122751690356237,1.4141099744769834,0.3634322,0.056510717,223
024544,2018,5.993836307259931,0.44729354550897094,0.4644267492314571,0.46707234,0.060791105,228
024552,2018,5.468880058075908,0.4476700880313588,0.6209309996387415,0.44579417,0.095828354,90
024611,2017,7.609048068805063,0.3164373373001116,2.140279959664579,0.3318914,0.023335118,208
024611,2018,7.165615615978465,0.28297672231366094,1.3582683249370278,0.35581544,0.061253022,203
024616,2017,11.388993563726967,0.0,5.52357133925222,0.27277014,0.025196394,231
024616,2018,11.500059654232848,0.0,6.416330430261277,0.29496434,0.02390019,230
024617,2017,9.290681139840752,0.014665509069150809,4.759445621019179,0.22890665,0.031186093,231
024617,2018,9.213457128839456,0.012692921834448761,3.7423166608406015,0.30682084,0.035975467,230
024620,2017,8.158960354592315,0.6284582850677514,9.241031796401485,0.19417365,0.062370718,213
024620,2018,8.126848400975812,0.5034563841196009,7.206735764315544,0.21265256,0.116521575,204
024625,2017,11.844668584351687,0.17038218529371763,1.249054166875829,0.16600907,0.03483237,231
024625,2018,11.821087664722047,0.1562887031570092,1.1768606988931165,0.1952942,0.030287547,230
024638,2017,9.217184100154125,0.45820064472013283,5.824418349048419,0.22592826,0.04918254,226
024638,2018,9.263668794085765,0.5648455922043238,5.581711382759169,0.2562694,0.043237235,230
024678,2018,7.335846801522008,0.02698901439970065,1.1888934950215024,0.25128737,0.012869911,90
024708,2017,6.78626172285115,0.12016622359728103,1.285845857647515,0.30007863,0.024475418,167
024708,2018,7.042893146784146,0.0779316249196246,1.6461259557627625,0.354005,0.045951962,100
024720,2017,7.130209632854341,0.37373151423626705,2.468346431175565,0.34113577,0.03818796,228
024720,2018,6.580887206374571,0.3861811585925408,1.5219592739459196,0.36162922,0.04841158,219
024724,2017,8.146112683796888,0.44857493262049364,1.036143065233061,0.3571378,0.079197735,61
024724,2018,7.877262736663075,0.47443963529814226,0.8470877979823942,0.3182201,0.100139536,219
024725,2017,6.8671735680914585,0.29120545264076614,1.7745638578620166,0.44761717,0.051725473,229
024725,2018,6.991576917493974,0.29467080239722665,1.9695733331884364,0.4207186,0.059771374,225
024731,2017,8.952278575604547,0.45738289042094316,1.4321809727961665,0.26383236,0.025592357,190
024731,2018,8.727996733027823,0.4419608877089944,1.1574100995526422,0.23143189,0.04058637,152
024750,2017,7.436320491678623,0.0,8.79236930619691,0.3767679,0.03601843,231
024750,2018,6.9135178931810515,0.20756081483235522,2.8068127590104237,0.39454904,0.043498438,230
024755,2017,6.56799913021893,0.06333483227360769,3.023527230876383,0.33539522,0.033178125,177
024755,2018,6.738904877361823,0.06579551822749433,3.4769812944072584,0.30538452,0.033122163,230
024782,2017,9.41508595380036,0.2812671986791415,1.988838505793696,0.32187435,0.030954517,231
024782,2018,8.569050076956454,0.27789209170202306,0.929097565278758,0.35161716,0.028729958,230
024783,2017,7.863608261832737,0.17936349852450015,2.8013137444760265,0.23682438,0.043776136,188
024783,2018,8.237568358720848,0.13509705162902716,3.9094623313418913,0.24850756,0.05211599,226
024795,2017,4.80458383715556,0.0,2.3371820253116087,0.7176182,0.05552339,222
024795,2018,5.618260025027524,0.0,3.392038229896666,0.65939015,0.048688438,229
024800,2017,11.243897124793302,0.29621598509605107,2.4852715800429324,0.2447766,0.024121843,232
024800,2018,11.382868828382543,0.47007893287646085,94.61699353448276,0.29831558,0.029483642,230
024810,2017,8.675463629943332,0.47046128945238735,,0.27663234,0.023483627,216
024825,2018,7.748627939050513,0.497860916492182,1.462326967581277,0.19526692,0.024387319,71
024844,2017,5.752980174819177,0.0,1.0846710655390683,0.32298204,0.035963483,104
024844,2018,5.549457879706584,0.0,0.9364210319281454,0.3301492,0.048432082,168
024856,2017,11.447908109209655,0.4381571646059502,4.583950689756383,0.24929652,0.012318788,231
024856,2018,11.292142874393535,0.38592854338437377,3.749431897881891,0.27152082,0.010625082,230
024861,2017,8.012787065180596,0.637618596476775,-25.269028764635483,0.32478085,0.04658841,192
024861,2018,8.407774247021724,0.8571843394787707,-11.96495783220984,0.39239523,0.016811375,230
024878,2017,6.043448415494411,0.09445163511575283,0.49810672782513093,0.55268836,0.15789074,121
024878,2018,5.975621455493927,0.12933417450422108,0.5394957925618578,0.56142867,0.2809543,110
024888,2017,7.379590205379189,0.0005189048469230701,5.514177362371987,0.36704275,0.058017842,195
024905,2017,6.451046875236464,0.3608443142524429,0.7800080788376326,0.5264622,0.12326458,124
024905,2018,7.116550471159467,0.43683916773531106,1.298812604945468,0.59019095,0.063876316,230
024925,2017,10.186622565263022,0.30416913789787986,3.8676243129662664,0.197502,0.02853455,231
024925,2018,10.224054249768665,0.323958162562707,3.56117697228145,0.21064249,0.027893128,230
024975,2017,9.473973169976226,0.02484297905979786,3.973751961460731,0.2149067,0.019794112,233
024975,2018,9.5002970143813,0.020425566395171863,3.8410783575997827,0.2555027,0.04423243,232
024978,2017,7.18404047303515,0.009629150578566262,2.0291885085533172,0.30378276,0.034789138,231
024978,2018,7.2765690582402875,0.007341321095898737,1.9956806344141524,0.31647608,0.02672495,230
025056,2017,11.175304969351911,0.2643297836986519,2.5144176211453746,0.19059025,0.034564737,231
025077,2017,7.566446419683479,0.0003720993166903457,10.867307556030482,0.8233612,0.17064251,215
025077,2018,7.304137017917228,0.0001796468907835255,4.972241367198867,0.633028,0.048218444,230
025110,2017,8.381455939099695,0.0,3.643100711535284,0.27689755,0.06616071,229
025110,2018,8.456455083285475,0.0,3.7236020353656656,0.36403954,0.039989,230
025119,2017,9.929776641299489,0.12897180312981069,2.908667331901435,0.19882579,0.03593106,231
025119,2018,9.042752939290061,0.11570247870792572,1.1376430349212396,0.3046746,0.031934217,230
025128,2017,5.134009072385874,0.0,2.7841850697292863,0.9844062,0.109234154,231
025128,2018,3.9579937702524246,0.0,0.9088606298392418,0.89966065,0.047124032,230
025138,2017,5.172680671485928,0.32949520685058853,2.7658142816821902,0.51562226,0.18565427,121
025138,2018,4.351986926815766,0.29695098310717255,0.7572578474024073,0.5580974,0.10714071,198
025157,2017,9.645801080119728,0.3713977915432265,4.9037912436548226,0.2854702,0.021695677,231
025157,2018,9.670588445148912,0.42865342969708037,3.796949436855979,0.30981287,0.029968942,230
025167,2017,7.083619968334205,0.694919635691803,543.9218613138686,0.6520778,0.031018747,230
025167,2018,6.451711405360381,0.6334788985383056,174.54861746075463,0.62315655,0.01443676,229
025173,2017,7.609235488217347,0.021110925850212733,1.331193610753388,0.23533945,0.03799424,109
025173,2018,7.476992223372471,0.02024031459747823,0.8644782238774351,0.26602843,0.05705594,140
025180,2017,8.645153985527518,0.20298054367324414,1.8756740889886454,0.24650164,0.03011485,231
025180,2018,8.357215686232765,0.16722175600545475,1.4527651096184664,0.28678158,0.03375267,230
025186,2018,3.981901244861202,0.3473510046350336,1.1395906569467174,1.2336423,0.12739626,68
025201,2018,6.650556008936702,0.0,3.3640237026208624,0.26854587,0.027983593,73
025219,2017,7.984232109418663,0.007662592214349599,3.4407580559864823,0.24978936,0.034347337,191
025219,2018,8.005882166528847,0.005623804511130256,3.364127219017894,0.27070585,0.03469778,139
025234,2017,6.886287281726892,0.0,2.501637835848362,0.48063338,0.04594207,230
025234,2018,6.746911756969809,0.0,2.161652724073759,0.44603541,0.06221353,229
025274,2017,9.003921517456794,0.0,12.343370022395804,0.47189453,0.032781295,231
025274,2018,8.395642858398007,0.0,6.412319696917034,0.52509516,0.020005543,230
025279,2017,10.435555667379093,0.20034660224766307,4.855817260410724,0.22195567,0.023765082,231
025279,2018,10.798169034906527,0.22872517738939951,5.607509498051799,0.26945043,0.058467437,230
025283,2017,9.294806512598084,0.328935532233883,2.0054109841503873,0.3890032,0.022667814,230
025283,2018,9.323353829032552,0.2713930547758441,2.0257770942645195,0.374141,0.026789265,229
025313,2018,9.289217309018495,0.23323683031441902,3.4050844795629693,0.19796692,0.059975382,65
025318,2017,6.812739955703354,0.1353948379643994,4.43879901984712,0.27626008,0.03544598,165
025318,2018,7.1687396687834,0.08665375953931484,6.0117502141749055,0.34625366,0.053750023,178
025320,2017,4.952864222031343,0.0,4.352420916720464,0.5858927,0.08452485,171
025320,2018,4.999817323619332,0.10440308669995461,5.595883772674134,0.6594846,0.14936985,126
025331,2017,5.547010139068431,0.18158220669953637,3.014983835890202,0.36119372,0.047183227,220
025331,2018,5.874265340989962,0.1534541203974284,4.4194186335403725,0.38867933,0.047853246,202
025338,2017,8.01045158999964,0.22691890672744,1.042805484126028,0.40332755,0.02221487,229
025338,2018,7.701769033051159,0.24228096286135342,0.8640515972348887,0.53041846,0.044291537,228
025339,2017,8.739760384668044,0.45545170089858794,4.067195468159917,0.2687612,0.08981917,231
025339,2018,8.887809054791548,0.44446403950363933,3.63811968456477,0.2963221,0.067616746,230
025340,2017,9.614016613015302,0.16758859544014576,1.9327478643621483,0.2502345,0.02140547,232
025340,2018,9.67223188429283,0.14903008232610204,1.7664764658741818,0.31455782,0.030834056,230
025349,2017,7.504002827227104,0.0,5.694075983990164,0.8345072,0.041253317,231
025349,2018,7.733693202953679,0.0,3.987475536793884,0.89198375,0.063949235,230
025356,2017,10.648439776517748,0.27612716059849823,2.3249307931742424,0.24957934,0.04418414,231
025357,2017,6.060825950678641,0.0,0.9506405907004589,0.51410556,0.009738828,212
025376,2017,8.06211405185317,0.0033991025790433287,1.6267259921166077,0.24912675,0.11659949,136
025376,2018,7.885406817151835,0.0032825142447830856,1.3071116057884131,0.25772926,0.08339423,102
025377,2017,5.689580096649696,0.549011206021257,37.486615969581756,0.7604901,0.061965708,231
025377,2018,4.406297206998276,0.3880941476512478,10.44810707456979,0.73293406,0.07596396,97
025389,2017,8.47326475188801,0.45511001439440674,3.703933895812369,0.26952872,0.0230249,112
025389,2018,8.068042893754143,0.4115338848594742,2.0201651661918327,0.26162395,0.055577118,172
025405,2017,7.3114096820863255,0.46472509282870306,11.588904024767803,0.3843296,0.049237523,201
025424,2017,7.298380627169912,0.33305071175127055,1.307498438509108,0.30483878,0.050668675,165
025424,2018,6.998055877214361,0.32442016226721043,0.9122380730121687,0.2802296,0.04474163,143
025434,2017,11.250147182809238,0.2737511833825249,14.10822480321462,0.19206513,0.019199114,232
025434,2018,11.217335460414953,0.37630607209683564,63.62483454467722,0.214387,0.01842086,230
025466,2017,9.893938977648224,0.3622584205679094,21.176951963123553,0.28073585,0.0194636,231
025466,2018,9.835576108952322,0.3245764830990198,12.106796259415278,0.30258754,0.0210875,230
025495,2017,7.444804284576625,0.707501486704613,0.9000265123619148,0.5231438,0.12750548,231
025536,2017,7.564047627084634,0.3024532751399106,3.032365161416171,0.37425682,0.049511783,221
025536,2018,7.556881677267716,0.3628501123893606,2.0094179740857516,0.32960308,0.026211055,185
025572,2017,6.921142074658173,0.0,1.5802365341586824,0.32616782,0.08449234,205
025572,2018,6.954360410085514,0.0,1.4542292936695649,0.31982297,0.0678163,221
025632,2017,7.8745806905684805,0.724187033968517,1.9255882762155832,0.22702584,0.020719148,171
025632,2018,7.864049052526186,0.6995419390792568,2.0871379241196757,0.21121703,0.030152094,103
025633,2017,8.605465913575479,0.5208219707396472,1.5362278658971038,0.21985431,0.03540806,202
025633,2018,8.869603721653982,0.5285399849165574,2.0649103584587456,0.19714242,0.041081022,230
025665,2017,7.451980958695844,0.3635684409478906,2.2819978547592563,0.18453519,0.027235737,132
025665,2018,7.410288874710484,0.4039071893870324,2.0023304461592506,0.18669516,0.022939794,144
025676,2018,4.6130857748898455,0.0,2.210507039782447,0.45553973,0.1532597,88
025680,2017,5.593522308624797,0.26680695536604276,4.672295104773498,0.40285268,0.10365745,174
025737,2017,7.700929696518662,0.0889884926409914,3.602761136374749,0.27389595,0.016753867,230
025737,2018,7.575868354899936,0.09367012319148822,3.415677364335384,0.29493207,0.017260462,230
025747,2017,8.410294974100974,0.2812254683920828,4.844720304414725,0.24826366,0.036535036,231
025747,2018,8.354261357861784,0.26191654687706795,2.87391009808478,0.2906366,0.0480727,228
025749,2018,7.959223373129252,0.4094066226141256,2.4210654771069544,0.32013458,0.025777802,228
025751,2017,6.966627872775773,0.18169910176655185,1.0170961784099148,0.23838349,0.036544714,102
025751,2018,6.527994028081671,0.19678086417927806,0.6884375849193329,0.26370606,0.045889728,162
025756,2017,8.4007755616688,0.0,8.938468425767113,0.45021796,0.008155258,230
025756,2018,8.380574716366626,0.22798900165988772,5.911673994957846,0.4555209,0.015617827,229
025774,2017,7.196039072863263,0.22832700389094387,1.7075605872693462,0.4021483,0.08564202,224
025774,2018,6.958463602307473,0.07917632288527145,1.448842320977045,0.4023748,0.06603284,195
025848,2017,6.934301129363601,0.24960250979053067,2.2181066953514645,0.58463365,0.033096604,231
025848,2018,6.888816405343341,0.2018375003319184,1.5345891791715867,0.5636999,0.0332596,229
025870,2017,7.797907312187266,0.3231214651225424,1.945753694974834,0.26474255,0.03106919,122
025870,2018,7.499232126776488,0.29406238864954165,1.33480206871075,0.2667374,0.04147926,152
025880,2017,7.698899789359118,0.2655873379451468,1.5090537491705374,0.33283424,0.032675255,229
025880,2018,7.640479109342399,0.22186641723272083,1.4085143363486023,0.3656733,0.040973768,228
025893,2017,8.027680557043114,0.5126825518831668,14.401434210526313,0.27000272,0.11761679,169
025893,2018,7.723115800221723,0.4819854514334617,7.488370775347912,0.41583443,0.017007254,203
025895,2017,8.40019332050627,0.17405434883367416,1.4826234001035987,0.28522316,0.03691783,231
025895,2018,8.158349692145839,0.14158436601098526,1.0010615025876288,0.3160215,0.030117353,230
025898,2017,6.37861750660455,0.48719307653652905,0.8997782295324339,0.57750684,0.10279096,226
025898,2018,6.170504705163722,0.5176584228402699,1.1823534746935547,0.59611285,0.078596525,227
025904,2017,6.634546126724704,0.0010718289673071631,3.3779937139863803,0.64997697,0.07383034,199
025904,2018,5.718832945971288,0.11285136773041667,1.4156918335471635,0.9287144,0.065580636,185
025922,2017,7.007966157992217,0.31715399149119555,3.3396799308742535,0.274359,0.039095215,224
025922,2018,6.807957705871805,0.23996312774802311,2.426536861071191,0.2691628,0.046271954,156
025937,2017,7.971062469394755,0.0,7.243670570402313,0.27785656,0.029242193,231
025937,2018,7.943763600722086,0.4837107779724509,5.0238471494738945,0.47242397,0.075173534,230
025950,2017,8.289113273769017,0.7320302890528906,179.17187440918298,0.2937305,0.05159061,229
025950,2018,7.9294968940308515,0.8365811055255097,-29.90407554522164,0.25766757,0.032876708,228
025964,2017,7.274841447546184,0.25465298312750045,1.7994543754674646,0.3615667,0.037844323,231
025964,2018,7.620509440249736,0.2809717025873426,2.305936596947428,0.37226015,0.041179664,230
026013,2017,7.8103725375418,0.47092042839176945,1.0298340939310318,0.6129913,0.027555568,231
026013,2018,7.460206122756404,0.4086871397489824,0.5949707463765982,0.5329923,0.040383264,230
026016,2017,6.856464353012835,0.007832995074223418,2.159154908770239,0.35686386,0.063961536,214
026016,2018,7.184607439062318,0.005341182421343206,2.629355245767324,0.33308777,0.05374661,222
026021,2017,6.720445461476884,0.3108496928104251,1.3295004032497277,0.30748925,0.07771151,180
026021,2018,6.519456974495838,0.23529731669911574,0.9631557869443333,0.2857848,0.045152936,149
026037,2017,7.252200043236228,0.24611345830427828,2.327843356223473,0.39500535,0.047775123,186
026037,2018,7.782565491222629,0.22252757951188576,3.361975761007911,0.39488605,0.040345564,227
026045,2017,4.629999862355526,0.0,1.294320290898072,0.44248348,0.32196736,66
026045,2018,4.677181497398306,0.0,1.0272201990078285,0.5329031,0.16076848,137
026069,2017,7.756380498038918,0.3509655715326688,0.7532957228075448,0.44899586,0.023456438,231
026069,2018,6.97312935719465,0.3448607808646321,0.3208031028605359,0.5107436,0.046759654,230
026071,2017,6.191037563067632,0.03140098640965308,1.3924523685966341,0.2845584,0.058448702,81
026081,2017,6.109663496260355,0.05807972791102858,5.6368521880673645,1.0115772,0.041979212,100
026081,2018,6.283383730314331,0.041123155626470155,3.327005124701059,0.7516752,0.132768,215
026112,2017,6.699859499794065,0.0,11.621433129220556,0.5745123,0.14242592,158
026112,2018,6.523199979136685,0.0,5.201235454566291,0.8086197,0.11995722,210
026123,2017,7.499675389415859,0.3673981711132387,15.91574442605051,0.58570766,0.04497659,231
026123,2018,8.046275198667576,0.4395676191092812,27.81196981979173,0.53552467,0.059316248,230
026126,2017,6.3232680449665875,0.5346916847817068,-9.817034766987215,0.50583327,0.097806744,198
026126,2018,5.928519635499956,0.5249426125660982,-6.3693077836187895,0.5750927,0.102175504,167
026144,2017,7.573469924790818,0.22543834546115205,3.2931964750820386,0.4832745,0.03871595,227
026144,2018,7.245629674975427,0.21519621644230175,1.971582058991458,0.50423646,0.05822727,228
026146,2017,6.947513107478528,0.0,5.6852124526714345,0.73874557,0.114489675,188
026146,2018,7.323325161462,0.010764709992754876,2.977773323271389,0.78156924,0.028129146,230
026147,2017,8.061410681003958,0.0,7.916321601965994,0.34624934,0.060905907,205
026147,2018,8.344790614488964,0.0,9.966373152709359,0.39166182,0.06946675,230
026156,2017,10.008056605469946,0.16581441552942708,0.9462473843006903,0.26428455,0.026747433,229
026156,2018,9.985315008905479,0.182653668030202,1.0219582254343424,0.296135,0.030961512,232
026157,2017,5.241962864778289,0.6627339391450651,1.9010347844450477,0.744783,0.1687394,134
026157,2018,4.511910492499089,0.7571193334070266,-1.0077737214164815,0.9682462,0.056295298,87
026162,2017,7.781651747635799,0.022932075150896885,7.790564176590881,0.7689512,0.09867677,99
026162,2018,7.448540234475765,0.0012279050760613522,3.5309991056099848,0.79582083,0.07715611,230
026269,2017,7.3183586966714165,0.0,6.237133791688384,0.7135022,-0.0055240393,82
026269,2018,7.585037544670223,0.0,5.312185218867303,0.53286946,0.07816527,229
026305,2017,7.840876460900486,0.43920652870785337,1.6140745979466267,0.3689207,0.105709046,203
026305,2018,8.136974864270003,0.38630673791028053,1.6586266707874853,0.3940908,0.102544814,145
026321,2017,6.928994129318032,0.0,234.44250631168234,0.36008695,0.058626175,211
026321,2018,7.190923825784607,0.0,10.334393715255612,0.40317532,0.07091723,230
026335,2017,6.348537096990993,0.12551209760557952,4.2011892408319245,0.43519193,0.08770203,230
026335,2018,6.65655571267577,0.23356663150906964,4.851088064160051,0.4798562,0.057004526,227
026340,2018,7.1220622060816465,0.0,16.8921153951028,0.70993793,0.095594965,128
026341,2017,6.261673347208654,0.0,3.9096702001477057,0.76886624,0.049728896,137
026341,2018,5.717787281273432,0.0,6.550208844679843,0.7197626,0.07977941,222
026343,2018,5.723097662911834,0.09968935329003106,0.7822273145780052,0.41486418,0.28194603,75
026349,2018,4.440830069724203,0.23532089212562585,90.45345415778252,1.3022479,0.046958286,199
026351,2017,6.612106704719788,0.630342770968568,1.2006617083455033,0.23102394,0.18962245,77
026351,2018,6.585059008507029,0.4790687331243305,1.0750377127418744,0.28642324,0.063718885,100
026361,2017,7.751311227139929,0.7149190106116404,6.088193827522628,0.25937504,0.023480004,212
026361,2018,7.254782705924957,0.7036904112855236,2.722871045900939,0.38654307,0.052552808,228
026367,2017,9.525251543269158,0.16568782089088224,17.424393965406516,0.46466896,0.019864611,231
026367,2018,10.060158866608308,0.32036989682791006,20.876574246698578,0.48769215,0.02083332,230
026368,2017,7.64424854586076,0.19418356129219472,20.538474019588563,0.4322543,0.14052662,179
026368,2018,7.971027499046418,0.23602934941645753,16.677693437383017,0.47592553,0.09161355,222
026376,2017,8.400785138038321,0.14858683260724773,6.644520572282547,0.55403274,0.05097594,170
026376,2018,9.033047595245932,0.08431095211594161,4.815625430513534,0.56267685,0.042195898,230
026381,2017,9.058119830399745,0.5880798780928631,17.133178500106734,0.37642372,0.06491114,231
026381,2018,9.384824009038072,0.7383662735788172,94.59664876374498,0.48798215,0.051562257,230
026382,2017,4.433055244035441,0.28413992953031186,1.7476229423120833,0.57435364,0.11411548,176
026382,2018,5.666615597603551,0.2789788117358175,3.1115936100585597,1.0068992,0.1330326,191
026410,2017,7.362743806172155,0.48241674846700394,3.0635473782622302,0.19966063,0.045814686,191
026410,2018,7.488262624922956,0.45856073049025464,2.5856642410544395,0.23585398,-0.0003493203,80
026411,2018,7.042156862880386,0.27980191369311136,2.0079592879248813,0.49324912,0.08915407,135
026495,2017,8.095060263763743,0.6695283633992611,31.64318918918919,0.2569428,0.029970258,215
026495,2018,7.350915578252028,0.6370120481927711,8.356341201716738,0.36966503,0.041582678,226
026537,2017,7.888989889825275,0.0,5.844057228104073,0.5898319,0.123058625,230
026537,2018,6.494983038691379,0.025591231822148394,0.888872921068077,0.64635605,0.05364138,230
026539,2018,6.122244357600134,0.13016302269684155,0.13883442682460367,0.6893734,0.009106077,61
026590,2017,10.133143054997678,0.38628268860827003,6.6388755507479615,0.17489232,0.038083263,229
026590,2018,10.027132042920845,0.23049683858170095,3.431471457812145,0.22197068,0.072149426,230
026658,2017,9.656913699238423,0.16406175996968836,1.0366434237580422,0.17400728,0.049816206,163
026658,2018,9.64717884536613,0.16687909969844872,1.0247656547934323,0.18896118,0.08676575,147
026677,2017,6.665559888459823,0.0,1.1557151670693764,0.4677823,0.086896,151
026677,2018,7.526656557876523,0.0,2.680623582553663,0.58821464,0.07202616,229
026709,2017,8.348584770306894,0.7836060314404876,-422.41983,0.27247068,0.037126355,232
026709,2018,8.27470409592744,0.6471799641267522,21.979616358543417,0.28657117,0.04284869,230
026721,2018,7.606582567144002,0.33117358518193135,1.2993491860465116,0.34210888,0.060167383,94
026722,2017,7.268868126841674,0.0,2.858132417089931,0.46769682,0.16419238,231
026722,2018,7.327714833240754,0.0,3.0272891648946647,0.49924812,0.03927039,230
026746,2017,8.097202008382135,0.0,68.15615669474296,0.5852896,0.101572454,210
026746,2018,9.042043324791422,0.26851888891666875,25.86159949078736,0.5393318,0.0283465,231
026749,2017,7.479786814406411,0.6338563822294841,3.4715184169279,0.4186072,0.044279337,231
026749,2018,6.607615935928004,0.6221815965874467,1.2933734939759036,0.472198,0.049088534,229
026753,2017,7.932371989180118,0.20998101743925907,3.4141488485632774,0.44722146,0.055561483,214
026753,2018,5.604601934661329,0.25297612741587433,0.35363734937720237,0.46238396,0.054755792,71
026768,2017,6.95978057589046,0.15166632627707885,1.0524709532064123,0.40110594,0.018213307,165
026768,2018,7.28601813799498,0.16274065863846673,1.4984869839972816,0.38279852,0.02260004,230
026788,2018,7.17837619407269,0.16663898699793694,9.429447589724408,0.5505835,0.06676279,221
026812,2017,7.735849612005525,0.30551967116852613,4.669425948592411,0.27128753,0.04654563,145
026812,2018,7.479819434906569,0.2699898588033388,3.6961218189403424,0.32532305,0.046868447,142
026818,2017,8.175097255398459,0.0,10.673199194566328,0.60613173,0.07318987,231
026847,2018,6.743637483744184,0.0,9.506464097681192,0.45710376,0.047557075,228
026874,2017,7.220908324437847,0.08956491453678402,6.57310092272203,0.6909057,0.025086617,231
026874,2018,7.011454941186108,0.07711246330753165,4.697060704092954,0.6343743,0.045569062,230
026892,2017,6.6070732318369245,0.1358460731359495,-5.037068849380498,0.72683096,0.10384237,139
026892,2018,7.419258812915098,0.2294819355287247,110.020245398773,0.69680095,0.0842204,228
027014,2017,7.118891469607236,0.47063349935642734,3.4224987599446894,0.43265486,0.053289656,60
027014,2018,7.130124450541724,0.6628747941936166,10.233021735390263,0.34516734,0.031168122,155
027045,2017,7.633683032322292,0.37687979658239884,1.2720570892192165,0.17810775,0.054697886,60
027045,2018,7.535168295908813,0.42392876028404647,1.1959094453217844,0.18442482,0.027757265,82
027054,2018,7.7151324617552275,0.13286515973289023,0.9337858642232403,0.2822899,0.03642319,182
027119,2017,7.994973511226673,0.4776247848537005,11.239150549450551,0.28762865,0.051637847,219
027119,2018,8.15745274505108,0.5635644768856448,10.30199932093298,0.30629066,0.040842723,230
027155,2017,6.702745929602515,0.0,2.710072622148591,0.746183,0.022092743,231
027155,2018,6.425367441003958,0.0,2.2211701208981,0.74610966,0.039544147,230
027245,2017,7.997310270557038,0.35709205617872086,2.6990804907632358,0.35824347,0.09330976,177
027252,2017,5.983755911776861,0.0,8.629816284378737,0.8290031,0.21227123,172
027252,2018,5.463813923509805,0.0,3.5576895709590852,0.8791243,0.20946349,221
027333,2017,8.964822954512545,0.2611996962794229,1.8282300958167796,0.29198518,0.054987367,232
027333,2018,8.20832745719902,0.31273990129775175,1.5348648662207358,0.38634616,0.008805328,230
027364,2017,7.704222294426538,0.0,6.162891903758831,0.47480753,0.03290886,231
027364,2018,9.097971354041109,0.42447920210749385,20.393496639930632,0.57357556,0.05599299,230
027373,2017,8.468076473934076,0.5702349869451697,-40.68675213675214,0.23945035,0.051287506,209
027373,2018,8.304959906109588,0.6968716289104638,-11.295754189944134,0.24964486,0.045771502,195
027386,2017,8.33634885499481,0.4418300767742251,5.26847394755548,0.29199862,0.061455756,190
027386,2018,7.27214093581979,0.46638359518264993,1.874947006084728,0.40744963,0.073182724,215
027387,2017,6.15808365064211,0.04107633818751069,3.9727067814565085,0.5884577,0.090290464,231
027387,2018,5.745271766484077,0.12332752000772046,3.194718183954313,0.65396696,0.08297322,230
027393,2017,8.332971077707619,0.3838087248322148,8.02848494208494,0.25904197,0.035245735,183
027393,2018,7.822198553357127,0.42135851798038504,4.050950681818182,0.315437,0.052650116,214
027394,2017,8.728554605143298,0.3048177887584929,1.0275817251705206,0.22851838,0.022912512,83
027394,2018,8.561616509060778,0.31485634946064295,0.9281115127840909,0.22320333,0.021939376,133
027490,2017,9.183449441128861,0.0,5.927330450449573,0.2894165,0.059505217,231
027490,2018,9.004148568206544,0.29209974240937425,4.48801926422423,0.3448097,0.042861175,229
027574,2017,6.545449741533026,0.14973654569737802,4.333723453930779,0.3936972,0.04214484,60
027574,2018,6.74803858426037,0.18279587669772093,3.857697380033219,0.4144154,0.058586065,209
027575,2017,7.358841930128637,0.24139651854544947,1.92704475604128,0.30193552,0.13024661,190
027575,2018,7.36213321040346,0.20510090617224544,1.7602441466489063,0.33146742,0.21623482,122
027576,2018,7.147486884619964,0.19591013795332468,1.8895422397528399,0.3410283,0.037584,126
027635,2017,6.8628658674751595,0.0,17.52806222157039,0.30528772,0.13331708,187
027636,2018,7.019527968641258,0.0030850112265201437,45.75713572568435,0.49534458,0.036161546,198
027638,2017,9.208015458457979,0.0795552243938786,2.205787722750387,0.3844549,0.0208282,231
027638,2018,8.49927086165216,0.11300037645877777,0.911335424011876,0.41552302,0.030998379,230
027652,2018,7.073443871785491,0.0,4.470712537786095,0.29308072,0.116763726,218
027653,2018,7.130473651920831,0.5530315258462932,43.128253771012396,0.63866585,0.099327914,88
027665,2017,8.312185933756695,1.265239998265648e-06,1.608341557583638,0.2540102,0.16577551,157
027665,2018,8.01830066419698,0.02899243020692533,1.202458350809695,0.28156585,0.10456124,144
027669,2017,6.83991130083584,0.0,5.966910496941212,0.8772467,0.065294966,64
027669,2018,6.83348641388584,0.0,2.096925245170004,0.684669,0.060906462,230
027677,2017,7.807836601334042,0.3023518695624299,1.521435174561547,0.48153517,0.032704912,198
027677,2018,6.601837461432866,0.3402904013824202,0.42159448000760236,0.6961038,0.080515124,175
027703,2017,4.445508112963456,0.0,1.8440925905895076,0.54885554,0.03980844,158
027703,2018,4.555411608057383,0.0,2.1074691563116046,0.494222,0.07631165,182
027716,2018,7.45985862189014,0.0,3.6414271338241955,0.63071793,0.04240919,198
027760,2017,6.002829100249507,0.09848634135527255,2.257793447142403,0.40790004,0.039617896,222
027760,2018,5.774677314032736,0.04803510500264309,1.7636777366426428,0.47423795,0.09150642,145
027800,2017,7.16666442755906,0.3989422740652231,0.4985126000331697,0.4075273,0.117571995,222
027802,2017,6.259278645753547,0.3470705064548163,2.1082324596774193,0.48785567,0.06376294,225
027802,2018,5.446681335613561,0.3757126567844926,1.3032977528089886,0.5870907,0.18587843,195
027803,2017,6.490362316008443,0.5129266927811975,4.409384203480588,0.3214363,0.050502617,231
027803,2018,6.17049527840384,0.41752043283066653,2.11691592920354,0.36339754,0.044717796,220
027810,2017,8.25818850763244,0.024744687368579543,2.125856485434476,0.29563674,0.045683622,228
027810,2018,8.391494544305472,0.05472720134635394,2.9322946018521843,0.4364578,0.027478732,230
027823,2017,6.542217821588003,0.38171048325145457,2.504254163388172,0.34877387,0.036311068,220
027823,2018,6.956034855681112,0.3881307882631665,3.8153032533891733,0.3498182,0.0661731,200
027828,2017,6.498644282693466,0.0,2.6197717206536013,0.3723354,0.04880934,227
027828,2018,5.855913287353189,0.0,1.3283151810161242,0.53950113,0.1091845,166
027845,2017,10.897000698792855,0.21837996516871877,0.7840472976307639,0.25684372,0.02050884,231
027845,2018,10.70223982884175,0.2252671248757216,0.6827294856260011,0.2792329,0.023454009,230
027874,2017,6.735741533691984,0.3784944144357544,15.03755246378882,0.37075713,0.038361236,166
027874,2018,7.4299788981004955,0.3589022808757342,39.987001280895676,0.44541374,0.055603877,229
027875,2017,8.972823606640109,0.596315212718336,7.641655248199048,0.15757379,0.043203957,197
027875,2018,9.074981794494224,0.5841719717316792,7.78744697526285,0.14627662,0.016524144,218
027885,2017,7.5518397964982045,0.03387006939600885,7.753968841491471,0.53742003,0.017760474,230
027885,2018,8.535201236864209,0.0,12.902386261395403,0.57544875,0.04449336,230
027907,2017,6.947021741088919,0.35399430549031263,5.364858585702274,0.40173212,0.09629604,225
027907,2018,6.044701713451649,0.3224069417422268,1.8395764201089257,0.50291514,0.11429313,221
027909,2017,6.898207604651949,0.00011099205553017917,11.223770651558073,0.3895369,0.074012674,146
027914,2017,10.438635853060033,0.1755096033556553,3.4702326285307863,0.2280585,0.0300963,231
027914,2018,10.567134708747075,0.1721559831582261,3.82218621789194,0.22528957,0.030088458,230
027922,2018,4.230587130453049,0.0,10.178769800148038,0.771821,0.16817252,118
027925,2017,5.406762898645352,0.8713759779107225,-0.8299841382135011,0.73551345,-0.0021219393,60
027928,2017,10.46539232674249,0.10766961651917405,25.908571846381093,0.19909695,0.026814505,210
027928,2018,10.874640108973413,0.07493240633449208,22.438288802039082,0.24279481,0.024394257,231
027936,2018,3.7603313663470797,0.14902787089359257,1.5823601340650437,0.9419333,0.27224222,60
027938,2017,5.959041944351449,0.0,1.2601250561337054,0.49454492,0.030776532,214
027938,2018,6.340412212380975,0.0,1.8625773158626038,0.54323786,-0.009180226,229
027960,2017,7.171535909160756,0.09379821814651594,2.898729437017377,0.29790318,0.007134359,208
027965,2017,9.974512401890358,0.2129535435740929,6.54678885297884,0.2589252,0.025626866,231
027965,2018,9.88890506298197,0.48753133514986374,3.72774778250591,0.32264692,0.033381857,229
027981,2017,7.100232764304491,0.04928351745348725,1.8468654076437196,0.47327968,0.048647467,230
027981,2018,6.519595859883328,0.05709837006496305,1.1695625935402887,0.5270191,0.0365851,229
028034,2017,11.124021210135199,0.07103255858509658,1.3245508537872273,0.15461643,0.030157002,231
028034,2018,10.990699158689388,0.07388046801890673,1.1790396633010019,0.1811537,0.024676066,230
028070,2017,7.156504048774283,0.23690484578310042,3.407745459376869,0.4023469,0.032727797,231
028070,2018,6.571243261569679,0.1937241090017069,1.6992451312990973,0.3872984,0.051222146,218
028084,2017,7.6638161112941,0.28475849419163246,8.854350578893763,0.45529476,0.04197469,230
028084,2018,8.567347529439164,0.0,16.78099469805063,0.47820392,0.060944203,229
028113,2017,6.859719997816821,0.0,5.074216108011415,0.6973449,0.110235415,222
028113,2018,7.300770008453696,0.0,3.7773051925700227,0.702834,0.07527915,230
028118,2017,5.93477807776706,0.26769747680255096,0.6560223247062744,0.7059294,0.06428469,231
028118,2018,6.657905956908789,0.1712724368619056,1.3302492558189578,0.749859,0.07392399,230
028119,2017,10.016094208045914,0.5373416153196704,2.616884734623407,0.30616894,0.06475097,231
028119,2018,7.4775253373696735,0.6505114186409812,0.5398490746262823,0.27301157,-0.01681109,161
028139,2017,7.886952300628712,0.1017442336478258,1.6157938051228269,0.31960362,0.043345436,232
028139,2018,7.534038677078563,0.003511758368699379,1.2700905187514766,0.33237424,0.031604122,230
028169,2017,9.67338798916838,0.24506743952736598,2.5958323803300116,0.23697312,0.03564206,170
028176,2017,8.582487754182297,0.379609047419182,4.068927697451778,0.18236104,0.039430544,190
028176,2018,8.685839689362256,0.3333574125856528,4.1604746104898505,0.20170733,0.031878754,217
028180,2017,9.91729198540126,0.39334855191276674,31.051416102387883,0.28862527,0.02704319,231
028180,2018,10.211605159309117,0.4281684429947966,76.9571956671106,0.2811047,0.024514554,230
028191,2017,10.144351432902836,0.2848424248722334,2.3777084838655753,0.26476339,0.03209863,231
028191,2018,9.925237910694019,0.3016567460711445,1.8405154392059908,0.2880659,0.032100305,230
028195,2017,8.625468558763265,0.147133447698922,2.36742708987497,0.29067117,0.024824172,231
028195,2018,8.489867477655624,0.2070045089339787,2.49465648886275,0.30682603,0.031517513,232
028209,2017,6.674346823341712,0.0,3.0051503846431187,0.31434646,0.032742474,210
028209,2018,6.168769583846023,0.0,1.811746430359771,0.43718275,0.032320198,227
028216,2017,9.215327949308115,0.058987420238130764,1.0502078063354177,0.16994694,0.041301966,229
028216,2018,9.083461910303832,0.04752491448664989,1.0423468404967107,0.20583898,0.031000914,227
028272,2017,11.383679415418605,0.24560406604160745,5.874048937165775,0.24439996,0.028739566,231
028272,2018,11.474645241785577,0.2862112743400768,7.719307059672762,0.21461709,0.024790179,230
028295,2017,6.646681381632794,0.3156090323940867,2.3999825506576222,0.45055494,0.046746124,202
028295,2018,5.631975719337462,0.3273287001221173,1.0005920845159255,0.47509104,0.046173923,93
028303,2017,5.9303074491763,0.14774300573039698,0.9966101973248576,0.3968422,0.07497845,204
028320,2017,9.271620778718672,0.46157605726935574,10.816939668328416,0.22270669,0.04050664,231
028320,2018,9.390249437719019,0.44411735982253725,12.275517842493848,0.2425983,0.038582355,230
028323,2017,7.736416645132773,0.3536698594809869,1.46136571041712,0.30899125,0.10458497,80
028338,2017,8.337686347997327,0.3188755020080321,0.32882750924687176,0.4659179,0.02802739,231
028338,2018,8.350185156238233,0.3742450808494058,0.32280186617837797,0.4702305,0.016804552,230
028340,2017,7.826767149198911,0.6694475228386229,4.310362685658673,0.2970139,0.022167832,196
028340,2018,7.549349784149766,0.7168210685386653,3.9558315544828075,0.26044568,0.032569826,230
028349,2017,10.522441612201916,0.054918076533062916,1.7851331223263638,0.168585,0.028917091,231
028349,2018,10.219233645672759,0.05464636656005844,1.415005709937055,0.183551,0.026030393,230
028367,2017,7.17799678253007,0.24406751650729025,16.470539765942203,0.37844414,0.05826876,215
028367,2018,7.434309737525711,0.2915295296967672,31.11037154092095,0.46899492,0.099788815,230
028378,2017,8.603868561962024,0.2907578393327089,1.727783833454799,0.3477575,0.10462468,196
028378,2018,8.12511014280133,0.34482512575961183,1.1574468085106382,0.48413533,0.05047776,225
028380,2018,6.882708408649901,0.0,2.907790469205151,0.3726321,0.051906977,164
028383,2017,4.974051804410191,0.0,2.824280608558092,0.49112684,0.17575075,84
028383,2018,6.055623996406902,0.0,5.771379702300405,0.6251429,0.053084157,203
028397,2017,7.551643100567981,0.8038206975752088,-15.642533624734002,0.3125043,0.03610936,231
028397,2018,7.130033912362646,1.052857795907501,-3.93535182553512,0.4031157,0.040781904,230
028408,2017,7.062330225938225,0.15984627662284004,2.107269433120168,0.33205152,0.046701,229
028408,2018,7.210525101733888,0.16994895691036763,2.821775446686359,0.33041036,0.07089196,222
028410,2017,6.154521498096234,0.006111489629808713,5.3002396604903526,0.31561273,0.03561259,160
028410,2018,6.048231738597113,0.005225575296029965,3.5565727462889685,0.4156047,0.11174178,200
028420,2017,7.460399622772442,0.0,5.89842920564237,0.41636077,0.040835597,203
028420,2018,7.713904685316971,0.0,6.96357189281305,0.44427067,0.043365955,230
028423,2017,9.329567630906563,0.0,3.419668698003094,0.3877997,0.05412847,231
028423,2018,9.428181499857244,0.0,2.4992743962715993,0.39185947,0.025270542,230
028424,2017,6.0717852161466785,0.0,2.400036544243451,0.4841252,0.08535345,151
028424,2018,6.293277401869296,0.0,2.619647968152959,0.41860878,0.12616095,221
028462,2017,5.10942643860996,0.5254942913031779,2.4751900020928628,0.47249845,0.17159209,76
028462,2018,4.453988627288321,0.5507053593306963,1.7230705710219871,0.6510247,0.09246852,159
028470,2018,6.640804030369794,0.0,3.696976602709567,1.071265,0.049383942,103
028475,2017,7.882638364779244,0.43841729104288857,3.853695982113003,0.6007301,0.014661748,75
028475,2018,7.9747604713526385,0.5430988321814976,3.6203930956657344,0.61979884,0.099089265,230
028477,2017,8.77556067631364,0.14970822334028225,3.5289550834587953,0.22009312,0.044729006,231
028477,2018,8.682769770335934,0.15171207683473786,3.1438675693446134,0.25349218,0.037917838,230
028499,2017,9.641895126124995,0.006568144499178982,5.534325808770667,0.28568503,0.015961632,231
028499,2018,9.449976765560562,0.005422993492407809,4.4232057083188305,0.31756058,0.018464532,230
028518,2017,5.3686460920512395,0.2927093049760501,1.1393958188412339,0.5946094,0.10164348,149
028518,2018,5.360637162509263,0.345723042237644,1.06685242730125,0.50675225,0.06481014,156
028520,2017,9.099331756903641,0.3000229710595661,1.0971433322871869,0.33238068,0.040971365,231
028520,2018,8.561623660195142,0.271878896023899,0.5478992345160617,0.4137675,0.048687898,230
028590,2017,8.287616491704672,0.37246698914890836,12.521581600504097,0.28229463,0.04660081,231
028590,2018,8.07499303832045,0.45475896168108776,20.90504229017567,0.28945076,0.029878335,230
028629,2017,9.154924289512646,0.3289533359638262,2.778239541570165,0.17285153,0.05025104,225
028629,2018,9.11341022072638,0.3029616440708433,2.7408742404700335,0.17008846,0.07503479,214
028704,2017,6.679546898045239,0.07889498836148359,2.987002033969543,0.2633235,0.024202826,186
028704,2018,6.527125202590551,0.2076343526092717,2.269161702890611,0.2829235,0.037862167,211
028719,2017,8.131739629955556,0.2621886592474828,0.9636470388211957,0.3175395,0.027942577,214
028719,2018,7.7169875122187195,0.22634730538922157,0.6971392861576661,0.33474267,0.046744052,228
028724,2017,6.666012109715747,0.035061945209026384,6.551731926077343,0.66794944,0.0996026,228
028724,2018,6.317565111981561,0.014631609361456226,1.9611531493276717,0.54472494,0.22687705,171
028733,2017,10.063414710343386,0.41371289188029964,2.299665332834763,0.1597879,0.036115382,231
028733,2018,10.101699848837129,0.3845692176637005,2.405742589427466,0.16986886,0.02829065,230
028742,2017,9.28456026793763,0.21493522416118355,2.8977712467714163,0.26431957,0.023194725,231
028742,2018,8.88646296050814,0.19223797212564261,1.7118421725239616,0.30482098,0.031274628,230
028762,2017,6.880294540664436,0.36032497372065425,1.347618089895422,0.3869887,0.04532491,183
028762,2018,6.4259306319990825,0.3447400289668099,0.8627110107312411,0.44003943,0.04799867,227
028787,2017,7.923740891069345,0.33803002024131856,2.984423987034036,0.28248373,0.09709299,116
028787,2018,8.239445608107987,0.2938838761278712,3.336069761296574,0.26562235,0.03949196,156
028790,2017,9.140847196786774,0.8489064884109568,-27.86339605734767,0.2116029,0.02363368,224
028790,2018,9.065844892821803,0.7480725697975789,-1881.4322282608698,0.25104606,0.034643464,231
028806,2017,5.780184872125688,0.022351041125915672,3.977046130038565,0.89649266,0.04777392,231
028806,2018,7.436405604650673,0.01882447809336081,17.71097801578354,0.9007133,0.07615863,230
028838,2017,10.725951749260725,0.1749050907627462,1.0579293853925678,0.28382266,-0.016588047,231
028838,2018,10.229163946045118,0.16625613244303916,0.6205541334994636,0.2648539,0.032498717,230
028844,2017,9.590554573109998,0.24919404192563174,2.3435526426054523,0.24777935,0.07180398,140
028844,2018,9.455750158117798,0.26612755257453746,2.0102229348599647,0.28157523,0.026216425,142
028853,2017,8.467538133333871,0.27756724360157325,1.5015582753970484,0.3076252,0.033633597,231
028853,2018,8.579074435117272,0.2773496633195817,1.7778952825367391,0.30385944,0.015673166,155
028866,2018,6.983862622488784,0.01524626880890999,1.4500779410658038,0.3689471,0.041067783,174
028877,2018,10.492618585592513,0.2965370620221595,1.5998060533439846,0.26444817,0.02700424,180
028883,2017,9.656691849492494,0.24009551616810623,7.14226890134065,0.39166027,0.014848873,231
028883,2018,9.218352697396512,0.30888471528508976,4.833607577304337,0.31158105,0.0538471,228
028924,2017,5.999492610796809,0.09070810622965211,0.97873977809764,0.54810065,0.026766092,229
028924,2018,5.906386146170379,0.11948636108332737,0.8264985140507134,0.6035308,0.037191592,195
028930,2017,10.79426851954191,0.32737598129280104,13.063694183864914,0.24024744,0.018033417,231
028930,2018,10.513598064658206,0.3593011478730587,16.54503191011236,0.24685195,0.026697287,230
028940,2017,8.084132677411848,0.4063799190389659,2.2608627532187913,0.30959678,0.032080233,231
028940,2018,7.40584266681654,0.3871594924061756,1.1862997262004142,0.38502142,0.033526946,229
028967,2017,6.390888611466447,0.024439916488080218,1.688107119707207,0.22477144,0.11182202,142
028967,2018,6.223351007565749,0.025958490497423083,1.0660539208433903,0.30263743,0.011999068,68
029004,2017,7.149551431860475,0.446014806268628,3.3602494986807385,0.28156742,0.090579435,179
029004,2018,6.993798856137884,0.3692681445490435,2.5571417644298453,0.3585175,0.12757806,182
029011,2017,8.280919237426138,0.6512899253723381,3.585747282411242,0.28198332,0.025884919,231
029011,2018,7.7503178570239974,0.6870893114529912,2.02690700603365,0.36080325,0.029848633,230
029015,2017,7.916130415255176,0.024916579601527707,2.9136953630980287,0.37176037,0.03654582,231
029015,2018,8.362510674522047,0.02165139440277017,4.09847156813028,0.3700486,0.023105614,229
029028,2017,11.134988287016082,0.19110242936143285,6.358077097791797,0.1804863,0.016981175,231
029028,2018,11.534246562042714,0.16843007592456527,7.981483051019611,0.20338354,0.02326985,232
029082,2018,5.803626361661068,0.6326867637060971,0.3438392219991039,0.58008057,0.086026184,197
029099,2017,9.378363664036852,0.31151966266503983,1.7677151402888085,0.18674143,0.026314061,201
029099,2018,9.193165883136666,0.33737703938440133,1.5363813084462725,0.17593095,0.040601905,198
029101,2017,7.993845560202978,0.0,3.2106317080783033,0.2604334,0.05005919,168
029101,2018,8.264021177462302,0.0,3.6852654289633953,0.24780865,0.03635003,112
029108,2017,8.540658233288916,0.1505130532869723,1.2853035924984677,0.41239074,0.033213276,231
029108,2018,7.701157167720726,0.20461287351463456,0.6307098743860584,0.44645485,0.026330013,230
029127,2017,9.903923394043419,0.007212772444151826,12.270552486187846,0.47510824,0.0066775084,231
029127,2018,9.515038638074074,0.006589406000993287,7.041739162716702,0.4048005,0.008047965,230
029131,2017,6.953360376206795,0.2114425778078143,1.9684476198894527,0.37263387,0.05262403,212
029131,2018,7.040640316514205,0.0015070951212505122,1.9140809260373426,0.35129526,0.06922276,208
029133,2017,7.880117109338642,0.28182838139977884,3.3623199426257857,0.29838592,0.025633115,220
029133,2018,7.532548894369579,0.37876267448376416,2.6209588823890106,0.34838557,0.043806948,230
029138,2017,7.529370028602047,0.2773823836434974,1.6257270372970385,0.42006883,0.053806406,179
029138,2018,7.269834929147901,0.36601075873340644,1.1122072497615008,0.5513429,0.061210506,189
029150,2017,8.214024725395195,0.0,2.838315685335494,0.46709946,0.023608897,230
029150,2018,8.135123249700973,0.0,2.2914788684156453,0.42278498,0.03583343,229
029155,2017,7.633249371391261,0.2218977881267475,1.2302525596619196,0.43035388,0.08184375,189
029155,2018,7.291406177919251,0.2558329029754871,0.9020912483258273,0.4526011,0.06288352,228
029173,2017,8.747780751221638,0.49062688973997176,4.472087109375,0.37814718,0.022843083,231
029191,2017,6.4566804836215805,0.3232063319012201,2.938444930384477,0.6877039,0.033679668,109
029191,2018,5.892832731775377,0.395718543571533,1.8274482417837297,0.6115513,0.0447383,230
029194,2017,8.867859381295851,0.13912631025741365,5.742132268379908,0.2707312,0.09293189,193
029194,2018,8.810203535383698,0.14559178315835103,1.1181221013801268,0.50453246,0.05356612,223
029211,2017,7.170910807240927,0.03252313834497309,1.774925205148669,0.28314805,0.019717319,175
029211,2018,6.784732952178435,0.03325502891534353,1.1728088451019558,0.2730334,0.021575915,78
029217,2017,6.590145953752582,0.15464763240892954,1.364142050203716,0.4169759,0.03919124,231
029217,2018,6.556206743955275,0.09615800625804996,1.0563292887619768,0.39067718,0.03024487,232
029241,2017,7.783573955100325,0.4544894574745321,3.0529501525941,0.39591095,0.030637383,188
029241,2018,7.749929177124844,0.28908335805398994,3.221046205078396,0.337757,0.023559164,230
029359,2017,8.908237162320383,0.48841426731241727,2.8450313362178945,0.16762842,0.09078786,210
029359,2018,9.080615493375953,0.4557655961392698,2.827122906583349,0.15434797,0.028422656,226
029375,2018,6.993270306165257,0.617888165781451,14.551644891525061,0.60833025,0.051403932,214
029382,2017,7.916149819378199,0.0,3.414455526200735,0.29149893,0.03110487,214
029382,2018,7.860854547819654,0.0,3.2187774101715783,0.30056486,0.042325757,218
029389,2017,10.886311450794711,0.6997258757755295,14.668812988750487,0.21606092,0.03251311,231
029389,2018,10.857300745387763,0.7133242171902354,15.953544781038822,0.18984336,0.033790287,230
029392,2017,9.490978058902813,0.38421151321957625,2.450442021099389,0.20436732,0.03563987,231
029392,2018,9.231655675189284,0.37042825883088465,1.7603723884197828,0.23990092,0.030983198,230
029453,2017,9.456605272824962,0.9079051100121838,-7.251918367346939,0.302479,0.025749523,231
029453,2018,9.629828693597853,0.8827336105292777,-28.9198288973384,0.3095455,0.030657697,230
029508,2018,5.813977057361896,0.00588844517618382,1.1647995367907107,0.2553568,0.15718043,125
029517,2017,6.739230621738777,0.0,7.781383759589615,0.31940264,0.059099652,231
029517,2018,7.302319426932241,0.0,13.599044598830497,0.5259331,0.046838116,230
029565,2017,8.1197114849841,0.1404713311607101,4.804568817965381,0.4198805,0.08541855,223
029565,2018,7.572644209615624,0.2768534033220892,2.0510307083706945,0.3991759,0.07059246,172
029609,2017,8.300456979193452,0.25256831555618636,2.350324865485932,0.39218697,0.024525676,188
029609,2018,8.038437647649534,0.23331423835823034,1.7833518801139174,0.36684266,0.03173736,230
029649,2017,9.343816520074755,0.3537181214033966,1.8025417865226014,0.16484684,0.025126958,231
029649,2018,9.296056172569036,0.3702500074842493,1.771587950953449,0.17061907,0.024411444,230
029680,2017,7.091967846687408,0.05619345192455145,1.8320520904603932,0.4887193,0.047708202,65
029680,2018,6.212622608641233,0.033274168476523314,0.5992840415336614,0.48036563,0.04982371,215
029684,2017,6.019018306613528,0.0,2.4605182844730087,1.1312056,-0.024967413,87
029684,2018,4.709630826880042,0.0,1.066092731131577,0.90626043,0.10069944,152
029705,2017,5.993284789461248,0.0,2.0278153590802366,0.34576622,0.12782028,88
029722,2017,5.636261733339423,0.0,1.9082170806396737,0.38235268,0.20323527,193
029722,2018,5.518974629607564,0.0,1.7578627568462974,0.31057113,0.1167972,123
029733,2017,9.539460499384012,0.3043553685950454,2.9697939823916575,0.26898766,0.024193339,231
029733,2018,9.28214490503556,0.28666620111629487,2.1721925887768445,0.27657208,0.020116359,230
029734,2017,7.333748241541761,0.44602096935141056,1.7768728356435275,0.3414643,0.056372534,203
029734,2018,7.257642488284061,0.4453079801941484,1.7511560975429148,0.31942552,0.06539144,191
029736,2017,9.14488401642411,0.1511749464665855,6.602225636210741,0.2886881,0.025979629,231
029736,2018,9.226738024606263,0.13300977356218047,6.50864268609699,0.29029107,0.023090279,230
029751,2017,9.556611289338406,0.18260890657085513,3.84750777034134,0.28592214,0.020358669,231
029751,2018,9.004523974736317,0.18438091640447743,2.2703197621635556,0.31699377,0.020713542,230
029755,2017,6.442683213561316,0.5970044957327684,0.9203590645331456,0.41400525,0.048938833,232
029755,2018,5.863577196868545,0.5766485816939225,0.546531434241111,0.46813378,0.04815362,230
029804,2017,9.607466406458794,0.2171095841964331,1.7105868147790384,0.21455432,0.03469166,231
029804,2018,8.801989203198534,0.24645559486610025,0.7748699118757869,0.27774748,0.028710876,230
029819,2017,8.671510559064595,0.0,6.499895008912657,0.34014148,0.022951089,183
029830,2017,9.577604007329054,0.237000279006736,1.3959666424945614,0.23256859,0.028982317,232
029830,2018,9.513923352259628,0.22375347489205655,1.18114635464802,0.25727168,0.030983504,230
029837,2017,6.180426528234642,0.10939700099293723,5.768357587116645,0.69995844,0.10321553,231
029837,2018,6.789206411401331,0.19119319536096865,18.040182999898445,0.7464226,0.22126578,230
029850,2017,9.298857956066174,0.43584079918635066,2.504875301143497,0.27452847,0.024938907,230
029850,2018,8.892270182296226,0.42715585519548727,1.5971224423984682,0.3365171,0.08087106,230
029868,2017,9.13351180142544,0.5329697636713915,2.515357794945537,0.31099635,0.026936151,231
029868,2018,8.7180237548261,0.5058996491340018,2.071731362143723,0.2595071,0.027863817,230
029870,2017,5.464482483119206,0.32480741792709855,0.8663548717271435,0.5134721,0.038655538,231
029870,2018,5.056781712679733,0.3976785761232484,0.5116897889514677,0.43339986,0.025128415,222
029875,2017,10.112018885080323,0.3945553964385535,2.371702102589842,0.1652405,0.029960733,231
029875,2018,10.09027069994955,0.37768685868488916,2.2673009232167542,0.16667248,0.02500806,230
029894,2017,6.634616537746509,0.5361378926008964,1.5654822836265492,0.39862576,0.04892297,155
029894,2018,5.643741699035068,0.540415032266228,0.6754033397482637,0.47817686,0.06649443,209
029901,2017,8.889868835456902,0.27787274760517144,6.609864179384481,0.18971696,0.029522484,188
029901,2018,9.504759470369928,0.17278994045148022,8.489957687659027,0.25278938,0.025660023,231
029910,2017,6.932359692561139,0.057285589328541005,1.2242916101750592,0.33746418,0.056459423,130
029910,2018,6.938670345547305,0.12828131465921622,1.190473766586332,0.36750826,0.05717303,203
029921,2017,4.252032976879503,0.29737302771479257,0.9259860538075215,0.7389586,0.06656531,82
029930,2017,6.003583292576667,0.03560992281045183,1.472408464738741,0.38921115,0.05808186,186
029930,2018,5.872334075942966,0.04291371081753806,1.2692419795892835,0.516729,0.044172462,221
029955,2018,8.773712309326893,0.7410131724732243,2.3644776326381267,0.47688067,0.045547217,178
029962,2017,5.818172352651398,0.30110225908545235,2.4694708749981644,0.36738774,0.10686989,188
029962,2018,6.075342697749795,0.18267001155838886,1.9902388752138942,0.37711293,0.045157697,223
029968,2017,7.48563138501795,0.49116640674099765,-8.251153240740742,0.5530244,0.026376685,231
029968,2018,6.565202996284041,0.44150408574528865,7.1066666666666665,0.54432833,0.05101931,230
029984,2017,10.443813302841695,0.3135481660692495,2.2060696302131895,0.18262567,0.034540072,224
029984,2018,10.51789049404716,0.28155691611025596,1.66317919650081,0.1863317,0.026681183,223
030004,2017,9.41221187790405,0.2784173510533655,1.4399606040655044,0.22558008,0.10652137,177
030004,2018,9.254798484439899,0.3851032594699079,1.2704424378283388,0.2037638,0.0886342,157
030007,2018,3.166246058852801,0.9745124062128699,-0.5926162456587462,0.96788454,0.15065442,131
030030,2017,6.271613000479809,0.0,3.759449573863636,0.45292673,0.098028004,64
030032,2017,8.51229383916641,0.2622133502364651,3.5096270341188833,0.27307042,0.027179418,231
030032,2018,8.243640980625395,0.30200220084889884,3.144608499305904,0.30364737,0.030101515,227
030059,2017,8.068305209431506,0.0,2.559922232354902,0.4278861,0.020893611,230
030059,2018,8.200246611973816,0.0,2.828499225275813,0.4383556,0.024999384,229
030067,2017,7.374564561731205,0.328660394451083,1.755216962101378,0.18716098,0.09976097,142
030067,2018,7.705136124542117,0.33409805496430567,1.7957806120178792,0.23559792,0.069338895,203
030075,2017,8.62665654451402,0.3235593269374699,3.615559360834177,0.27663475,0.024246098,184
030075,2018,8.387486939888243,0.30369891834542107,1.5588838339217912,0.29990748,0.10342725,171
030091,2017,9.790115654615473,0.0046858660624988675,5.967386325090807,0.5642036,0.064775154,231
030091,2018,8.890253227564193,0.006189883519656196,3.1418696416571366,0.558881,0.036632523,230
030145,2017,7.423022862620746,0.07952080018691797,4.051006165729385,0.43775472,0.10146107,97
030145,2018,7.118292341376545,0.05492255135650856,1.5480442212063634,0.4581911,0.060696073,221
030146,2017,6.441854023482618,0.0027380818901811287,1.727722411111264,0.27614528,0.03775835,167
030146,2018,6.91174554726209,0.0009323507088117915,2.799217778967355,0.2599728,0.103687525,95
030170,2017,9.062247907050763,0.2119175946377386,2.8568180196404063,0.24815321,0.027465532,231
030170,2018,8.549753310439975,0.18133472480598534,1.737837946951244,0.3756928,0.087155096,229
030222,2017,7.493279386229997,0.02050659841656332,2.2324162594673074,0.270765,0.0633495,122
030222,2018,7.316099571591144,0.02087881214819048,1.032944071708185,0.25999877,0.05026264,190
030241,2017,7.682286694657463,0.0,9.690492346585552,0.6036284,0.09843508,228
030241,2018,7.422110187489558,0.13963597912607575,5.615007738197152,0.70875835,0.08541823,212
030259,2017,7.957905087286612,0.8973002277827743,-39.073623301342515,0.3229582,0.055816583,231
030259,2018,7.694955048910939,0.8603882561208764,3.0048644878601145,0.3956074,0.049175616,230
030260,2017,7.894925802322826,0.0025127153807674627,3.0331116393038706,0.19156945,0.03054235,154
030260,2018,7.798006605147078,0.0016091411747317852,2.8471091530939288,0.2667523,0.041295465,216
030281,2017,6.569994949124914,0.0,8.746628085189862,0.6045152,0.06470224,231
030281,2018,5.511904884063776,0.6085554010925538,8.457625862422297,0.7000415,0.124641344,220
030284,2018,6.785883646392937,0.09506395426425951,2.0462949907192733,0.54015243,0.069603406,122
030293,2017,9.676803615194828,0.43911044321945475,2.539815646781489,0.16871023,0.02994495,230
030293,2018,9.690101671190437,0.4049941551710828,2.5780594705056092,0.18360567,0.021640902,230
030298,2017,8.567377235112653,0.39007494067097753,2.3995894749526,0.18568666,0.051942658,130
030298,2018,8.295703354462368,0.44608769737127785,1.8065392049843023,0.17912635,0.04981083,150
030312,2017,7.311694156325764,0.026952084669956106,2.8379417371235403,0.38364142,0.023580482,231
030312,2018,7.052352071133674,0.0432154304029304,2.2562700791352723,0.34753314,0.043933365,230
030354,2017,8.75492856399392,0.4465983731994856,2.054140630921325,0.17652288,0.05112978,89
030354,2018,8.731337994371012,0.4378463352385226,1.8601407446136642,0.20778765,0.079766795,127
030384,2017,8.235550978236683,0.3847412941311676,2.642329464911052,0.17833607,0.03026981,67
030397,2017,7.2004939950349645,0.34525603660470244,3.244595579422937,0.4069905,0.030645538,191
030397,2018,7.12659400180373,0.3356398382842069,1.7465753172834586,0.4149321,0.037690092,226
030443,2017,7.751192065005883,0.12902526292963243,1.315119118479122,0.27750942,0.022256523,205
030443,2018,7.222168377729634,0.2033362005406734,0.8093707683215131,0.32578462,0.054296125,223
030463,2017,7.1088811708266935,0.17848943051793278,1.2010044886212963,0.34012085,0.04659039,231
030463,2018,7.532129920922919,0.1660661035813137,1.493541721828876,0.30847985,0.030068442,232
030477,2018,7.383095424909644,0.39122200308568567,1.852432081036355,0.29014254,0.10015163,141
030501,2017,10.058254330250387,0.1415770003754006,0.7321615170392239,0.2619542,0.08169529,206
030501,2018,9.71747304398209,0.15273105140720242,0.5177582200964098,0.30557036,0.11331181,182
030535,2017,8.024509300083984,0.0,13.114235770368367,0.4622935,0.047295146,227
030536,2017,7.981592791684558,0.6039797885357334,2.4403675324642835,0.3274119,0.027674071,231
030536,2018,7.772973534191976,0.569001778237974,2.283053965245655,0.2878342,0.04599175,216
030538,2017,8.903404627444733,0.21407820946799375,2.3066765325945595,0.2875063,0.064926274,130
030547,2017,6.008875861611081,0.0006235630181843517,3.248615314625036,0.54433763,0.12751141,106
030547,2018,5.788215530631031,0.028682510297487827,1.6448979591836737,0.4998146,0.062016897,230
030554,2017,8.267042441798607,0.0,1.7655954539311924,0.30921313,0.06788644,175
030558,2017,5.682056158256027,0.03219034289713086,1.4453589364844903,0.30322945,0.06633268,108
030558,2018,5.729011528701977,0.04218814505790583,1.3519992265878022,0.30397376,0.039593637,74
030560,2017,8.449509274303173,0.24993527071428312,19.181392882065595,0.47752318,0.031297714,231
030560,2018,8.863180583593234,0.20016542597187756,17.707151039839637,0.5630369,0.058860064,229
030576,2017,6.8439468912323,0.03826069281745167,1.8842418625015314,0.29705712,0.036366466,231
030576,2018,6.239975098196545,0.03917029044929597,1.149159471989495,0.38244805,0.03722121,230
030612,2017,7.490135773510381,0.09613365753636835,3.474135829900198,0.3645737,0.07851645,229
030612,2018,8.228036736596746,0.008053067974866062,7.775363572558775,0.40795332,0.04127755,230
030622,2017,7.032114731416361,0.0,13.902776447767422,0.40584034,0.29012308,198
030622,2018,7.373297138068599,0.0,18.839691421542536,0.4888681,0.05801438,229
030637,2017,7.569693403981253,0.5097699926480748,1.3131154952092907,0.23912501,0.03445177,107
030637,2018,7.478378151797856,0.44370005082357106,1.1901653238337264,0.24457711,0.03133045,157
030651,2017,8.001408253890801,0.34247134811348817,1.3297318405493617,0.30003235,0.060422827,231
030651,2018,8.060880260209768,0.3409325649155287,1.3937574745451924,0.27815193,0.07627237,230
030655,2017,7.317860571430735,0.00018873363164685535,9.817180334062956,0.5343204,0.048028465,119
030655,2018,8.205809126214856,0.2809062923125951,12.133678574505169,0.5987792,0.061818272,230
030671,2017,8.73700510297703,0.23344084634240744,1.3347071843328833,0.2599485,0.018524596,231
030671,2018,8.46800125394672,0.26582058198361697,1.0189211276650396,0.26238987,0.022350445,230
030736,2017,8.026805924200305,0.0,18.717652794248895,0.49362865,0.03593296,229
030736,2018,9.131804542391372,0.0,36.63047488479537,0.52711874,0.034791723,229
030747,2017,9.159073393031852,0.3130539483326403,0.7052758142343482,0.23694047,0.028962309,130
030747,2018,9.191689981639962,0.37305956590150174,0.7148535017188137,0.26874352,0.09954397,134
030806,2017,9.00489484512859,0.45245829287366585,1.8501486190988605,0.37025,0.06361025,164
030822,2017,9.693129559017983,0.408651953604759,2.1984508012682897,0.18914679,0.026187,231
030822,2018,9.859948102408987,0.420361006922258,2.3672278927922292,0.16713,0.026816513,230
030838,2017,8.169711508232767,0.23192927859191068,12.397645541364389,0.39061853,0.26040658,76
030838,2018,7.759052986447755,0.3253669744287963,2.850300763589112,0.7221659,-0.07347735,62
030847,2017,6.9758575299843795,0.019672404421090778,0.9452399226483237,0.48657033,0.0457322,231
030847,2018,6.877705070320233,0.015847244092219437,0.8496489495366053,0.46531963,0.053012285,230
030861,2017,8.959577977582242,0.11998567829366058,1.4857714293132982,0.29994866,0.065692104,231
030861,2018,8.374061365757164,0.11001727148460828,0.7934882893064925,0.40676415,0.03154822,230
030874,2017,10.031808859706045,0.2529356601986311,0.3386006579212862,0.22916955,0.06521462,206
030874,2018,9.84892249069713,0.2880711546535831,0.30229032359089514,0.26080287,0.08882489,126
030877,2017,6.266480934842812,0.28667257737798385,1.7839400950538784,0.45151976,0.062141217,214
030877,2018,5.865411408225066,0.26082448637663475,1.0276422006049974,0.50407696,0.07055579,218
030888,2017,6.378450292019721,0.026347114111908213,1.4665519679706795,0.28325903,0.07278615,218
030888,2018,6.565019306059621,0.025498986437100375,1.5906776831353462,0.37000868,0.0674139,139
030899,2017,5.550459796385468,0.31469867224151016,2.0846464646464646,0.59392655,0.054481722,167
030899,2018,3.635367384274141,0.43037825007335523,0.5478129831101094,0.9828513,0.04489726,61
030923,2017,9.58597494092567,0.13366615128238696,1.087485714712539,0.30581325,0.01780628,231
030923,2018,9.084644713927846,0.1664064233694446,0.8479972306627178,0.3512182,0.020340215,230
030932,2017,7.446041398287009,0.011876738985986018,1.4184270164375306,0.1879446,0.17451365,63
030932,2018,7.467837678037656,0.011575315112045216,1.3921468339856145,0.25669068,0.04317945,105
030962,2018,7.219182066130509,0.01459056101257749,0.9493127317882407,0.3591795,0.15021487,88
030990,2017,10.786192120925552,0.1289168783651861,1.0896682330403427,0.24123469,0.03430133,231
030990,2018,10.47318741146173,0.10021528005196784,0.7473308537668047,0.23747484,0.037514754,230
030999,2017,5.84642582699702,0.07559850702735921,12.142750052642661,0.7029549,0.3009853,204
030999,2018,7.206313253813577,0.42920627680968865,18.387996289424862,0.6656763,0.13787097,230
031004,2017,7.908578846799172,0.0,8.423266796087647,0.5459453,0.05890657,230
031004,2018,8.196727976119154,0.0,2.3232370016945474,0.5737741,0.012330784,229
031061,2018,6.548531231695498,0.0,7.749882345106223,0.7068704,0.013686932,125
031091,2018,4.2969179917916005,0.0,1.218801320438598,0.9127336,0.05694429,201
031142,2017,9.882341829290251,0.1635161656853631,3.6235243523316063,0.3687697,0.022032151,231
031142,2018,9.43095860936757,0.1623263090089261,1.9607600880641611,0.38432196,0.02399842,230
031177,2017,6.115380736467813,0.09441952539654697,3.7949224283163887,0.67296636,0.20621239,129
031177,2018,5.583703881222012,0.16107743930867374,2.458488989918591,0.8905453,0.10125838,196
031227,2017,7.3655787807248805,0.0,11.63913904700191,0.44281778,0.020971343,231
031227,2018,7.1669330566039475,0.0,8.844523192006335,0.41220006,0.027032722,212
031236,2018,7.442607748399011,0.0,23.32490381462455,0.55862355,0.04706188,191
031252,2018,7.468794584663803,0.11318840735885562,1.0451662313032275,0.35891375,0.034276348,134
031255,2017,8.118340763267474,0.13666208782180625,3.238662471285447,0.32007846,0.037688132,231
031255,2018,7.344334742585343,0.14339234526477157,1.244929628002697,0.37891862,0.029225683,230
031294,2018,6.569739872286226,0.0,1.9875823532690486,0.7417167,0.033420995,71
031295,2018,7.105116323587097,0.42757839133275327,2.5950054320735183,0.44399667,0.07965353,111
031368,2018,6.412280558209917,0.02141099799917088,1.102636417599282,0.2896423,0.13584088,80
031424,2017,6.888156470913407,0.0012557450490796312,0.764299755104077,0.38469046,0.014816174,227
031424,2018,6.231019727876495,0.0006976926601906475,0.4163749814657196,0.3937511,0.016197423,202
031453,2017,7.223946386843602,0.11042983619241666,1.6264882408244996,0.4251406,0.05400026,193
031453,2018,7.276481365325329,0.07043542257831291,1.4649519903463968,0.37414697,0.07855843,224
031460,2017,6.383106554862665,0.4679834541706287,2.1720624130552078,0.56585157,0.08512129,231
031460,2018,6.76482280578175,0.3865956245073974,3.0253443949224654,0.37151963,0.036406063,205
031466,2018,6.379288969239772,0.9387502066457266,-2.0306868756458836,0.555297,0.11282968,170
031477,2017,7.65923262994043,0.0,3.4890986827813655,0.378868,0.046494707,225
031477,2018,7.81467869825495,0.17719220237807198,3.450237743650325,0.42605755,0.040104795,229
031519,2017,7.99274114825554,0.19943400317232093,0.6860940325497289,0.5138313,-0.02687582,231
031519,2018,7.714430732073087,0.21924646507506645,0.5616140977113778,0.47157732,-0.0016511095,230
031564,2017,7.884045115665983,0.35879297758587997,3.4718799445982653,0.2769092,0.04491968,187
031564,2018,8.074998767964287,0.30671510114466505,3.0652818033429656,0.29201314,0.065547325,155
031587,2017,10.214366851753331,0.2915666634012539,3.7999651922086235,0.27826923,0.023212135,230
031587,2018,10.045572015770517,0.3159200663644713,4.085395817753284,0.28681567,0.02619547,229
031607,2017,8.603858066214249,0.0,4.833824698299057,0.21055418,0.044693556,181
031607,2018,8.702830790725558,0.0,4.861218872087071,0.26393816,0.039479088,216
031629,2017,5.947942034468846,0.2893817401294483,2.1647413939291167,0.29280433,0.011688469,137
031629,2018,5.806991798158443,0.30145457692903416,1.887617274842517,0.32495695,0.009702331,60
031657,2018,5.364977011511074,0.12428567607806078,2.7997894130281042,0.7167969,0.10545961,212
031673,2017,9.800291553731718,0.10707664157827779,8.737875648898187,0.23580894,0.033289146,232
031673,2018,9.88648745322723,0.1197464135630209,6.704415859935679,0.29057038,0.033953846,230
031674,2017,4.758937935363985,0.0461923777308268,0.9137793239622021,0.60350275,0.11073514,217
031674,2018,5.368508459880386,0.04383383036271586,1.4032207491513673,0.67635244,0.05509108,227
031692,2017,8.225778657990231,0.03316403593578714,1.3838047813487102,0.23211132,0.060438953,106
031752,2018,6.989260055773072,0.1132463984460255,1.827498766134996,0.22179417,0.08707153,75
031774,2017,8.857015342232799,0.016102269483300027,0.48387796899758867,0.29461724,0.036417674,160
031774,2018,8.183781367750269,0.0162922818889546,0.24846548481065336,0.3925967,0.018280448,230
031802,2017,8.444520151408625,0.39941998418138674,68.37535455882353,0.36210063,0.03104194,71
031802,2018,7.14456931398024,0.3822245055227331,4.339744657534246,0.440869,0.04254214,229
031846,2017,9.28717468286015,0.1999049290624543,4.920098141060689,0.22364838,0.024858681,232
031846,2018,9.56917956423905,0.1860236220472441,5.983727158739447,0.25720254,0.03786015,231
031887,2017,9.312099462781758,0.31097449694924617,5.647788233841735,0.21643351,0.02497378,188
031887,2018,9.600948621486436,0.08811840245332536,7.177726058533837,0.22810934,0.03732966,230
031966,2018,7.112930066683793,0.3335135935177024,0.9250809165366908,0.17979495,0.053214747,126
032046,2018,7.898369666034473,0.0,9.731315100967029,0.8077614,0.1664389,228
032086,2018,7.347807883452125,0.6460434553380455,5.385700114804191,0.343928,0.08520282,93
032102,2017,7.8444794509129645,0.0,10.838079599031559,0.5667394,0.16044892,159
032102,2018,7.168714248793164,0.20925130015235224,3.490297845339815,0.49292952,0.13022764,230
032106,2017,9.499920226499858,0.11063978965819457,0.9081964185192739,0.31447965,0.018987741,178
032106,2018,9.309106255769773,0.1198535441179275,0.6320113655883195,0.34168842,0.017120665,230
032154,2018,8.345174450671976,0.3282730435522074,1.4093098065445702,0.25003895,0.019603962,152
032219,2018,6.2293418220739945,0.2214967079368796,1.9784516169280315,0.5690318,0.059135463,228
032332,2018,6.733455830858815,0.0,3.3931079596403495,0.4879852,0.0315471,87
032334,2018,7.205577669188927,0.0,5.364472722058928,0.650806,0.13529365,206
032382,2017,8.543708426897984,0.0,33.716726928860844,0.7353932,0.17973647,118
032382,2018,8.120693612571616,0.0,13.747553862440784,0.6530857,0.042288993,230
032413,2018,7.395089364579013,0.6751269108760348,23.297323907381436,0.35431665,0.11937926,112
032453,2017,8.315323860544263,0.026316381392647498,2.786560242019686,0.6778278,0.32207,99
032453,2018,7.148145063387722,0.025434662927030113,0.8083505385953617,0.66841745,0.06336427,230
032469,2017,6.482667224034293,0.4223928896769423,6.015184629682453,0.44081673,0.047760405,95
032469,2018,5.957199136140088,0.4109723772799189,2.702638828678908,0.5016305,0.06270578,230
032526,2017,7.223379818983836,0.0,7.08612383910529,0.5611922,0.09770873,104
032526,2018,8.52062328591019,0.2956579356379759,18.963812130054503,0.5596319,0.0610272,229
032528,2018,5.793696302125,0.3268443287447268,2.095456983069026,0.7347266,0.081485756,228
032541,2018,8.222769485132599,0.0,19.18904080654883,0.4793448,0.07149185,230
032546,2018,8.263131739804988,0.48471611538266834,-15.95063186078745,0.5720867,0.08275466,227
032557,2018,7.028240411794738,0.02123157553323483,8.832094722089554,0.5391373,0.10754651,230
032574,2018,7.697105145489737,0.3434144562170569,2.9629987727981013,0.407103,0.10465114,178
032580,2018,8.936012651898952,0.3637280638906281,1.1149081423271374,0.2531555,0.04516317,159
032610,2018,7.613649677437855,0.569822260772762,5.644780259436262,0.409028,0.031897493,150
032619,2018,6.350418312559516,0.009156927760240753,1.5085557452009188,0.3101551,0.035297096,101
032639,2017,8.406424127002925,0.0,4.927907053304135,0.6234807,0.047121074,66
032639,2018,7.627840597831913,0.0,2.041329650622699,0.6108036,0.008886416,230
032641,2017,7.116187954006581,0.1349220923597001,3.7507833506396224,0.55190545,0.08809184,64
032641,2018,7.628350725488311,0.0,5.442666080652805,0.5435579,0.0765873,230
032675,2017,6.918654387326335,0.04969030333702073,5.623497947422875,0.55125326,0.07342119,68
032688,2018,7.948600027153848,0.0,8.987177534023969,0.67081386,0.15888123,230
032715,2017,4.439295042464273,0.0,2.506811860093508,0.89174443,0.14485611,77
032715,2018,3.8827398072043247,0.22424091587854655,3.5593805893563997,0.96039575,0.06522837,137
032748,2018,7.264850548571665,0.15573293281110268,2.5180586325186893,0.37524015,0.08526211,138
032750,2018,7.1493183446699335,0.012660810940493747,2.132351512715519,0.6295496,0.10321676,226
032751,2018,7.154635083281596,0.3011805597640053,1.2448301666969763,0.2903684,0.13004985,149
032775,2018,7.578512116194864,0.0,3.5763642714114603,0.7251699,0.040712595,225
032855,2018,7.797984467908167,0.41073056387550455,1.1875611019015115,0.45865425,0.09524359,109
032879,2018,7.367973625628492,0.3394432194046306,2.869806013403369,0.43949673,0.014176579,147
032884,2018,8.72095786739872,0.0,3.6227971143140145,0.64816046,0.037521034,230
032886,2018,8.252599198150046,0.4395769493945795,1.9706210947930571,0.34080553,0.06662876,155
032908,2018,6.506964081118315,0.16492183054597256,3.4518669119807046,0.79884624,0.16214782,225
032919,2018,5.7825089318366185,0.0,3.8463749051952973,0.9867075,0.039987627,112
032930,2018,8.435756387942565,0.5778568493163422,1.0909272285939824,0.48435,0.016144276,188
032938,2018,6.939347100617215,0.014948421873503618,5.809454907744094,0.4405821,0.03731001,220
033037,2018,8.349689349627496,0.0,17.60296891390133,0.66520226,0.08977041,149
033056,2018,7.441268452885052,0.06385301731210598,1.7539158591033477,0.21219191,0.013905993,91
033152,2018,9.032185482554828,0.05306652499852429,12.364255319148938,0.5146759,0.017118929,230
033175,2018,9.929503971434976,0.0,8.562200302325502,0.42374688,0.026589047,230
033186,2018,8.422339050010594,0.0,4.499794104143249,0.67063284,0.111077845,189
033232,2018,7.772238125141964,0.0350472907983328,15.5155997986836,0.6598769,0.024158766,228
033243,2018,8.400746712919267,0.42604501607717044,3.1384969464033854,0.31480652,0.04470017,199
033254,2018,9.285678781616843,0.11967129381921866,4.111574800417316,0.64229584,0.029331319,230
033275,2018,8.099854868838605,0.0070090430907159326,19.725435829261283,0.56330657,0.058593877,109
033301,2018,9.03265206707444,0.2717143622977844,13.627199192007318,0.5178618,0.07153972,229
033321,2018,8.499364525056604,0.0,3.8834583134679206,0.61264986,0.06936367,227
033420,2018,6.480987215648503,7.196257945868149e-05,2.9966292134831463,0.6749796,0.05154145,120
033421,2018,5.893857230904949,1.3203919765503764,4.404487016061479,0.5955542,0.082495704,148
033423,2018,6.840702517121953,0.0,5.039750476950106,0.62590617,0.061669543,166
033435,2018,6.896425842599949,0.12458016793282686,6.028905664058928,0.6745278,0.075318836,124
033439,2018,8.10102959199265,0.4052276837086964,1.5253754764107308,0.3654576,0.07054426,222
033446,2018,7.336462582480346,0.03525878117296849,15.13790907029255,0.60439825,0.05854379,171
033449,2018,7.131729173466021,0.46657901171738086,0.9073016761721311,0.2648388,0.05423633,99
033487,2018,8.056722335759758,0.0,3.8439439344797584,0.625301,0.18076836,197
033531,2018,6.256925646045184,0.47679613403827353,20.49156747200943,0.6480746,0.024522092,202
033533,2018,6.464645545042297,0.4411305622375581,-13.207099952687553,0.545752,0.06927476,61
033598,2018,5.602934207918514,0.3420938464799607,1.1546677395047065,0.53610384,0.103643194,108
033603,2018,6.580462977525625,0.33231157221356517,16.189570373032094,0.7027672,0.04037451,193
033610,2018,7.640053146205105,0.0,18.984914607541555,0.5983431,0.066974334,176
033647,2018,7.6258828356026225,0.009878419452887538,1.1229956188389925,0.55805045,0.03286974,163
033652,2018,6.98145452476147,0.07761938641682167,2.613000398085307,0.5702618,0.08777482,208
033668,2018,6.995785918014348,0.5119445795686451,-11.913699174130766,0.8619053,0.14107558,147
033700,2017,6.556340547265533,0.6246307447077307,3.97164364851365,0.3565053,0.056854103,164
033700,2018,5.097861431356581,0.2966997610944151,1.4705172413793104,0.43508196,0.033690482,69
033703,2018,8.790616439281225,0.6527707346341448,33.25161945429617,0.77782154,0.5214896,161
033718,2018,8.192241216621808,0.48630947878930075,-17.877765038300904,0.43581304,0.01961799,195
033759,2018,7.633595151841605,0.013230224136583502,16.97121407981078,0.5988978,0.06356617,133
033766,2018,6.607980463149512,0.03352317156252412,2.7494603379566755,0.71452975,0.14204013,128
033767,2018,7.380865602452086,0.05633551092939891,7.702984478637729,0.66801333,0.18578848,98
033809,2018,8.050129875210283,0.4039413382218148,2.304390853613705,0.41041586,0.12793203,98
033861,2018,10.126487480737032,0.0,9.1337644407287,0.7458281,0.077138536,157
033951,2018,7.71857102197999,0.9385206532180596,-6.5399489825581405,0.57756114,0.04400705,100
033955,2018,9.35259965600488,0.2727902017484118,2.218134741702742,0.3544261,0.08540993,113
034010,2018,6.172943311352047,0.5687632550826386,0.8420295801576977,0.7587658,0.06702537,230
034029,2018,8.577435146142607,0.0,4.706063082279731,0.6270641,0.09935114,117
034051,2018,6.817181345435252,0.745722433460076,-0.35225869649055147,0.52802646,0.060766455,108
034053,2018,7.830963807628399,0.23712791633145616,1.6421098825831701,0.5452139,0.06476693,99
034067,2018,8.808905575739123,0.061988133325789674,6.733526173736432,0.81138515,0.124008454,131
034076,2018,7.6866837377703545,0.1142296901362674,5.2481226428272105,0.6917559,0.09494024,120
034101,2018,7.564177238855752,0.046578798844659874,7.909421485568934,0.6890606,0.05321084,81
034161,2018,8.093015242119243,0.04452513713809435,4.652594828517956,0.73993737,0.12115398,71
034236,2018,8.284721755339092,,12.888277990620466,0.6168538,0.04484138,90
034243,2018,8.74876452896196,0.0,23.96429155323711,0.52659273,0.036895707,177
034410,2018,8.52133674104541,0.01706751118289182,3.2810261455548506,0.6662479,0.13192602,66
034496,2018,9.979900640795718,0.0,3.936264563500673,0.5285354,0.123117656,69
060900,2017,10.011170632701692,0.5083146351052803,3.2106912964975134,0.3576876,0.018844036,231
060900,2018,9.365895506238296,0.45152445750503517,1.3591772386340686,0.44424015,0.058867626,230
060902,2017,7.620334454437068,0.17875217101989593,2.1111454414447244,0.4016759,0.022970317,231
060902,2018,7.156130926607496,0.1904133269683287,1.3522674194140467,0.38430414,0.030286755,230
060911,2017,5.1490617944408745,0.0,1.9009919334370622,0.47365656,0.16905098,229
060911,2018,5.348735918459919,0.0,2.340751160125082,0.6207812,0.16503301,227
060914,2017,8.329992544798147,0.44531638934846346,2.044243761964933,0.19825664,0.020615432,231
060914,2018,8.374457241962812,0.4402969314107248,2.1066418254616597,0.19768466,0.021202484,230
060923,2017,7.541573810090571,0.29343374852760584,4.47008628090863,0.37270916,0.019962946,230
060923,2018,7.565537889901478,0.29726112503504987,4.977624362812213,0.40401977,0.03550318,229
060979,2017,8.964446050911333,0.2770985626096128,2.7840570008985823,0.23337795,0.03128146,231
060979,2018,8.822794316880818,0.43850981485759316,2.368898228388161,0.30988577,0.054133277,230
061004,2017,5.323458658954369,0.0,0.6968783660266191,0.90676916,-0.039544757,81
061129,2017,7.034574696614486,0.5312077492868428,0.9364218209054456,0.1921481,0.05935807,114
061155,2017,7.302075715295851,0.4054084160064188,0.8287682361039099,0.36440417,0.026404254,231
061155,2018,6.984384876307945,0.3983898581915996,0.5220797363977323,0.3711703,0.03460478,230
061163,2018,7.996142287201903,0.25126502926249356,1.2005244662795749,0.24209104,0.03676016,77
061179,2017,6.4994211842648815,0.3099629460010825,4.950637488177425,0.34646025,0.031758998,150
061179,2018,6.69080659976349,0.19257030649525678,4.78207389013313,0.33671716,0.043397024,189
061181,2017,8.230027476295728,0.5546557002444837,3.898902054024395,0.26163548,0.07573625,205
061181,2018,8.253449313719909,0.42849466534658437,2.7917302419835495,0.31742582,0.041341063,221
061192,2017,5.915533375474159,0.15550212987211223,2.8346904603527765,0.4342426,0.015298889,231
061192,2018,5.625354986812497,0.19730392676034858,2.03298808956646,0.40217033,0.025000464,229
061214,2017,11.215726585424273,0.16487326218227777,5.788082728629253,0.2545815,0.025400532,231
061214,2018,11.090282723879703,0.15494935346771985,4.916903153892482,0.30180866,0.028362269,230
061302,2017,9.383358204705068,0.06801248784072263,1.5175179604871833,0.18030772,0.033824738,231
061302,2018,9.282995638034603,0.06835487960905731,1.2417797260845973,0.21258454,0.010211155,160
061325,2017,8.518881812892152,0.31555058410390646,1.633303561703518,0.31565154,0.048741292,230
061325,2018,7.971796826600052,0.3326553675362613,0.938526188159918,0.37358445,0.021729609,228
061350,2017,6.886790036110306,0.0,2.446316110288111,0.44273815,0.035466544,231
061350,2018,6.7832135975475785,0.0,2.5712156538402176,0.4341127,0.04946699,224
061356,2017,7.45573216837892,0.321241277385672,5.552167423646664,0.31103048,0.03420128,223
061356,2018,7.695220328987476,0.28189239218650985,5.9681959511751375,0.36655495,0.064934894,230
061380,2018,8.849482391325624,0.055029249401263094,7.15926913786162,0.22822906,0.05061196,60
061388,2017,9.108902525913534,0.026848108867694325,1.079594084618517,0.21136077,0.03959827,231
061388,2018,9.088416974840397,0.025555095005045374,1.1199875098117313,0.21759248,0.02850179,230
061399,2017,7.477296503542906,0.08093760209081999,2.2712104857363142,0.43451574,0.044182662,188
061399,2018,7.877898387996589,0.007920960735882804,2.734295781946316,0.4709971,0.029597167,230
061406,2017,8.52250190721594,0.06689696811356739,1.259369054523817,0.19364642,0.02953318,227
061406,2018,8.638184568171082,0.054441225611468205,1.2839529428360803,0.23559283,0.047795318,220
061408,2017,8.432375769582315,0.050867507886435334,1.5323081028788739,0.18213561,0.038410127,143
061408,2018,8.504993274139856,0.06273538875940547,1.6716996649406033,0.21049516,0.015587932,73
061418,2017,5.482908221536033,0.3565111843246055,1.8120852009491883,0.31533238,0.036507264,204
061418,2018,5.662194874634833,0.3677934209809841,1.865440172685374,0.35240537,0.05872005,212
061420,2017,8.559003970527847,0.46211294186885027,23.363563765427124,0.22948344,0.045369443,231
061420,2018,8.678047108549915,0.5299446920751634,26.264890648061183,0.2605306,0.03625929,230
061452,2017,9.71029935104167,0.10993887314357274,2.4439556758008383,0.21815087,0.0266243,216
061452,2018,9.77693423243349,0.09562975608204612,2.4971218277880762,0.21055296,0.02731115,229
061483,2017,9.486674259156382,0.4833188051230004,2.8108311270569963,0.26281825,0.023893122,231
061483,2018,9.055121207188792,0.4276681961075134,2.3119776197386104,0.32969913,0.03852767,230
061487,2017,7.497682495712107,0.010130787940727276,1.4174290954294506,0.24840702,0.026665037,171
061487,2018,7.539870763632231,0.009626564601046371,1.2725505226245184,0.27562773,0.03323652,97
061490,2017,7.916232261726238,0.05519903612071087,1.4540440166375124,0.5728893,0.032973047,231
061490,2018,7.475826260808318,0.07048793344299964,0.9852443405342851,0.70220214,0.09720222,225
061494,2017,9.281717071885076,0.11621158497983994,3.8199754650455153,0.2244814,0.030850448,231
061494,2018,9.383291920363988,0.1180953839685469,4.014438448644056,0.26035866,0.023740944,228
061519,2017,7.23925155602524,0.4402593192868719,2.5481085787451985,0.26650336,0.028299397,195
061519,2018,6.6474465155242575,0.4219570405727924,1.381633894963255,0.3209856,0.06346498,194
061548,2017,10.37092040641872,0.1409382810541287,4.662941735143647,0.25738892,0.060232483,88
061562,2017,7.890761380938036,0.0,5.133053140263637,0.34402657,0.036490515,231
061562,2018,7.401463545126068,0.0,2.7000783137494024,0.37382236,0.029954191,230
061567,2017,10.472505343368367,0.29244467496542187,8.058992226277372,0.20724091,0.022987014,188
061567,2018,10.866434034051078,0.267446486830588,11.17492805887372,0.22110493,0.019467013,230
061574,2017,9.637378763027183,0.35638145021912515,6.861490450302357,0.20472562,0.030940153,231
061574,2018,9.531926990474162,0.3080334794037494,8.800813107988601,0.23008122,0.022791548,230
061581,2017,7.7056106574869645,,5.243571423511828,0.30351895,0.020416332,231
061581,2018,7.926392887662774,,6.016330398399363,0.35494223,0.031153068,230
061585,2017,6.667173054030258,0.10780051796445114,1.4760762136505647,0.29339692,0.07575459,77
061586,2017,5.360597088518483,0.8027754875365786,0.8028333697939848,0.382417,0.08705513,150
061586,2018,4.3798024129256,0.8821563275522671,0.7246424097173049,0.5123202,0.19877715,66
061587,2017,5.00666308196385,0.0,1.8074029493243653,0.5169762,0.062121052,181
061591,2017,9.770558264324643,0.15620881905727318,8.4714755684567,0.29974627,0.034394998,229
061591,2018,9.769041455983205,0.1308774739732296,16.040366972477063,0.3585415,0.026541695,228
061600,2017,8.398657597659028,0.27764329558225986,6.999371158392434,0.2879437,0.047232755,117
061616,2017,10.998107186154499,0.17557949418716304,1.0349704544375287,0.20232904,0.054020066,210
061616,2018,10.945846106254201,0.16965017116182626,0.9710632575844154,0.22835986,0.056251153,221
061635,2017,5.2156246507024235,0.0031998402250742433,0.919420365118044,0.41406786,0.05955798,217
061635,2018,5.423751722720413,0.045339966832504144,1.0372302026625189,0.40383857,0.053113207,184
061676,2017,9.445113318972451,0.36553430686632155,12.74228004929161,0.2605936,0.036981236,231
061676,2018,9.507977302993654,0.14443495379424923,24.41752258761711,0.2281526,0.03942483,230
061685,2017,8.42545932975581,0.3778341357431646,2.3619043979906613,0.2953954,0.04087092,232
061685,2018,8.513964376398702,0.41214726446374356,2.901830315762016,0.32947913,0.023621794,230
061693,2017,7.3821109555667,0.024645849818245087,1.6223600455922602,0.24092422,0.055134196,131
061711,2017,6.396509566991442,0.0,8.952398011732571,0.8159382,0.030557496,231
061711,2018,5.84026687785,0.0,14.306502745881177,1.0463725,-0.000796955,230
061732,2017,8.26469316459105,0.09575961259928953,3.1704792595131983,0.24792145,0.02933891,229
061732,2018,8.471775251701096,0.13598651127897735,3.4442071026646888,0.2689011,0.02763886,232
061739,2017,9.907612722311528,0.020767113557666698,1.4882669186305024,0.19472393,0.026029605,231
061739,2018,9.67810787482879,0.06845137785481567,1.250431734158377,0.21968639,0.021118931,230
061745,2017,7.116340165363913,0.5694693998371938,6.580806192274615,0.646447,0.13597058,219
061750,2017,5.22600147995701,0.0,-148.71894484412474,0.7037528,0.28957543,231
061750,2018,4.439417327090628,0.0,12.100194230219937,0.94710547,0.21992221,204
061811,2017,10.509955573643358,0.43229729827795155,6.005345711151497,0.2561774,0.029539235,231
061811,2018,10.076819237921372,0.4114727162266652,3.62170874318604,0.30265307,0.032035097,230
061839,2017,8.33748680248795,0.6316006780544537,5.585750829991751,0.15491405,0.038526416,167
061839,2018,8.208905955161985,0.6523499051662609,7.01154033497161,0.22269459,0.046136204,126
061870,2017,9.023250905142431,0.3191012921221694,2.3479203750016278,0.25322464,0.016124932,150
061870,2018,9.147864531649128,0.3361897296198121,2.527932970079013,0.24306718,0.022756664,203
061902,2017,8.630469850369893,0.15733865338341266,3.2006364225082753,0.21276718,0.059243023,227
061902,2018,8.807491593291365,0.1421680593982726,3.314533676020139,0.22755992,0.03649635,230
062169,2017,5.96767941013703,0.10131133201384719,1.5465438189434673,0.34046108,0.06841193,121
062169,2018,5.665394182944038,0.17477667692177287,1.0686958066808812,0.4189401,0.054904647,121
062221,2017,6.716513414279201,0.2654427430268039,2.0232095221064648,0.35052192,0.026337903,178
062221,2018,6.68895335166393,0.22167146615723302,1.863537233364026,0.36569896,0.006028178,154
062263,2017,10.188097046950867,0.22554165777093932,2.989380193633266,0.38333967,0.013279747,231
062263,2018,9.987826862732895,0.2054780754958046,2.3741677850152207,0.35324958,0.030856488,230
062266,2017,7.29211327091836,0.34187327397311773,4.285013158432192,0.29477915,0.044337522,205
062266,2018,6.959806463098698,0.31616835462802934,2.917893713437334,0.2994559,0.02312458,127
062290,2017,7.060506923472831,0.8681016716281199,-1.512247663551402,0.48643908,0.14236444,230
062290,2018,7.21585697217402,0.9041699814372846,-1.2876981169568509,0.6455129,0.10881037,230
062337,2017,7.906988019185152,0.0987168822002067,0.972989325118212,0.46689644,0.022624841,231
062337,2018,7.44881365259324,0.10060590759909113,0.6286408548635,0.47115856,0.02945672,230
062374,2017,9.276291048677571,0.6285743996619884,4.649413955893477,0.19745654,0.03286807,231
062374,2018,9.135580576200825,0.6763626340220551,4.925040924964707,0.20539588,0.029685628,230
062378,2017,7.398676783501815,0.1331608955672283,2.122198365442567,0.30612746,0.05617713,210
062378,2018,7.1524911649144505,0.12146617638960609,1.3022427036583155,0.33822167,0.04305287,189
062396,2017,5.907677366805548,0.0,2.524124638039167,0.3978922,0.061626352,207
062396,2018,4.854694679958604,0.0,4.185412861987999,0.63083535,0.043772068,216
062475,2017,5.627829904841888,0.05060275509042381,2.0954990089906773,0.8804042,-0.022844488,150
062475,2018,5.359590107701517,0.0,2.869682987395071,0.8962318,0.06313558,175
062501,2017,7.374145795038601,0.5859042787144744,2.88296807129346,0.24571483,0.07978594,156
062501,2018,7.275767467801619,0.5973437070929503,2.9258595167509074,0.21376985,0.032547183,122
062516,2017,7.4497212498046,0.15689590747837218,2.072440643072554,0.58724606,0.042949807,231
062516,2018,6.467749858337451,0.1616910569105691,0.8449657963789031,0.61895585,0.045166396,230
062549,2017,5.1777594532272255,0.22713120225847055,1.6778039085789997,0.42380166,0.1379811,78
062549,2018,5.20721998045397,0.11368916931340992,1.8347561674119477,0.42011032,0.05460033,147
062618,2017,5.236332382358143,0.0,1.2708867434690896,0.314956,0.21759307,167
062618,2018,5.1630804059833535,0.0,1.1274719586963537,0.32225686,0.11254557,132
062626,2017,5.5910045176705125,0.0,3.9141916167664674,0.42737642,0.05307696,62
062640,2017,7.217148927586105,0.0,4.688947102182396,0.22488038,0.04023112,137
062640,2018,7.049507847441516,0.0,3.8723896547320593,0.28698778,0.061340913,174
062654,2017,6.841961484985812,0.035036604901155295,1.6606905799055012,0.2271409,0.06528859,121
062655,2017,6.95977207957594,0.3642716814926259,1.6059124289005058,0.33935618,0.027483752,231
062655,2018,5.853301272432382,0.42727090779667803,1.1499293306047003,0.5263296,0.018285178,230
062686,2017,5.621212565185494,0.16229804771752762,0.6807490049659286,0.704082,0.07365828,231
062686,2018,4.568861740064966,0.09623370983586513,0.28676525426500893,0.6800783,0.0508425,229
062689,2017,10.513598064658206,0.05770029859977001,1.5512492520332057,0.1621164,0.026882268,231
062689,2018,10.359839038919377,0.05721796360077903,1.3787935703677818,0.18670724,0.031287972,230
062723,2017,6.60855269959567,0.1672151718237559,12.31351746358639,0.3304478,0.051908072,231
062723,2018,6.458836090452751,0.1360553633217993,8.001374849578822,0.28553098,0.10693624,230
062732,2017,7.204516436526062,0.20721999680504438,1.689302417263983,0.24303962,0.023503853,86
062732,2018,6.961091247689258,0.08703316731614456,1.2760373526056454,0.2611713,0.04452047,129
062823,2017,7.390698479717451,0.1755612271795524,1.3597963708848622,0.29852265,0.035475895,226
062823,2018,7.840752115537635,0.11162568024072757,1.88468932589476,0.30549544,0.029996103,230
062897,2017,8.071323689080677,0.43595100864553316,-26.81186432160804,0.25747392,0.03349524,231
062897,2018,7.337208484901739,0.4610330073349633,-6.532386011904761,0.36710653,0.029792054,228
062919,2018,4.741408187440056,0.11492597583232864,0.43637459635654663,0.46805897,0.1475447,67
062921,2017,8.837757633053624,0.4520817866145787,18.513364558309014,0.4681315,0.044183165,231
062921,2018,8.777064160974868,0.3911751586616738,13.486451322371638,0.42111787,0.038741652,230
062965,2017,9.031282756326304,0.36236595399309257,3.1122002033957865,0.26938108,0.037219413,195
062965,2018,9.33375976017907,0.5071240105540897,2.4702157205240174,0.28323218,0.043136824,230
062979,2017,7.072252250863539,0.04810054389769805,1.5631049937677355,0.2579683,0.04560994,149
062979,2018,6.97613212743252,0.08838352744364573,1.4642170490269946,0.2717378,0.09881724,99
063005,2017,5.776528472124282,0.0006159264362733292,3.7700070109838744,0.6306746,0.030047098,221
063005,2018,4.567131190331572,0.6081660535995796,34.628611510791366,0.79558474,0.120448925,83
063080,2017,9.427538064051566,0.0,5.532872811890119,0.21587977,0.026763598,231
063080,2018,9.388875097767636,0.0,4.511957689371051,0.2625876,0.030759657,230
063123,2017,8.503540072316108,0.28667971723844127,1.378273424256972,0.255125,0.02987103,231
063123,2018,8.345032949949335,0.30822228133303325,1.2301528301963989,0.25287402,0.029213497,230
063135,2017,6.664317243179829,0.09627794973342536,1.3096746897172746,0.25503865,0.064195566,63
063135,2018,6.4178025918797905,0.09903508824667617,1.0175630521474686,0.26496822,0.11773894,74
063172,2017,8.72154286132701,0.40684490011073254,10.958966894232711,0.18571965,0.022196412,231
063172,2018,9.078075864513654,0.4049288208717902,16.659236109526525,0.21419854,0.022434177,232
063185,2017,9.709854665168912,0.0,4.577401022131744,0.22766471,0.01565805,231
063185,2018,9.677205308801236,0.0,4.228052740584282,0.21901096,0.02204197,230
063232,2018,6.984139311087976,0.03576776101181535,1.0385035858674296,0.31395957,0.023670923,140
063290,2017,8.211080758479339,0.0,9.921146362759313,0.3557702,0.020105768,231
063290,2018,8.231082837833664,0.0,6.042978676847977,0.35650313,0.03275816,230
063338,2018,7.810389609238804,0.0,1.7303182236616843,0.3260511,0.043165397,166
063405,2017,5.6621914344961395,0.0,2.7725136564640596,0.91534895,0.0074908515,178
063405,2018,5.227857347898266,0.0,1.0487247725520865,1.2771057,0.11803693,230
063417,2018,7.185228783365391,0.26742329124103376,3.8235753479424743,0.3368545,0.038731925,181
063422,2017,8.894899760848872,0.6024722703053499,6.610530306943496,0.21249308,0.019032007,231
063422,2018,8.837703270800697,0.5907106853984726,6.086984742671745,0.20703268,0.04114885,230
063447,2017,7.309737843401685,0.02367431449221265,1.6304038965161063,0.45677426,0.027605446,230
063447,2018,7.370056697208564,0.021229622757631707,1.8964077842687825,0.48147237,0.04570941,229
063456,2018,5.63553575330142,0.3967871459680742,1.2650976107489211,0.28825706,0.050068133,165
063501,2017,9.489990068093581,0.0304584549830348,2.118978526113425,0.27003482,0.036284305,231
063501,2018,9.288800344708392,0.022045136378321,1.8416823769793973,0.3072447,0.031265803,230
063520,2017,4.595962928987153,0.0,3.8088529253478898,0.48270327,0.12596144,115
063520,2018,4.198909361381507,0.0,2.416426887220227,0.5246452,0.05822355,151
063527,2017,8.667877011481083,0.37423980080992514,2.0068856590485398,0.2730479,0.021688007,231
063527,2018,8.11006159548828,0.41265587483541166,1.2861494164025662,0.31754008,0.025905132,229
063531,2017,4.852913545586486,0.0,26.328218249075224,0.9941056,-0.058648597,191
063531,2018,4.101872977455381,0.0014327269569747753,14.683849769249452,1.1759505,-0.048153847,125
063605,2017,8.604215866342045,0.6795113353187867,1.8255043775100401,0.2021549,0.12507848,191
063643,2017,7.252987923786331,0.12913962811928664,1.1367855139212752,0.53094697,0.031069625,230
063643,2018,7.269017050325888,0.1244034502113311,1.187144585987261,0.55095845,0.040384848,229
063645,2017,7.456352296915083,0.7114986102970372,3.5699438155897303,0.6436938,0.033175595,231
063645,2018,7.401228761357379,0.8150481332494702,-3.286976876722005,0.6201211,0.06509334,230
063650,2017,7.554376651033268,0.0,5.433725974059242,0.618603,0.07458137,230
063650,2018,6.87429544008183,0.0,3.414131616665843,0.7368768,0.077316545,229
063700,2018,6.074060423440001,0.25015575971091,11.139230276146767,0.9232051,0.032472704,84
063724,2017,6.780992084628349,0.12306621344412108,1.2816800274684508,0.26850888,0.027933907,205
063724,2018,6.900343529702431,0.0,1.4008835475694503,0.29551017,0.047407597,203
063725,2017,6.010856305695447,0.055381325090085635,2.289932509068041,0.29926425,0.06811563,96
063739,2017,6.614261685641529,0.23870076705433033,2.881988489887102,0.33713898,0.051970772,227
063739,2018,6.97063905052646,0.13666960626205749,3.4438251606456225,0.35336858,0.03813404,230
063763,2017,6.059912136622402,0.005460694690437938,1.3402476877057286,0.557646,0.04213365,229
063763,2018,5.700353201414286,0.0036515799401170192,0.8896707920571107,0.5634284,0.03623114,229
063781,2017,8.435947788294389,0.03068379855688339,1.6163869739149404,0.25916418,0.05137134,231
063781,2018,8.229662552831103,0.03713805754030049,1.193471559901609,0.25839487,0.045273744,222
063789,2018,5.710231899002769,0.12273613558813604,3.8235877823928677,1.2745925,-0.07035289,206
063847,2017,8.319950254471678,0.19831888127810562,1.7138259018036073,0.2908955,0.040394016,231
063847,2018,8.134155216514868,0.19484616442752992,1.3065559158330458,0.2792721,0.034270097,230
063863,2017,7.483793871394837,0.0,4.897930123069299,0.36036962,0.11665428,224
063863,2018,7.928241295496064,0.0,7.09336899776554,0.34196556,0.052437987,229
063876,2017,7.132245123636637,0.3734523506828359,2.7782231751654702,0.45313635,0.04659366,231
063876,2018,6.857352345999944,0.5186833481983651,-1.6585115286065377,0.5226845,0.0481622,227
063927,2017,7.575823423049611,0.1293839767224897,1.1596654420748655,0.35390422,0.06691058,210
063927,2018,7.392175857782007,0.11729205065859957,0.8793465712869492,0.3775916,0.043586046,231
064028,2017,8.18749980637465,0.2019533647991788,5.103237883836979,0.3488097,0.045195952,231
064028,2018,8.13084871339113,0.21856111082914415,4.345600978171479,0.3444909,0.0426106,230
064030,2017,9.233952655855726,0.343237600302929,3.054962417658092,0.32315084,0.023187632,231
064030,2018,8.819838387871432,0.3053767457993139,1.7197074411109736,0.3147474,0.025313409,230
064061,2018,6.707966860865508,0.0,5.401741424802111,0.2503555,0.038881805,133
064063,2017,7.915582041146214,0.5181264930862863,1.3525462801826473,0.26278806,0.03178006,207
064063,2018,7.724903514297785,0.529777031305877,1.3382888662428816,0.29055628,0.052511703,224
064088,2017,8.26132926986715,0.28657696634758884,2.1071784476742983,0.278115,0.06446118,231
064088,2018,8.453747406358403,0.3557601269076826,2.459771940528833,0.30818373,0.038380038,229
064135,2017,7.017419176794219,0.4104827774230347,4.405059745858054,0.28332844,0.09403215,120
064166,2017,9.49522979862004,0.35685042368847,2.7019203413940254,0.19167812,0.019843344,231
064166,2018,9.327363118686158,0.3116422793783514,2.155185966257669,0.20466858,0.028218262,230
064175,2017,7.950190479211808,0.21961595245507964,2.6182311593788135,0.32296968,0.055577166,231
064175,2018,7.470560261739529,0.2522659732540862,1.4664132976946207,0.33754644,0.027285654,230
064223,2017,6.23839126344412,0.37341472077961707,1.9108388844728563,0.48169968,0.035077732,218
064223,2018,6.18300151129966,0.3385598075324089,1.5788569640715442,0.46593565,0.031738576,205
064275,2017,7.756503323058778,0.00222000665828152,2.451105280106741,0.2814325,0.045833692,232
064275,2018,7.4970141263583265,0.0005543649537567956,1.827091049883238,0.2887418,0.021039257,231
064302,2017,7.774384226936706,0.09814843540676604,35.86915155079085,0.2938548,0.058090873,230
064302,2018,8.248424001535557,0.12115964209240353,49.19921520160667,0.33263347,0.042642333,230
064306,2017,8.904084604781179,0.3444854926723229,1.9892987800182285,0.19453101,0.040498357,175
064306,2018,8.753840571829471,0.3678083656774586,1.611990146331707,0.19832404,0.02878158,169
064327,2017,5.967622316590262,0.3043239281788201,10.030197740112992,0.58908355,0.07270015,228
064327,2018,6.542248174661704,0.1346690321791264,8.209334114222836,0.50326324,0.047353894,225
064334,2017,5.275265962687532,0.3094343771185664,8.670916149068324,0.9362639,0.1337935,160
064334,2018,6.631022642072569,,7.4170965754027645,0.71978277,0.07201702,230
064344,2017,9.041622451906246,0.30019670529576586,5.376596315069923,0.19733438,0.023100916,210
064344,2018,9.32551650060125,0.30363637347650074,7.059563649701717,0.23060775,0.022573527,231
064355,2017,7.055238379825394,0.4133097658653588,0.7756865404012853,0.5712891,0.08344428,177
064355,2018,6.786694918759673,0.2978510880090968,0.5815382353404502,0.49033812,0.0727788,132
064356,2017,8.02044291357178,0.16628113746172227,1.4241748793030329,0.35041732,0.030278698,233
064356,2018,8.481361213528336,0.20090253673410224,2.50035086719044,0.34588665,0.024633083,232
064389,2017,8.084628735477498,0.5249227792620261,4.2349084607703,0.22066157,0.037265673,110
064389,2018,7.866475646828255,0.4660980491752659,2.959786897244302,0.2418801,0.06489149,72
064410,2017,9.317399099256054,0.7293042221921288,3.3555932633653205,0.3047551,0.018506045,229
064410,2018,9.249603959210358,0.7376014051173673,3.0981111566540407,0.30050543,0.02480605,228
064480,2017,7.552242326918183,0.3085317153009883,1.0280589050499294,0.42431706,0.022882765,231
064480,2018,7.061852885972486,0.2241695929758436,0.781413833500453,0.52885497,0.022342384,230
064515,2017,4.746295719988602,0.24733083117734941,5.5569618298508905,0.83424205,0.11350365,229
064515,2018,3.750410244059518,0.10315923056371894,0.724750904692132,0.9451415,0.07824346,78
064536,2017,8.400688624170732,0.13177107599961657,3.713027388825199,0.25625175,0.055777203,231
064536,2018,8.5764675561634,0.18005212042196167,4.303924560690468,0.30209824,0.05475817,230
064547,2017,8.072041069453515,0.00804508927432721,1.3875032482719194,0.25645903,0.058179345,149
064547,2018,7.672296412790385,0.007909130948831342,0.907751397120225,0.23831306,0.05563493,123
064549,2017,7.4033771288962535,0.0,22.935848819337714,0.5474564,0.1071168,231
064552,2017,10.228089616586853,0.06614544230719445,3.8180764454256932,0.24634235,0.024748188,232
064552,2018,10.300358839315916,0.06500533049040512,3.7165175559165315,0.26903686,0.041111957,230
064568,2017,5.299150769171575,0.0,0.9119504950043965,0.38593635,0.08467361,79
064568,2018,4.6908872256844925,0.0,0.5417692690203879,0.4449833,0.22381917,153
064630,2017,9.319251783335115,0.0021584652744726165,7.488824919239474,0.3603267,0.027830435,231
064630,2018,9.267336864318663,0.0,5.187996045242039,0.41175368,0.039260574,229
064690,2017,9.31041453506139,0.154586603352086,2.7390966370102356,0.24052267,0.028749805,231
064690,2018,8.719348968144574,0.23937752915972388,3.249027631788501,0.29780066,0.03445545,223
064699,2017,7.670872369571391,0.10489593188268685,1.5332035882773412,0.21223192,0.012674645,96
064699,2018,7.329470043386934,0.03210835896605688,0.9710659872611465,0.2351394,0.03592909,104
064745,2017,7.035966946928901,0.21026641007803346,3.1711669893270993,0.32303426,0.033372905,220
064745,2018,6.70272528222473,0.36179009885496466,2.1087611829025845,0.30148655,0.032228522,221
064766,2017,7.352982030837323,0.1938215991524815,2.7307343802485726,0.2711311,0.026062256,231
064766,2018,6.728829621589273,0.13094100231053774,0.8261615908120841,0.31552854,0.05175427,229
064768,2017,13.246390840423818,0.2888279643591501,20.427423580786026,0.26317737,0.011220245,231
064768,2018,13.510976986550288,0.24462028429491908,16.934195274288733,0.31142533,0.020810626,230
064794,2017,7.688501713698064,0.029893600414923137,1.6750128516558302,0.25675103,0.07364799,71
064821,2017,9.475070494055723,0.3930547317888627,2.2179015400117104,0.15851721,0.034052797,231
064821,2018,9.45665521379351,0.37813139562954773,1.7578558731147191,0.17088275,0.024000881,230
064835,2017,10.267310329740134,0.28542769415993885,5.22666734475365,0.2497457,0.030698534,231
064835,2018,9.74022712466696,0.2516847876552655,2.902285502530193,0.30729493,0.038253255,229
064848,2017,6.4000444658196685,0.6601230895813011,3.464688341891363,0.36679253,0.11716755,198
064848,2018,7.015369453242626,0.3740301600373396,2.6765352695599507,0.34559044,0.02454449,201
064853,2017,9.093737440972312,0.1540840041375729,1.8635254181495629,0.38247746,0.009789259,231
064853,2018,9.05256183492561,0.1582758611190312,1.9589490395967224,0.37416694,0.03202626,229
064857,2017,8.19008450600193,0.324837686664159,4.567852542456637,0.5975501,0.035085216,231
064857,2018,8.956233279837015,0.2561113225644383,7.513579081563458,0.6179843,0.04554085,230
064891,2017,9.114857577274764,0.08536128790715088,2.6289523919708446,0.31480834,0.017996145,231
064891,2018,9.223059934273062,0.1517298243252339,3.081044049647116,0.335868,0.022422388,229
064901,2017,8.343157967937746,0.0003901790381309313,4.469102793896297,0.24103352,0.038780466,232
064901,2018,8.339973142176259,0.0002558139534883721,3.8639217357849254,0.22507921,0.036708575,229
064925,2017,9.906825961343188,0.5292615466683681,3.574462674010506,0.17415059,0.031158278,231
064925,2018,9.763319782073888,0.5424480772248798,3.0588993187078124,0.18254836,0.030746656,230
064929,2017,5.523582665363221,0.0,9.70862236000775,0.45776063,0.14597185,90
064929,2018,5.894743272177057,0.0,11.37498355417724,0.4577763,0.18153717,149
064942,2017,5.0830474243607116,0.2313173191108148,3.4356238948422417,0.492097,0.20423326,111
064979,2017,7.522832804120159,0.020782725305909987,1.4893767773809254,0.2720258,0.07942687,152
064979,2018,7.374324969001578,0.01409537260301233,0.8095230484688762,0.32670692,-0.0006767018,105
064997,2017,7.392162520122919,0.06801116760486653,3.8837946380504613,0.26362026,0.03391964,177
064997,2018,7.384939267636036,0.06930311962385324,3.2356984782560674,0.2591836,0.028685456,167
065006,2017,7.015676154120456,0.1632639069051314,0.710708545974111,0.5538889,0.044480212,230
065006,2018,6.686832048430471,0.16742257414609005,0.49560430071103656,0.49794516,0.08398629,229
065009,2017,6.613364755102903,0.5884754487839944,0.9587368364157215,0.42634174,0.052340213,144
065009,2018,6.876523546372596,0.5992133248972092,1.1517120776069603,0.42868927,0.05022922,204
065021,2017,7.456799123188849,0.0016557903964157007,7.9150015541152055,0.4100212,0.03835414,229
065021,2018,7.571280015275427,0.39561057035862934,7.785492601948755,0.4089211,0.06317383,226
065084,2017,7.885927254557327,0.443930414332242,1.832168188656993,0.338351,0.047979,231
065084,2018,7.6572626699023765,0.4941301981037624,1.4953139197729566,0.29241818,0.034795053,230
065106,2018,7.984867805234615,0.01538013840431695,0.7787618404755022,0.37057188,0.051659442,176
065108,2017,8.818415650672446,0.08616881901553433,2.0836056425752347,0.24928635,0.05082568,231
065108,2018,8.660918296165393,0.06697920303226772,1.5638177976432346,0.26567748,0.034562927,230
065189,2017,4.421538891862531,0.029052855622561193,2.7516700281038187,0.65787894,0.28814724,92
065189,2018,3.9824125011812352,0.04494462564065804,1.8769917077778944,0.6646953,0.2958696,87
065220,2017,7.457818384991576,0.5864041515975214,4.673433325154962,0.5781317,0.032898765,231
065220,2018,6.941654279987898,0.5128853097233996,1.0546191268462561,0.5537035,0.036451407,230
065226,2017,6.7209821084422,0.04440375295596981,7.85428011512099,0.28543574,0.0475419,125
065226,2018,6.718378073537049,0.04046989980263199,6.210078425780693,0.34669444,0.121422514,175
065228,2017,8.429257576541236,0.04196039700810821,1.1405587246742415,0.22297448,0.04369651,156
065228,2018,8.161105075260396,0.03772792362343257,0.8633315846744511,0.3085404,0.009495112,176
065248,2017,10.402853310254779,0.11891391256433403,0.8495583353528062,0.33854458,0.027663756,214
065248,2018,9.949915431562937,0.10209426952624139,0.49780094473221503,0.35870862,0.039760686,230
065270,2017,7.553466117541722,0.6914098355233236,-147.60426868905742,0.36143422,0.05059713,223
065275,2017,8.603961905632305,0.42371885132080606,7.2800870424265085,0.1995229,0.062857404,146
065275,2018,8.765256654364482,0.4107544806374505,8.220520041001851,0.1984097,0.109730065,187
065343,2017,7.812006323817845,0.07468191460993245,3.485039865005002,0.25726333,0.034275908,231
065343,2018,7.88059684015413,0.07211491032496103,3.4900316885707428,0.26022178,0.024236294,223
065374,2017,3.4632512561200595,1.009421265141319,-1.4120406086879589,1.1141576,0.122087255,231
065374,2018,3.4245642377768664,0.0,-1.4030821949102206,1.2851198,0.20381972,230
065376,2018,6.458381699330202,0.3713454316666994,6.199559830928435,0.7970418,0.26777205,168
065399,2017,7.742612937071596,0.2695902228612509,8.598828358208955,0.38790047,0.054038454,232
065399,2018,7.404683175165733,0.2677916360968452,5.727052264808362,0.42651024,0.02794145,230
065406,2017,6.757039069603514,0.0,7.432396173588428,0.48681372,0.05893623,231
065406,2018,6.154759830165329,0.0,3.49706855967506,0.4573474,0.032553393,229
065417,2017,10.20708677239764,1.775371869704387,-4.277631828228608,0.1832436,0.03386811,231
065417,2018,10.24450373549288,2.3610169491525426,-3.548766086298259,0.19235006,0.029490266,230
065421,2017,6.671347900744925,0.0007763128628063274,2.2423608073486223,0.4233353,0.06746859,231
065421,2018,6.552738844669953,0.00048000568895631364,1.8617768561027488,0.39702448,0.056816816,223
065430,2017,7.854849785370963,0.0,5.44271319973232,0.38358825,0.02211039,230
065430,2018,7.333951028092972,0.0,4.870357241673212,0.41726258,0.039155595,229
065459,2017,8.716206659890544,0.5126891922854023,3.319545133032265,0.25611264,0.021156006,232
065500,2017,5.855622143295871,0.3407831118877748,0.49108389680816356,0.47440434,0.19341572,224
065500,2018,5.648607973911545,0.3900958910887854,0.471563756683626,0.71051025,0.0063751736,190
065540,2017,6.3204232707080275,0.005170407704672598,0.9301155180405947,0.38278568,0.0406789,186
065540,2018,6.2436014592784845,0.004485397239377014,0.8010796256608754,0.49006802,0.030694721,230
065548,2017,6.4832117038104675,0.01712772033636067,1.6213365707104135,0.24692732,0.04905304,63
065552,2017,3.8756958937691506,0.1152408395311709,2.0066688862993174,0.8263377,0.039269894,80
065590,2017,6.4680011648372,0.22333405481211438,2.6393637942902095,0.39744413,0.03572293,171
065590,2018,6.554259846464176,0.1733328090735078,2.4790451377856852,0.39088687,0.035021454,194
065607,2017,7.247474737666455,0.19653081448710538,2.4675358784848553,0.2893185,0.03774289,188
065607,2018,7.240229935918364,0.198281265056451,2.849023283943151,0.3611838,0.0340612,230
065609,2017,9.428012725948726,0.1770607630044048,8.719509295140437,0.22661622,0.026828459,231
065609,2018,9.353939426689106,0.30296525374191513,7.237355429515756,0.23527493,0.027209176,230
065615,2017,8.388988842011653,0.7818957812953115,-20.73704161205458,0.22446392,0.030185234,220
065615,2018,8.290418761432651,0.6619236276430335,-21.68721470082494,0.23203738,0.04978251,222
065662,2017,12.240310785390365,0.0,1.3662084241506964,0.16033883,0.0035373212,228
065662,2018,12.188746694338205,0.0,1.2846187333284869,0.17815202,0.022904346,230
065702,2017,6.880819465296414,0.7766107433299346,-25.709780782842955,0.30310193,0.05175147,175
065702,2018,7.109170617129096,0.7400240302562773,-77.25699090449721,0.31016698,0.04916084,174
065710,2017,8.487192126390925,0.4873045968072644,1.6576457453717353,0.17824599,0.03003539,202
065710,2018,8.468108496276818,0.48701093879201945,1.661678935381125,0.17013729,0.040241692,213
065718,2017,7.301910713148811,0.2706151529490984,1.319180650406215,0.3479372,0.056724105,231
065718,2018,6.873097413787269,0.25624270781781916,0.8815744541815507,0.3572805,0.035106227,230
065772,2017,9.669229988753857,0.37656605112940017,28.912367197778106,0.19776341,0.028448502,231
065772,2018,9.55360270079891,0.3761277386575084,23.887931898797248,0.22428663,0.027898738,225
065831,2017,6.680789118297383,0.25229395278482386,1.0129489933397733,0.3719606,0.044394005,217
065831,2018,6.3771350278879675,0.24198728036479072,0.7146501829632762,0.38848376,0.0577343,194
065872,2017,6.0523191424784715,0.32367067012887357,6.699411375348683,0.6838955,0.010817946,231
065872,2018,5.872332977588399,0.23115453370856123,3.512999257976749,0.7391238,0.012286467,229
065886,2017,9.333378464491405,0.21313246227921992,2.9588391502276177,0.22794522,0.02490173,231
065886,2018,8.530480522543014,0.22260344806608995,1.4655174408515068,0.2890175,0.035911664,230
065896,2017,5.478407936540622,0.0,1.227057400821915,0.5069941,0.06662703,170
065896,2018,5.227539152284696,0.0,1.0551948897710477,0.53121626,0.06113394,213
065967,2017,8.3386610281929,0.37793104280559475,0.6407877556648434,0.411032,0.053714804,230
065986,2017,8.78200841291008,0.20687830687830688,2.601177948103792,0.39959186,0.010580503,229
065986,2018,8.46842609298079,0.16925426317129041,1.8065305766312596,0.39104098,0.010792113,228
066016,2017,9.216809501959943,0.2868421052631579,3.48146004842615,0.18144974,0.03077834,231
066016,2018,8.712838327153758,0.3371159217877095,2.546263149078727,0.23385088,0.026252888,230
066032,2017,7.69186963121546,0.0,3.999521802797974,0.3135061,0.04047073,222
066032,2018,7.474006841385867,0.0,3.342335050998725,0.325338,0.04223452,227
066065,2017,9.583296492134663,0.5799733865602129,4.674889323889246,0.35210013,0.030491231,231
066065,2018,9.010593311942582,0.5980256990018199,2.4065173934763444,0.374562,0.031319022,230
066235,2017,7.813225277312581,0.06324796925285413,1.2825554711384126,0.30610693,0.16677465,104
066235,2018,7.314519809142336,0.05048702622352402,0.7891665191090215,0.3466728,0.18743135,66
066290,2017,7.368690854928376,0.1571643717728055,1.9495348579859832,0.32965136,0.029010806,197
066290,2018,7.622952642524991,0.22540141896938012,2.405966309719934,0.3410811,0.037530135,212
066354,2017,8.904765127258095,0.4709906040307593,2.3077670340864986,0.14540768,0.024267137,162
066354,2018,9.287245411544253,0.4386611360231048,1.5824963754407426,0.14390984,0.0279161,209
066368,2017,9.320835944234311,0.6060574842546617,-8.861835303676749,0.20265706,0.023248916,231
066368,2018,9.786969844577403,0.9323809195488754,-12.847795577542415,0.25626996,0.035329133,230
066374,2018,4.502253016261339,0.6961617787615071,13.056464544138928,1.1209825,0.24090274,132
066393,2017,7.575016936591989,0.0,2.6865833996170476,0.32015,0.04674885,183
066393,2018,7.487693133511478,0.18318803547271909,2.3137041888038596,0.3491308,0.05510686,230
066446,2017,8.70221328388542,0.10350386734636245,1.5867335940695824,0.27322984,0.016873127,231
066446,2018,8.35746072905171,0.1470553028235587,1.1824836251674802,0.26320687,0.02175419,230
066586,2018,6.665369120531182,0.0,1.492201185389701,0.2905657,0.042347927,148
066588,2017,6.006217682444821,0.0,3.638902085929166,0.37979433,0.06669328,199
066588,2018,6.907915966071275,0.0,9.208734923119419,0.37623522,0.06322854,206
066599,2017,7.521441188634758,0.06846691833494419,2.116234894900124,0.31564987,0.04063804,227
066599,2018,7.235880778306482,0.07057174466679413,1.5715243647065482,0.3264069,0.029818343,229
066686,2018,6.255584481023994,0.0,2.063506918448271,0.4230402,0.05688544,206
066731,2017,8.201937838030249,0.13805312609122875,4.792355274134114,0.21747155,0.03084002,125
066731,2018,7.892287143858658,0.08745318825173302,3.122731329648906,0.27650017,0.035223063,203
066929,2018,6.277131866306799,0.5501698700854801,6.442030427362841,0.508099,0.03764733,103
100465,2017,9.839205710453669,0.18627408059203163,1.159823496668574,0.28056622,0.069851376,153
100465,2018,10.068527257158975,0.22013503807049867,1.4505777295279485,0.24799679,0.054493356,181
100572,2017,8.971597059637038,0.13514185917393473,1.4507087026641923,0.29688132,0.1722925,82
100572,2018,9.140569124776297,0.08526248786219011,1.6203355455394897,0.28907537,0.08026927,90
100873,2017,9.469344999177217,0.49549389303925057,3.0521550058892815,0.2745635,0.037412327,231
100873,2018,9.022623779312639,0.5454904802687924,2.9113086617492097,0.35673663,0.04118989,229
101204,2017,11.588456966282507,0.14350970546263342,1.544302196578899,0.18836778,0.018876623,231
101204,2018,11.592650066453354,0.19753518346591312,1.6066416213416204,0.17998463,0.026404869,230
101310,2017,12.17856580623594,0.17451288332494233,2.623417184769712,0.14847834,0.025242299,231
101310,2018,12.19764515129801,0.15436615073885535,2.5227260222097843,0.16920444,0.0217937,230
101317,2017,9.63700296940214,0.18090516145436053,3.299172325581395,0.2558464,0.11231215,187
101317,2018,9.70307156729924,0.1614344211440625,3.35818729585556,0.3218292,0.027175082,113
102341,2017,6.587452282776448,0.007689904063076204,0.3244759938048528,0.5920389,0.024443956,188
102341,2018,6.659703835656604,0.12458561724512272,0.4215581860330183,0.5689347,0.05863715,208
102696,2017,8.706984557918256,0.0,5.754077760654587,0.28379893,0.029276585,231
102696,2018,8.783397930273743,0.0,5.5468798365097145,0.30103832,0.04225977,229
103487,2017,11.80627384702532,0.11770241914579857,4.372496025032837,0.17706916,0.028410269,231
103487,2018,11.685431149162765,0.20459885938918157,3.5997874654188635,0.20496128,0.031711783,230
104432,2017,9.40666092153164,0.4035789193925818,2.116463391727594,0.29702184,0.03049511,231
104432,2018,9.129805347884803,0.382144184159248,1.5472454037824241,0.2929888,0.021581115,230
104598,2017,10.126688851782895,0.12363625081828529,0.6112414288424898,0.28480795,0.03954164,231
104598,2018,9.774578301338831,0.1269946166188681,0.4517531718110406,0.32623565,0.042939402,230
105089,2017,9.335246643706306,0.33454430336472296,1.2394177579079675,0.3311413,0.027067494,228
105089,2018,8.88608164467281,0.35123446682216514,0.7531802597755406,0.3590459,0.03262514,230
105365,2017,11.021571521586665,0.5849980279578374,9.802090747416486,0.18434024,0.026645437,231
105365,2018,11.152977762824541,0.5575545888568452,13.075332433799966,0.18038987,0.024185522,230
105661,2017,8.083364163709847,0.014952887333423072,2.7990034519815206,0.45577216,-0.00010819471,131
105661,2018,8.60781641731945,0.005706483603873322,4.333984693287816,0.41554734,0.0161899,230
105670,2017,7.098932590902066,0.06915748964381692,1.5061320179639974,0.24884243,0.07924629,98
105670,2018,7.008730780502844,0.035739884928656984,1.2289749816695181,0.2909664,0.18869236,83
105861,2017,9.189880705116776,0.13548435569182976,1.9996232639625904,0.3131173,0.004067126,220
105861,2018,9.068532777881552,0.19536182586646217,1.6778853484859382,0.29300496,0.0013620739,230
105936,2017,8.523421872842146,0.0,3.101968308537064,0.26679456,0.029248208,231
105936,2018,8.655006478133748,0.0,3.4284924817352973,0.25997466,0.034589827,230
106112,2017,7.551561174533456,0.2508401164961541,0.8897931479317598,0.53684187,-0.015866743,231
106112,2018,6.0828448149139485,0.3597437315634218,0.45686879182737405,0.7669348,-0.04147592,226
106203,2017,6.713017912017114,0.0,2.3142937200186706,0.43694916,0.05922032,231
106203,2018,7.006168512060206,0.0,2.8544933062565483,0.3993519,0.034051303,230
107245,2017,5.7193156084654975,0.0,2.079597043346506,0.6303318,0.06648693,117
107637,2017,6.537348077713243,0.0,5.021440716794787,1.0389415,0.006150598,231
107637,2018,5.473100917159242,0.0,1.6071633493016664,1.2749768,-0.03181096,229
107781,2017,7.740309904307779,0.22496923352598097,1.0722534400059693,0.5311253,0.093393885,104
108645,2017,7.483752622123376,1.3987020334676816,-1.5406620094990975,0.53803885,0.055551466,194
108645,2018,5.010840728326532,1.2739763963057495,-0.14307426155468794,1.2199049,0.057937954,132
108768,2017,7.018986909863861,0.03129602874689196,1.9187683116303422,0.5854187,-0.0214902,231
108768,2018,7.0404593031817795,0.1632354687888048,1.9205580643587923,0.52444184,0.0018075055,230
109079,2018,5.305660340803295,0.07748601808741047,1.2155147449201216,0.37319538,0.2515992,74
109183,2017,6.78995229812685,0.027949055919598054,2.5036226389585226,0.27957147,0.051838774,153
109183,2018,6.497747593976495,0.023500184397482707,1.5928082495901845,0.2866333,0.08606164,113
109621,2017,6.815162354094601,0.04551117823443259,1.563248342542384,0.27107412,0.07103682,182
109621,2018,6.555737559034758,0.04234878773040666,1.1275031062672045,0.26974222,0.18599445,60
109826,2017,8.118988574040154,0.0,19.191242598138963,0.3324921,0.048153635,230
109826,2018,7.91867166551764,0.0,18.676005627026036,0.31868437,0.08747852,229
109919,2017,5.9214447645997765,0.0,1.8024926537398263,0.30851567,0.05574125,179
109919,2018,5.831370616099651,0.0,1.7347281037501525,0.320728,0.062001232,221
109926,2017,8.063937058282848,0.22364566057509147,1.2849641070307196,0.24367726,0.05653776,132
110039,2017,7.784805764712243,0.2743732236295449,1.441707450483648,0.41117504,0.033775173,231
110039,2018,7.359063737475258,0.27088118267215694,0.8578701366809794,0.415166,0.037438996,225
110065,2017,7.055316294584874,0.11120189891611221,1.6090997818906787,0.23228523,0.012434116,89
110179,2017,9.969964281322639,0.4370200622921558,1.9670787134373977,0.17990707,0.025529377,231
110179,2018,9.94710021655352,0.45726249642731503,2.045012325446607,0.18826547,0.02745956,230
110566,2017,7.449603060946345,0.14593674656077152,2.165487592895831,0.2739641,0.06562977,196
110566,2018,7.319231510698389,0.12739242568209583,1.8291440484848485,0.27096075,0.020160634,161
110620,2017,8.71033867426562,0.16252915050558597,5.092608144416457,0.24286254,0.045085624,231
110620,2018,8.84990438130267,0.14835436263276494,5.1493907985122735,0.28717917,0.05047784,230
110685,2017,9.642639826792255,0.2628643255558174,3.031273745819398,0.19334865,0.020655023,231
110685,2018,9.52402505177114,0.24863145435715342,2.3436515944511047,0.2323578,0.030471321,230
110732,2017,9.83586884181479,0.3245672523473574,2.981866217235873,0.17824101,0.03478502,226
110732,2018,9.880127787871698,0.32892664790788295,3.027018720579158,0.17249723,0.034406435,229
110760,2017,5.837418736781725,0.0,1.901918596911608,0.5837697,0.04980464,204
110760,2018,5.158680228884446,0.0,0.9286276781471734,0.65894604,0.059208687,117
111000,2017,6.114638116584378,0.10257462303826033,4.217499790258681,0.4121362,0.09126633,186
111000,2018,6.1583154015058925,0.035960874568469504,3.8241865037624403,0.39739758,0.08107634,208
111064,2017,8.791070905633118,0.0032507727574060904,12.69295864099223,0.275335,0.051822443,231
111064,2018,8.945239723823434,0.002987946688658454,9.07868294795841,0.28219318,0.043321103,212
111103,2017,5.892324643263213,0.0,1.198705484483683,0.39421457,0.036816902,224
111103,2018,6.177443470077119,0.0,1.3644000713695015,0.44766158,0.05267003,229
111486,2017,8.86504722324827,0.21135939316369784,3.4514058619218817,0.2667079,0.024066906,132
111486,2018,8.744549220972461,0.22265888658575061,3.2418130730675303,0.26464877,0.02629204,186
111534,2017,7.31521246824509,,2.5451174266221197,0.27504915,0.044218685,230
111534,2018,7.209702062445056,,2.5531623597637294,0.28203893,0.050239585,229
111721,2017,7.590504335944707,0.02900175945299851,2.0825256355490835,0.27796826,0.062038504,207
111721,2018,7.423592014130649,0.025902068353395587,1.5104856615455646,0.29449847,0.08341673,208
111779,2017,6.738055132036472,0.034152810825651435,2.5628874467025424,0.29829264,0.05047504,92
111864,2017,10.63968847541357,0.045857696603376914,3.9141212859686947,0.20682007,0.038045906,231
111864,2018,10.508567162166308,0.04625149249041665,3.2062289915966384,0.23295239,0.030979635,230
111873,2017,7.612031714003524,0.658970168495429,-275.679229825518,0.5143906,0.19990747,230
111873,2018,7.9310496853888575,0.46134070565670415,-121.17175594460413,0.5327726,0.08226434,229
111880,2017,9.13639552251723,0.0,2.59850230129796,0.16292568,0.024882799,232
111880,2018,9.132257575587822,0.0,2.681705696256668,0.19159225,0.018924635,230
112111,2017,9.280050526820576,0.0,4.044120188590288,0.23062208,0.027042076,222
112111,2018,9.416923036893731,0.0,4.06847439163293,0.26012135,0.03795873,226
112168,2017,10.017986847055594,0.3537475764883908,2.817791249937177,0.14656378,0.025361532,202
112168,2018,10.054018474652315,0.35374011194892907,2.9328537548409885,0.14912726,0.02457601,214
112876,2017,10.955889560596498,0.3990161361752799,2.5409128135644337,0.19341052,0.013231674,231
112876,2018,10.891651007727058,0.43317863148545377,2.252328954241516,0.19199544,0.024245141,230
113419,2017,7.676612718776558,0.11086263303930095,1.5658706539885316,0.2461014,0.024260655,185
113490,2017,10.716665325769526,0.4978151740777181,3.6551597556216784,0.18157145,0.03167108,231
113490,2018,10.716226132676358,0.5055665700777795,3.7461733421971077,0.18298735,0.024608428,230
114524,2017,10.567063275774453,0.35541357145606406,4.816378519161602,0.25376076,0.02278693,231
114524,2018,10.153625455649312,0.33678075288137077,4.089165737939818,0.28483465,0.014623726,230
114628,2017,11.503644166664866,0.2482383919299807,1.407531808495525,0.22335377,0.024263363,231
114628,2018,11.060830042287323,0.2533032981468047,0.8056183054366817,0.24354014,0.021152187,230
115766,2018,5.539918641180371,0.04798507841719699,1.1830273298677407,0.37721556,0.11064404,163
115876,2017,8.490691990164928,0.00023123621902085474,1.2732840701498946,0.27569503,0.09337999,225
115876,2018,8.37826856139723,0.00044180242345330154,1.0736879025588084,0.25133064,0.10027726,214
116029,2017,9.613663251149566,0.3622342313912666,1.7273976872475476,0.30223572,0.045284323,230
116029,2018,9.585778789360056,0.35839441809415545,1.499103447991761,0.29934204,0.03833087,230
116166,2017,5.4638385846636455,0.04347447290468723,6.61068907563025,0.43179488,0.046627413,184
116166,2018,5.051230702947917,0.03231630624416765,3.935273075372833,0.47706854,0.05679413,134
116504,2017,7.28549329963447,0.0,16.364357642783435,0.4755308,0.013439505,102
116504,2018,6.886982654190461,0.0,-8.940590050205387,0.4702719,0.05009528,230
116772,2017,6.93214404053641,0.33751700907783094,1.8927100207430176,0.35761458,0.038084865,231
116772,2018,7.154531103364432,0.260983738003959,2.1064889605740666,0.38536894,0.047131706,205
117036,2017,6.759701168916104,0.7055505704396873,2.6866312451127916,0.4323213,0.07513954,143
117036,2018,6.061455939906558,0.7029012073301824,1.3612465730821952,0.5647427,0.056116562,219
117161,2017,8.617881935322506,0.06594687976343253,1.3483829388157598,0.2561589,0.09579684,194
117161,2018,8.180299664464714,0.04000684185385562,0.8320667811851026,0.37021774,-0.0065825665,87
117260,2017,6.54327250453922,0.511151194199602,0.8330794114577899,0.21685742,0.039039977,135
117260,2018,6.539746145098788,0.5110893422424636,0.7753370943855318,0.23399012,0.06407477,150
117768,2017,11.911398183201248,0.17658571301485634,19.937732565921564,0.41582426,0.011456415,230
117768,2018,11.374955665746775,0.14956364730665062,9.324823378291587,0.4136053,0.037663948,229
117829,2017,5.942157594426367,0.0,2.29726480153008,0.7134489,0.07160319,158
117829,2018,6.368375847798085,0.0,5.179746835443039,0.7146571,-0.025756685,104
117861,2017,7.5472057529560965,0.5035393514994672,1.234009765625,0.41194725,0.056054194,231
117861,2018,7.122761814393443,0.4908730211564834,0.8355482175348742,0.41802213,0.035118863,230
118042,2017,9.081660129472263,0.012798514486403578,2.2885639848087598,0.25792363,0.044174552,231
118042,2018,8.749915096289827,0.009528765843754193,1.4263538461121155,0.2664302,0.06371738,208
118223,2017,6.868921587726218,0.0,3.67203144802944,0.32284334,0.044840902,152
118223,2018,7.572896549539017,0.23586092382006643,6.254632009571224,0.2905139,0.052381698,226
118267,2017,8.01347518856212,0.09235967785502427,2.483463287651641,0.27555853,0.043864768,217
118267,2018,7.883591696006309,0.09545701397775962,2.138695673901549,0.37530702,0.08396671,227
119173,2017,4.767812622858517,0.0968648090148849,1.751776765375854,0.6582854,0.27690694,86
119173,2018,3.677009281543449,0.0,1.1794122034909742,1.3022944,0.12190396,84
119275,2017,8.544154837557947,0.16155347640324141,3.2328147588247766,0.326907,0.03634475,231
119275,2018,8.158093710662072,0.13152626034428283,1.863948660758376,0.3650389,0.03166377,230
119314,2018,11.272094782479167,0.3812315422929431,8.946780812749004,0.26155904,0.01818876,230
119316,2017,8.067682435897677,0.0,13.793301275675677,0.324989,0.033104204,231
119316,2018,8.153535847158052,0.0,10.134174007108639,0.38160202,0.042923912,230
119574,2017,6.930229334833475,0.16638598436730623,9.584455565239395,0.49358234,0.018766383,131
119574,2018,6.829087585543098,0.24504964634766985,8.199508923819323,0.5202933,0.03483709,209
120048,2017,6.13355757473933,0.0,2.1676667215157144,0.35697404,0.030085843,193
120048,2018,6.382112521667715,0.0,2.2128466513946905,0.40739113,0.033367798,216
120093,2017,8.093572286781413,0.31843633929046716,0.8393448368791089,0.3904222,0.030204378,81
120093,2018,7.726976126078945,0.27833527502365524,0.5239615395807535,0.38854054,0.02644938,230
120297,2017,7.580714241915505,0.4577182489182998,0.8740371906354515,0.33030224,0.09692664,223
120318,2017,7.563118423873299,0.08931040616856539,1.7024165959478095,0.24467063,0.046309378,146
120334,2017,6.59145148509142,,1.5609583716163686,0.49827686,0.026300086,231
120334,2018,6.179536641985072,,1.0869975232476978,0.44253153,0.04022955,230
120444,2017,8.07207150317858,0.2773244376268618,1.5113801746347073,0.29051533,0.034547802,225
120444,2018,7.680216286261808,0.25348574907992033,1.0139455161077315,0.28333053,0.037642904,230
120794,2017,8.25539100695218,0.660859792076426,3.9961747663551397,0.2440501,0.061421327,153
120794,2018,7.7627562738998135,0.7147292169713695,3.9786408121827415,0.37365356,0.077608414,210
120824,2017,7.239171756765562,0.522974076390097,4.966784928561496,0.34229603,0.030836727,231
120824,2018,6.374584654826593,0.4982862976737402,1.8781743918053777,0.445226,0.046404127,230
120860,2018,5.6609413597502956,0.020555047610552372,3.0399276557938824,0.40204757,0.06968168,115
121077,2017,8.928816981185342,0.0,6.138263987401902,0.25328663,0.029026447,232
121077,2018,9.39333464411309,0.0,9.341229116945108,0.2681068,0.024056345,230
121142,2017,8.685329505027575,0.02599666116043322,3.234162041350111,0.43342242,0.014648229,231
121142,2018,8.164452816897514,0.027296170841522742,1.7267177602682708,0.47411403,-0.0032887992,229
121382,2017,9.853384000650523,1.2692999717904074,-7.318885804931988,0.21267948,0.017287431,231
121382,2018,9.809274580928681,1.2472971247653946,-5.390208006164374,0.20141788,0.023926796,230
121440,2017,8.763640371617226,0.08682364381468362,3.0437520220763155,0.35461086,0.019421719,231
121440,2018,8.465211913053555,0.07350779182593355,1.7021922111453776,0.37774286,0.030752748,230
121662,2017,5.3122217510058745,0.14828306306633496,1.0930214885119731,0.64762545,0.07914042,227
121662,2018,5.846010186116778,0.06774636739692069,1.7536253238752466,0.63125795,0.08270145,230
121673,2017,8.102805596042659,0.08929707379134862,6.636475945786872,0.48080662,0.07503776,231
121673,2018,7.918961087162963,0.058853811209065944,4.479502138789079,0.48036015,0.07775889,230
121718,2017,9.251170366464438,0.22360633732636417,2.225373325642505,0.27492243,0.022136522,231
121718,2018,9.140092141427095,0.19745175312122862,1.9326637916735778,0.2797022,0.024389524,230
121815,2017,6.990460991554692,0.7597073693436587,1.8668036407258082,0.35735616,0.065217614,231
121815,2018,6.587238671596682,0.7287018755903387,0.8872445168696188,0.38691685,0.06639193,228
122078,2017,7.003155091132999,0.0,6.538786985413869,0.38985056,0.07580763,221
122078,2018,6.722366366659482,0.0,3.9245360883182405,0.3201852,0.049170986,209
122172,2017,8.186063639205507,0.40844109864566897,3.5191052185375944,0.26774102,0.033888537,231
122172,2018,8.099970393785751,0.3956252465021106,3.1806803032409556,0.26380107,0.061285228,230
122211,2017,6.079837767201533,0.13090050212172163,1.9042896365379587,0.36063015,0.055459037,210
122211,2018,5.826160713951551,0.08013718638089777,1.2883182737027694,0.40029266,0.06367555,205
122257,2017,9.660141898496052,0.17558796708485094,5.582730815338117,0.3285275,0.017093806,231
122257,2018,9.627618296556005,0.18757465336443852,5.114066642182793,0.3590617,0.023998935,230
122380,2017,9.071898926461158,0.5130848532910388,173.79525628742516,0.21145353,0.025691835,231
122380,2018,9.073755393901456,0.4074950473255558,-58.31097513368984,0.23959795,0.033874065,230
122394,2018,6.561345269868899,0.21044301578844052,1.9995885027312514,0.34755185,0.023850787,148
122519,2017,6.453806084857844,0.183497746483972,2.25027370420105,0.36978787,0.07420556,73
122519,2018,6.698476725313704,0.16161985955238234,2.5759255201585245,0.36631578,0.07511617,178
122536,2017,6.209218400056924,0.0,0.9936530073588032,0.37573785,0.04589328,74
122841,2017,10.169717704054396,0.13613605373484464,17.752805751481063,0.2759866,0.029166449,229
122841,2018,10.382322774457013,0.04143307549054818,20.00323594798294,0.1694485,0.0563039,224
122902,2017,7.656864227130857,0.17811511461113907,1.0223960281943676,0.34048882,0.029542217,181
122902,2018,7.686397675239839,0.16819602727099806,1.0547486652919753,0.34674823,0.034189038,162
122915,2017,7.853553860343457,0.2131360642272067,2.246560885338415,0.32307824,0.04236099,217
122915,2018,7.705795954162559,0.239941321592084,1.8785438731661195,0.26399192,0.038454913,215
123455,2017,7.837180976264596,0.000995835596596053,0.9447463896762646,0.48000985,0.035422016,94
124036,2018,6.034935111069559,0.22565746302559186,-47.948089062320676,0.7300553,0.084976204,184
124042,2017,10.858301445099634,0.017505719412281556,1.3880687017843785,0.21248777,0.028658492,231
124042,2018,10.550023306640481,0.017994831200992708,0.9059448557258791,0.21619414,0.055801,230
124254,2017,6.1724518808888,0.570822454308094,12.54869109947644,0.39066604,0.061472833,112
124358,2017,5.789442728178356,0.8722458548228977,-64.0719153107234,0.6134635,0.09185764,82
124358,2018,4.660020521596906,0.9096949918851545,-38.596364632809646,0.7417555,0.1504289,225
124617,2017,9.421465083122168,0.35592119395058924,4.360461852245836,0.31430534,0.11796829,121
124617,2018,8.902785211345913,0.4240133866630178,3.012625131272339,0.50090545,0.18110122,193
124775,2017,6.870192342956714,0.41291347436200665,1.599959134447667,0.37339425,0.07152659,183
124775,2018,6.046659158950408,0.4343501829637221,0.7990625584837606,0.4634055,0.10202697,180
125074,2017,6.752503526530171,0.0,2.71502555841652,0.2595281,0.014506128,231
125074,2018,6.958961921115489,0.0,2.8919360528853684,0.2635051,0.051687144,230
125240,2017,7.765540268129215,0.3398789598816612,9.321400147850047,0.29073137,0.033851206,231
125240,2018,8.670764265590302,0.036692898319146544,18.435392695984333,0.4197604,0.055685714,230
125595,2017,9.310171292362371,0.14402247827647427,3.3375914324454206,0.32987726,0.02301388,231
125595,2018,9.205351689164493,0.16003603227525143,3.1173790203830993,0.32252526,0.04192852,230
125601,2017,5.237016265971432,0.0,2.4701649332913127,0.32134077,0.14218459,106
125601,2018,5.222752949678046,0.11665780067381545,2.2763640827349167,0.34984428,0.067133024,61
125604,2017,6.290136558348139,0.18625604667479045,7.321877087689758,0.6794814,0.119730346,231
125604,2018,5.604904310492646,0.4648832001967586,100.16805012900846,0.63906354,0.16069949,230
125794,2017,6.569344216051296,0.2808731869284092,4.122775997871824,0.40018114,0.1257156,126
125794,2018,7.082719545502109,0.19431106006752272,3.7173651788305566,0.4267572,0.09329788,205
125975,2017,5.401265800474284,0.0,13.92767795438839,0.32330287,0.074975066,165
125975,2018,4.889454743416471,0.07568138076612653,9.313225399495375,0.42765856,0.058761645,191
126056,2017,6.997528174467259,0.28662109375,2.138662404692082,0.5429157,0.014911642,228
126056,2018,7.287613327020249,0.29125829125829134,2.8154766608896593,0.4607413,0.0098719485,230
126136,2017,11.29138657250209,0.4650430014390648,2.050160571077679,0.2988888,0.016200908,231
126136,2018,11.070056410715733,0.47585711352904947,1.7698533658536586,0.3063176,0.018660314,230
126296,2017,9.807735176627515,0.20248052077952744,4.018671776858636,0.280552,0.018155081,231
126296,2018,9.715629403060122,0.206122109465979,4.038656213450293,0.29296675,0.020383023,230
126318,2017,5.330803143153661,0.0,21.39420523972248,0.61861134,0.059856117,191
126318,2018,5.621226032419822,0.0,2.771702187437287,0.49088797,0.03629315,192
126417,2017,7.489292758334974,0.18925357649568264,1.1017293733682267,0.51251024,0.02029642,229
126417,2018,7.953362162823684,0.21771625909214778,1.7626027763029832,0.28832188,0.05026791,228
126423,2017,6.6271621537979515,0.0,2.267226567893527,0.34939784,0.034535233,198
126423,2018,6.449910739484702,0.0,1.7481812605004863,0.38538283,0.039541278,217
126554,2017,9.994422687135703,0.21374317588416805,4.5340424860277375,0.2066066,0.01881927,233
126554,2018,9.932306024975937,0.21063107364477227,4.507281552441428,0.2488246,0.02882454,232
126721,2017,8.769984240067592,0.27800020798668884,3.306152621578596,0.22009206,0.039387107,209
126721,2018,8.918989590031977,0.16073819336886042,3.351363452482397,0.22849567,0.037402112,230
127094,2017,6.161980482644717,0.0,2.7405936830185627,0.28501207,0.0471222,173
128978,2017,9.33907587644174,0.40329164985881405,5.211166727755888,0.21143402,0.024403341,231
128978,2018,8.972935563127441,0.38073275796459505,2.9511748316120343,0.2458625,0.020937834,230
130618,2017,10.03852225212829,0.2855354768051318,2.0142129344478663,0.17575566,0.025979191,104
130618,2018,9.93203030479308,0.26466396639663964,1.7262880630819564,0.17990774,0.052547,134
133104,2018,8.849646477148172,0.16580422837647033,0.5911383225376492,0.27439097,0.045216106,90
133288,2017,8.235102948834943,0.2227105783274118,3.9569410167300445,0.29371303,0.034459416,231
133288,2018,8.130284428434802,0.21840744074259674,3.1816706612073573,0.30925247,0.03938642,230
133289,2017,10.363211652999002,0.03055605101221796,1.5785855263157895,0.19288765,0.039521813,148
133289,2018,10.20751278256615,0.029596029827794884,1.2637449298335586,0.19121954,0.053449363,130
133366,2017,10.070496086161862,0.07696899469784754,7.995158311345647,0.27012795,0.03016712,231
133366,2018,10.367643146558528,0.11153896725961268,10.130368424404534,0.30249906,0.03356801,230
133367,2017,8.312976850018476,0.36416157372039726,2.34048909685939,0.25614795,0.039577194,232
133367,2018,7.8233534510921325,0.27920977411276654,1.4320011463945892,0.33810785,0.0407483,223
133504,2017,6.751170238501904,0.00013251351637867063,1.9526036350183942,0.3317787,0.04467136,195
133504,2018,6.922156965064688,0.0,2.169342187419813,0.40235052,0.048304927,183
133564,2018,5.508250483040313,0.0,2.432959361779759,0.45632738,0.16021511,104
133766,2017,6.605283414753678,0.0,2.4619025219042543,0.3714238,0.14832573,171
133766,2018,6.6601253047565026,0.0,2.4475814163481706,0.40909904,0.0966094,133
133768,2017,10.873580804376575,0.02618587232529324,0.8992400518099394,0.21866994,0.03891567,229
133768,2018,10.580522902841427,0.024775357871128577,0.7463015650063518,0.2436225,0.032743886,230
133868,2017,6.950066710939547,0.5304818126215527,20.022634831676328,0.5698476,0.04121282,231
133868,2018,6.555852700598367,0.8583460033223527,-26.636949062677523,0.7779474,0.0467803,229
133870,2017,11.75982372498531,0.12054252454766498,0.6977999529166556,0.21991973,0.0067409906,225
133870,2018,11.632035845980543,0.1107699571784555,0.6380573516739761,0.28812876,0.047994554,224
133871,2017,7.24695493566662,0.08627297805336523,7.471120808940926,0.8488792,0.033731855,231
133871,2018,7.067410859004661,0.0468991099179363,3.2006798029019037,0.8796141,0.03952761,230
133885,2017,9.105507894659349,0.0,31.599950870469993,0.54085046,0.041509338,231
133885,2018,8.682463688278068,0.008562272285602192,4.581573789489791,0.5519326,0.035796203,230
133905,2017,6.583183996244062,0.0,3.188012402088773,0.44784433,0.031681754,228
133905,2018,6.455154600109603,0.0,2.2653417396879676,0.37914303,0.063343234,201
133944,2017,7.356119110116385,0.0020732196846120193,3.048142028099589,0.6072344,0.03231872,188
133944,2018,7.329177558192751,0.0011889583642596619,2.574470537958434,0.3765132,0.09991735,230
134044,2017,8.876703306456413,0.15131958384934882,2.516175717946421,0.3995513,0.017322259,229
134044,2018,8.221720724488337,0.15020550997444995,1.369093172967388,0.41512015,0.014483893,230
134305,2017,6.962736183769104,0.0,4.797154182501736,0.43359843,0.031170873,200
134305,2018,6.436846760447552,0.0,2.919542642871504,0.38339373,0.049743723,95
134932,2017,9.09402798288882,0.37576962099206407,3.2035306319274506,0.34158137,0.029213807,231
134932,2018,8.82943118516534,0.3463018609309927,2.1542437066464877,0.38873595,0.03373224,230
135484,2017,6.27336963989941,0.6819643144189037,0.233184327176781,0.67697465,0.123852976,181
135484,2018,5.526152614620517,0.6914070755315102,0.1569848,0.80369097,0.075984545,230
135788,2017,6.925844281999807,0.0,4.16174275554829,0.38562176,0.034925085,229
135788,2018,6.1764843769534545,0.0,1.9574543576311927,0.46699464,0.036695406,191
135965,2018,6.243881656101879,0.025178679822265685,0.8721918759677315,0.5531455,0.08231251,69
135990,2017,9.107292806053314,0.6739857620722189,-26.071793757225436,0.39684513,0.034545653,231
135990,2018,9.326570202033011,0.6067933759879564,-9.102544570502431,0.29899594,0.03314519,230
136186,2017,7.778517533199392,0.12026265726214,6.615902054788829,0.7687813,0.23820487,213
136186,2018,6.921935226639165,0.5236206406023595,4.870122631634545,0.732628,0.081423536,229
136265,2017,8.778119992458809,0.01851495482514096,1.3039749694531377,0.25259215,0.04804193,224
136265,2018,8.31868449492689,0.0176422896362158,0.8495883195996012,0.2581111,0.028090023,217
136648,2017,8.2588615525732,0.1506076388888889,6.062315949764521,0.25501093,0.02933518,231
136648,2018,7.437683850031208,0.17339312406576982,3.6533569032258066,0.34937647,0.043539237,230
136725,2017,10.620906818252786,0.0,8.673233302294083,0.26326942,0.040433373,231
136725,2018,10.912108391842937,0.0,8.210507875666286,0.30381632,0.04042617,230
137024,2017,6.422207348645858,0.31596382605304213,1.8170809944102075,0.6647694,0.06099593,204
137024,2018,4.631932070791367,0.4236160976243704,0.46809121898754946,0.7165657,0.08914929,170
137066,2017,10.631014275515977,0.037911960705966814,0.8858902393494563,0.30090845,0.039801538,222
137066,2018,10.392603252070977,0.007732459466130242,0.7146283017755094,0.2966898,0.064752646,211
137131,2017,8.554132245872584,0.38025073705033785,4.964355743101007,0.26553905,0.05112481,231
137131,2018,8.604525197332253,0.4244422607659628,4.141928245878791,0.27709514,0.03114808,230
137351,2017,7.4131344979754425,0.02698900010898169,1.1387597543608234,0.21649721,0.10777452,71
137351,2018,7.11061162144949,0.02128374414142674,0.809964054394509,0.24763584,0.13880175,90
137433,2017,9.184186726571971,0.43387595974377996,4.668793897600342,0.31722456,0.08459208,231
137433,2018,8.765239596633199,0.5565674993887727,6.816795606677646,0.32496998,0.07809231,230
137435,2017,10.721452920162578,0.0,6.447355991657846,0.3580458,0.0064207832,231
137435,2018,10.312884274046814,0.0,4.57971165080904,0.39083058,0.018107418,230
137573,2017,8.366850965214194,0.2906528379108701,4.332315577361135,0.3239072,0.036901347,199
137573,2018,8.240933215084484,0.4033683387547943,3.7480086114473457,0.36741763,0.05069503,222
137602,2017,6.824131901689038,0.09773093167396531,2.6011074347444927,0.4734385,0.03308865,231
137602,2018,6.3622215714843575,0.08707773488852949,1.4192502761199697,0.44790372,0.037403394,230
137611,2017,7.430249538647464,0.03612403846409179,2.246405438602568,0.40626618,0.012337883,231
137611,2018,6.527035240625028,0.09165444144612005,1.1605345764554038,0.54232174,0.0160799,207
137943,2017,6.470803373744154,0.38185587629754286,1.8516997735546192,0.50132823,0.07772272,82
137944,2017,9.147955753523894,0.08320254778730019,4.463456598567451,0.3051161,0.04212727,228
137944,2018,8.277304550370308,0.10391146150183282,2.463216740652516,0.5590177,0.07683825,230
138122,2017,7.196218723583175,0.17021000663178837,6.441777555710037,0.7121922,0.028220575,194
138122,2018,7.562694675203151,0.07195484660861869,3.175258470816055,0.5415263,0.053523827,230
138126,2017,6.317602857884303,0.7867969182738305,-39.32194395175594,0.71989965,0.09056135,231
138205,2017,10.377172833676669,0.22484306638767357,11.683532193524918,0.3421961,0.018469622,231
138205,2018,10.693981700875149,0.12789193849691047,11.732227248536454,0.3361756,0.03534283,230
138483,2017,8.584724938380452,0.21329227610982807,7.374305376344085,0.28264484,0.07527124,159
138483,2018,8.447253428197346,0.1515550126843935,5.19992184920812,0.33113736,0.027464515,220
138608,2017,7.601259325857724,0.7436548019835438,80.30480292205186,0.5160511,0.077446476,231
138608,2018,7.253802853949109,0.9418619295081538,-63.48678853754941,0.6831162,0.19588107,230
138743,2017,10.486306408282523,0.5316451788643336,5.229591324697545,0.21699914,0.03712345,231
138743,2018,10.25623197327908,0.5374521885745747,3.942131661624381,0.23311207,0.025783898,230
138781,2017,4.853845022498709,0.0,4.376983991534969,1.0508604,0.006185549,94
138781,2018,4.86656859955635,0.0,3.4872190747254517,1.1157908,-0.08947073,151
138861,2018,7.855434962594832,0.44972097042143255,4.033883570597581,0.35718617,0.042973842,123
139025,2017,8.547559822615893,0.05529719846706026,1.3900293207679064,0.25577208,0.05324731,227
139025,2018,8.180884413434933,0.06274764248746477,0.9006723248460642,0.2611091,0.02417854,217
139665,2017,10.246690008196227,0.5947150403760676,-86.021,0.20075618,0.03134782,231
139665,2018,10.195791881880197,0.548602800697025,58.25225518590998,0.22149453,0.03140218,230
139804,2017,7.374954604842118,0.35065434119779343,1.577566691055785,0.40463376,0.04218948,231
139804,2018,6.916590641954913,0.42297143343042654,0.8221703188119506,0.3763597,0.05269959,195
140045,2017,8.608002347704085,0.3085901414142816,4.129487602034236,0.27182207,0.05424426,230
140045,2018,8.415824697027949,0.2491957017349338,3.0502851456244477,0.30489123,0.04005202,206
140073,2017,7.275003537896946,0.5542502751597858,1.6160588819327923,0.36161175,0.06827105,228
140073,2018,7.814557529254338,0.381662548497194,2.3351318490551094,0.36368257,0.08249604,230
140541,2018,9.506918754649963,0.23956695566236913,4.146113542501387,0.28934416,0.021209039,230
140672,2017,4.554946424709202,0.6054243103839886,6.248877061567777,1.0628896,6.500525e-05,224
140756,2017,11.394479028011855,0.06212707764997764,0.7959486485444905,0.20799163,0.029141242,227
140756,2018,11.355994039785148,0.05873675292986266,0.8196078866061133,0.28668514,0.033503376,230
140760,2017,10.849697052924155,0.340036563071298,8.002258713886299,0.15378848,0.059320185,231
140902,2018,6.102188123312986,0.5971306719002104,-4.381717740274768,1.2830341,0.022659268,189
140910,2017,5.143712333517993,0.1261072512439727,7.292760469867211,0.6552408,0.0884099,215
140910,2018,4.346852722166214,0.1094463584648666,7.046346136301432,0.59318477,0.30437204,106
140988,2017,8.03777906036741,0.1477053605861936,15.027816116504855,0.34796613,0.031399947,231
140988,2018,7.993466083591715,0.16057494866529773,7.897451066666667,0.3670821,0.041264117,230
141197,2017,7.268116990433905,0.47969693170216193,122.26894858019953,0.715424,0.07223838,188
141197,2018,8.17341929846449,0.2028308034511821,16.134512589707068,0.6754844,0.036419302,230
141277,2017,8.753199640612626,0.009303996257685113,12.165052669200527,0.49535266,0.057931494,231
141277,2018,8.958473000850555,0.4526325735455263,11.415788298839399,0.5046388,0.05044455,230
141359,2017,6.266010276881657,0.14560616075844632,1.9580511485166932,0.32634985,0.054246854,108
141359,2018,6.183892775668541,0.10038051217405514,1.7170066148245726,0.36508232,0.066271454,163
141363,2017,7.934030234681654,0.4993041564088075,,0.2756571,0.032274336,178
141363,2018,7.716112966860853,0.4901444920099415,,0.32623327,0.037104324,230
141384,2017,9.78605938140788,0.0,15.459450089971053,0.32897094,0.025575902,231
141384,2018,9.723637331873865,0.0,13.335482927086234,0.40159696,0.04473315,230
141459,2017,9.324598868624612,0.0,2.948196967441655,0.22394527,0.039594635,231
141459,2018,9.39238443360525,0.0,2.8817548512193443,0.20197894,0.048990432,230
141496,2017,7.048097140128417,0.0,5.766338593528406,0.9036965,0.0950112,230
141496,2018,6.354695726886313,0.478324576544451,9.120547054626181,0.734341,0.03991007,230
141720,2017,9.945632110164103,0.41925222856409927,,0.2910558,0.014246304,231
141846,2017,8.22844794332681,0.0,11.17262988204065,0.5342611,0.052172847,231
141846,2018,7.751956569943108,0.0,4.855397919758537,0.71854633,0.09187955,230
141913,2017,9.677602947965516,0.35077579600477576,4.205057231112073,0.26444522,0.027924838,231
141913,2018,9.698344826099545,0.3790532587133602,4.081423182351486,0.25424182,0.032518648,230
142088,2017,7.344681928137513,0.003676599089693605,1.7109063608731694,0.22652467,0.037034288,105
142088,2018,7.607434678071829,0.0035189212024262766,1.0211851406958907,0.29895812,0.043583572,107
142230,2017,9.691289721411698,0.5779417462598259,7.595647506894317,0.16794294,0.014636362,231
142230,2018,9.474303872368555,0.5435766231255171,4.925716586833641,0.17981993,0.023861306,230
142248,2017,10.944721434932434,0.434755688524825,5.730508440974274,0.252941,0.021327695,231
142248,2018,10.758961787937084,0.37971098171955914,4.717271293810281,0.2783721,0.03889703,229
142260,2017,7.276431014498322,0.0037418047177472952,1.2764210351607161,0.38817114,0.05837568,209
142260,2018,6.7527043940918565,0.15279658212984093,0.5947983286196109,0.45086938,0.046517763,210
142460,2017,8.328867405259256,0.17340976873808242,1.3667251847940867,0.3462234,0.043294586,231
142460,2018,8.12118086466144,0.1792232983552676,0.9909859818588763,0.34205315,0.02113011,230
142540,2017,11.068136473986968,0.19176014274543052,1.097512960717444,0.21341635,0.022075588,231
142540,2018,11.128220081141828,0.1951725065034177,1.1216575209668365,0.29563934,0.03526711,230
142546,2017,6.087790756034409,0.0,6.327901844721567,0.3242684,0.05826504,129
142546,2018,6.3638665105997125,0.0,7.718003510078179,0.45348382,0.07695311,127
142814,2017,7.490602531714981,0.15946948764506197,2.4197932720886244,0.44472614,0.041978665,188
142814,2018,7.4818612890158365,0.3005067342312308,2.434584533113945,0.47728324,0.020084713,230
142953,2017,11.061817711653722,0.20554912928425426,2.4392869212209414,0.20652358,0.022259586,231
142953,2018,10.96963742588867,0.19978000605780422,2.265613371299294,0.19195426,0.023281021,230
142956,2017,7.53045424384101,0.19883321908305995,3.603935815807842,0.3183108,0.039185774,219
142956,2018,7.812020149178421,0.12524208271598772,3.634569765029422,0.34232625,0.10133226,227
143356,2017,10.791070716342107,0.022466075504765478,0.898574579888661,0.22218053,0.037900265,231
143356,2018,10.419108568010286,0.02249232588782914,0.6889269926157517,0.24004398,0.032838516,230
143357,2017,11.295891130828764,0.0009767786445857604,8.993905003899695,0.1778944,0.03099544,231
143357,2018,11.590272056309361,0.0008047745594384869,10.424005436338895,0.19628051,0.031266227,232
143421,2017,7.761708968684675,0.3928212393903578,3.9900311875738916,0.3731188,0.016178764,227
143421,2018,8.13670387141023,0.3390144970997264,3.665184549669208,0.3491984,0.0806159,223
143912,2017,7.246870448548612,0.00022477758849138746,8.383131076658465,0.3562624,0.032703068,231
143912,2018,7.852820525041823,5.003196486644244e-05,5.505775971274747,0.4676039,0.035675656,230
143974,2017,9.549864518208555,0.5859709041610178,7.569014175605023,0.27924734,0.031811472,231
143974,2018,8.988979231224064,0.5194042326335985,3.4365044380601177,0.30228207,0.032189645,230
144009,2017,9.899086713031803,0.1371002526341734,1.9664405095793007,0.16878381,0.044470802,230
144009,2018,9.882166614108733,0.13552570634553035,1.987220353227771,0.20085095,0.043649465,228
144066,2017,9.96611764440546,0.3709507140078902,3.5235245738871415,0.15647975,0.025705395,232
144066,2018,10.047904513048245,0.29859140124040784,3.2513458561981143,0.13569444,0.07444403,208
144396,2017,6.125324060894868,0.19726654792628404,1.9287815124278225,0.4044605,0.10564071,211
144396,2018,5.565051224268854,0.18253735922230055,1.2004826045382664,0.47649357,0.17126863,168
144436,2017,7.1433954611288755,0.21732479339192218,2.998644387427535,0.3560646,0.066121295,231
144436,2018,7.0478216271950505,0.10886952706302692,2.8871061428958655,0.38956195,0.04624333,230
144437,2017,6.222890504408245,0.0,2.5415308920793676,0.42520565,0.05290044,196
144437,2018,5.609399484878325,0.0,1.3663017593032858,0.46574765,0.09716028,181
144496,2017,11.133499672728181,0.1235548390330961,1.3010636550778876,0.20896867,0.03769576,172
144496,2018,10.729238233549275,0.12223092805446907,0.8629059752871826,0.26139873,0.03501301,118
144520,2017,7.757238998637353,0.25506696003132484,4.1570257960951205,0.3337045,0.029052466,228
144520,2018,7.879591356845989,0.29517036338337843,4.135890045227624,0.3722579,0.02300144,230
144535,2017,11.35555810333143,0.141809321098457,5.075710472522379,0.21146123,0.022119118,231
144535,2018,11.563803968849088,0.12200810663749917,4.743827586709052,0.22533269,0.022815488,229
144559,2017,10.104293138900092,0.34344971018120896,2.0831764344995656,0.2162829,0.02295028,231
144559,2018,9.959814954514679,0.3487283850324121,1.8772351015410824,0.22505473,0.030175855,230
144640,2017,7.194460874835786,0.3660202825985488,3.3790766108574326,0.3187577,0.02112653,224
144640,2018,7.162090752639949,0.3214736217259034,2.7252839391377854,0.3088252,0.030814819,222
144998,2017,9.304146949209239,0.35055072371762314,3.0824744050291875,0.36331034,0.030082969,231
144998,2018,8.794606467790183,0.3180114099429503,1.8671642105263158,0.41893587,0.052382875,230
145041,2017,5.088965767502211,0.10740124926976138,0.8671773516723777,0.4984335,0.06906377,155
145041,2018,4.016169664660263,0.1664191857679813,0.31732724850023736,0.5539757,0.06491592,73
145046,2017,10.961654266280625,0.24641621774879502,2.174165312097921,0.20607524,0.027233655,231
145046,2018,11.121361952562742,0.24055832669656704,2.368519374934305,0.21948305,0.03093856,230
145049,2017,7.440060358675162,0.16223024436686767,0.7689559720027095,0.41877562,0.039092176,230
145049,2018,7.053309111583877,0.11660856019583117,0.865648854961832,0.51608944,0.0742813,229
145552,2017,9.76974611271038,0.21482498284145504,2.5542079649635037,0.3010138,0.031233937,231
145552,2018,10.076573117734197,0.21513866865149994,2.1781951726664834,0.2697908,0.030649219,230
145701,2017,9.922890099810967,0.012569051418202325,1.5870000700427263,0.20426843,0.04178333,231
145701,2018,9.421048118203588,0.013385254289383346,1.0838906935908692,0.2449759,0.027217353,229
145977,2017,8.905265225162523,0.12311836139745572,2.1582011222781943,0.35827973,0.028383411,231
145977,2018,9.342206143223253,0.11566869985425823,3.213222324014247,0.34517807,0.020337414,230
146017,2017,8.909579933305722,0.12294799282659677,4.444374927953891,0.3055763,0.02214538,231
146017,2018,8.718046051376337,0.11924518201284796,3.5602425675675677,0.35221696,0.030609194,232
146140,2018,7.673582014851184,0.4689139298229694,1.2574906452880317,0.17998923,0.025402142,73
146171,2017,7.5852830542593175,0.01777038937216068,1.4661519061426358,0.29379165,0.029528951,225
146171,2018,7.6397872965837585,0.004157725247537102,1.483949756422023,0.32428402,0.051978238,225
146352,2017,9.27697095572391,0.2013009439056768,1.7616160647965868,0.44063613,0.056597393,226
146352,2018,8.447180222664088,0.2698548073631506,0.6117314385995668,0.53907233,0.011777676,229
146616,2017,7.636167773870601,0.0,10.848880545431697,0.6217556,0.02822187,231
146616,2018,7.337466825362966,0.0,5.57054885784502,0.68793964,0.0934346,230
146648,2017,6.415468903085171,0.00436002085618224,9.419002049527684,0.47691134,0.07693842,226
146648,2018,5.471229711890642,,5.125520200060363,0.55393803,0.054380897,225
147204,2017,7.641100243283318,1.0005938743688325,-20.303804220627246,0.2905812,0.03979046,228
147204,2018,7.647237498069765,1.0653037777927958,-14.059211017301779,0.28845218,0.05051408,230
147242,2017,7.888016745833804,0.29907502848152767,2.3783437682939015,0.31402054,0.042706512,227
147242,2018,8.058377055343467,0.2723559980425716,2.529671903467399,0.31248102,0.026669705,228
147305,2017,8.87781991677107,0.10254575196810142,1.4834795200661979,0.30041596,0.017941184,231
147305,2018,8.499916810470996,0.13053903702282754,1.065790500975927,0.2825529,0.022290146,230
147312,2017,5.38499493783074,0.08447646405745825,1.336345756771826,0.24923423,0.28278634,66
147579,2017,11.32893195460054,0.3418461156207768,23.225891183476286,0.36237338,0.023319194,231
147579,2018,11.66873267205543,0.39885648946655167,22.306800999853973,0.4298457,0.024265053,230
147638,2017,8.192276615031053,0.8514545006859193,-4.221215282159131,0.31917143,0.020207765,171
147708,2017,7.164087618683281,0.0012056564236220778,5.315303201072783,0.31458583,0.0516132,233
147708,2018,7.440733120534628,0.000853873430939587,6.4738897690446064,0.3185086,0.042137396,232
147849,2017,6.024628493486414,0.4293121653216683,3.0384315800302746,0.36838102,0.14131095,229
147849,2018,5.867836242353651,0.38012058118176884,2.212271017567576,0.37776452,0.048481617,143
147868,2017,7.471396269196078,0.09199543584246742,10.004431525724828,0.75409126,0.07482884,230
147868,2018,6.0788861482774985,0.006654105750196761,3.3135175261488015,0.84135634,0.09530487,230
147988,2017,8.665379115691453,0.2571452604286628,1.4510659799015344,0.29460543,0.024766987,232
147988,2018,8.54228860677312,0.23729411582799717,1.2527095959225758,0.27512634,0.028646573,230
148170,2017,5.799288998820074,0.0,8.026086956521738,0.9546628,0.6953679,73
148170,2018,3.0875677873283838,0.12236652236652237,3.834153550192375,0.970847,0.5411226,230
148219,2017,5.105172751184843,0.5409700230417361,18.577188732394365,0.7301164,0.09460815,180
148219,2018,5.56788103759862,0.4759105525508371,8.805601882985878,0.64586365,0.28659537,188
148349,2017,9.493783003182628,1.1421418590707924,-4.498817126840435,0.2950312,0.057422236,232
148349,2018,9.884960389689235,1.0249624778652813,-10.856059179273542,0.25880256,0.03565065,230
148390,2017,7.034498760777941,0.13490799196998332,2.4749983102104713,0.44544494,0.01652711,229
148390,2018,6.951420523633175,0.048022443705353586,1.8005815596969132,0.43839377,0.03362398,216
148391,2017,5.132947140671327,0.0,1.204282223058944,0.47143078,0.089217916,194
148391,2018,4.998840002348926,0.0,1.1333417431192658,0.5168721,0.07299039,191
148469,2017,7.10962452861846,0.0,1.745592112020268,0.17018183,0.034317188,205
148469,2018,7.131402279544503,0.0,1.740262870071969,0.18489294,0.034578837,183
148470,2017,6.593873779264738,0.303720013397539,1.8857501258275582,0.39878723,0.025845986,231
148470,2018,5.8481284450269815,0.24028812440680095,0.9053829495435013,0.4878164,0.0343506,230
148950,2017,7.597995368043343,0.327819309686655,2.2088992689410722,0.29595324,0.036904734,203
148950,2018,7.128074044342543,0.269553561021098,1.4532750378920367,0.32868817,0.046865135,227
149070,2017,10.810650954778684,0.029463842768025838,2.2106974852533043,0.18220374,0.048199408,231
149070,2018,11.11433112756541,0.049393551784624075,2.589898923162992,0.1951769,0.041795775,230
149177,2017,8.187171640314004,0.5706834337412604,2.2886216473302796,0.34714746,0.053739548,231
149177,2018,8.185358205309594,0.5501123614598069,1.936571130639787,0.33368504,0.029764485,230
149318,2017,9.762256970787924,0.7556102518747626,18.321311204562765,0.3180422,0.026958326,231
149318,2018,9.26920505730665,0.7132647648137307,5.214196545636621,0.39493448,0.027513152,230
149337,2017,9.462226239288034,0.23609527429367794,2.1852373076269744,0.1637058,0.024855668,231
149337,2018,9.508406521546151,0.18828025477707006,2.4724736740686364,0.19894749,0.037798233,230
149618,2017,6.9514890142678505,0.0578959690746924,1.4056137544282645,0.32447338,0.04614297,231
149618,2018,6.513435119570187,0.08026045367352812,0.9436345579404429,0.28552887,0.041023906,230
149721,2017,4.386764144929711,0.0,6.146192078299435,0.6443595,0.055243816,214
149721,2018,4.76717389278144,0.0,8.363785475496124,0.6484703,0.121028,230
149738,2017,8.774391549381985,0.1491131056622841,0.9244472037169406,0.22904836,0.028932707,231
149738,2018,8.258994423210467,0.16725040896298526,0.6870300981926853,0.23220995,0.03977366,230
150139,2017,8.083727399629106,0.01429231014056103,1.6694775537071576,0.44112325,0.01608492,230
150139,2018,8.105821350860454,0.013083126490124903,1.7402426895624896,0.4252988,0.041161686,229
150201,2017,6.288285978099403,0.6482914212866714,1.8046814488953566,0.28050485,0.04402655,120
150201,2018,5.994582082540555,0.635243149299689,1.5157943727522742,0.30765274,0.0891911,115
150221,2017,4.783611390610616,0.0,-15.386183550006432,1.1942558,0.3212863,218
150221,2018,4.950780047068453,0.0,-69.12188356164384,1.1927983,0.2067711,230
150257,2017,6.112314342113739,0.04962585932043086,2.9862797713559863,0.81088793,-0.100881115,78
150257,2018,6.201937484150795,0.028652171561468983,1.9480677733365426,0.78872496,0.10130371,122
150258,2017,4.749424976908763,0.39034800377625883,0.08033654073511536,0.84538907,0.20588483,229
150258,2018,3.9943297328890264,0.406427679293882,0.04150803638737972,0.79310924,0.19358134,213
150277,2017,8.589498920791355,0.3683662630125345,1.7935530365723438,0.27010372,0.047488403,231
150277,2018,8.265603397511413,0.4095368445247772,1.6762894709610656,0.34897876,0.07046583,186
150278,2017,8.620280905816916,0.29850401281625377,6.467143262166417,0.25115833,0.034015365,231
150278,2018,8.222617809270295,0.28815197551263855,4.2835261371491535,0.28388736,0.030731542,230
150306,2017,8.392389679787133,0.0157448392653509,2.1500007063794837,0.30010223,0.03996935,231
150306,2018,7.849623730160708,0.013984579885593932,1.0912081506334683,0.30415455,0.033389512,230
150477,2017,7.31340357031123,0.5841860107892229,1.3797571520407008,0.41153258,0.034324262,231
150477,2018,7.006748196448618,0.6301621231448356,1.0081621009569728,0.3745764,0.03740043,230
150481,2017,7.499868127996003,0.12280614728304846,3.103275787189703,0.3313396,0.06434994,197
150481,2018,7.268389729717594,0.09241688813073157,2.061091075267581,0.35722095,0.09473945,169
150562,2017,5.821435131443259,0.0013978746941101538,1.311430558956004,0.33865294,0.045735396,146
150562,2018,5.365051288528648,0.0013654179259399936,0.8217440935348854,0.36096886,0.080293156,153
150699,2017,9.362569352521591,0.2948694126230333,4.533881600823587,0.3021531,0.02318227,231
150699,2018,8.683276518893232,0.24555152980394201,1.7728939337242693,0.35659468,0.027200654,230
150837,2017,5.762152006648243,0.5252137256652203,1.1991659471138074,0.41496196,0.044590816,229
150837,2018,6.149326389188749,0.4155891974565589,1.10607503052085,0.3762685,0.037024565,223
150838,2017,7.09208199909177,0.0,1202.40861,0.2619366,0.15161915,93
151630,2017,7.970016514946671,0.2406793026185462,13.883767697225073,0.4386121,0.022016676,231
151630,2018,7.657909604997101,0.07921444276862133,8.507180969677004,0.47929317,0.009038785,230
151933,2017,9.841927975535278,0.002406200545095233,1.6378362201967658,0.27798343,0.020471575,231
151933,2018,9.440222270351018,0.002048023832774823,1.0680335897448519,0.32030758,0.043648303,227
152149,2017,8.433985480399544,0.17896352260653997,3.441136873597607,0.37920594,0.040850423,231
152149,2018,8.882619331692052,0.17011462119094214,4.375009107468124,0.36223856,0.032740086,230
153130,2017,8.337988020044984,0.055594473335146194,0.9153373217142067,0.22605762,0.036398154,223
153130,2018,8.370172607930584,0.04524844146287635,1.0144086996433197,0.2348344,0.0335454,226
154039,2017,7.517548024146871,0.0,2.5189428941046015,0.3552543,0.022534067,231
154039,2018,7.403774340628153,0.0,2.6167885051756667,0.39125824,0.055064756,228
154357,2017,7.743430138955518,0.2922053334775788,0.6072750730666947,0.54030544,0.034650106,231
154357,2018,7.194902958671538,0.40980417797247376,0.4844309135192119,0.4772973,0.040619414,230
154414,2017,4.224670384993084,0.23942404286192656,8.934898039215685,1.0523384,0.45206472,66
154414,2018,3.2217110019526563,0.3857110387150542,14.450132564841496,1.2875662,0.27143902,126
154739,2017,6.424587525617473,0.524915612405138,2.3119774659290244,0.2257095,0.036896277,187
154739,2018,6.291140010458561,0.5392538148118559,2.1613037454653203,0.1905864,0.016990079,115
155280,2017,7.220065800990276,0.356139804912567,3.457251662749602,0.36100712,0.025361395,230
155280,2018,7.207005091397273,0.5551713460577151,3.0905799678304824,0.3824045,0.037764344,224
155393,2017,7.783936062770794,0.3290140204121511,0.6128151314752055,0.59683585,0.026373653,94
155393,2018,7.6329925747235405,0.3598549817109782,0.48362254924459924,0.56674296,0.025027446,230
155394,2017,9.439239680692804,0.3499161726561439,2.994675635973683,0.21476138,0.04113892,231
155394,2018,8.922944202650207,0.3676403237593126,1.5687321409079904,0.28956947,0.025471617,230
155738,2017,7.712276816750522,0.8890739548001028,1.0400541607021818,0.301749,0.04253984,193
155738,2018,7.65306963898084,0.8775369763761643,0.914357403717307,0.2808682,0.07116637,180
156155,2017,8.594795249279459,0.14757227552391197,2.366105193556933,0.2530395,0.027960604,230
156155,2018,8.317041675823557,0.22845669423298806,1.1925852168430229,0.36181438,0.03242911,230
156157,2017,5.630701257260643,0.00037013536379018613,1.5522357485986562,0.28490025,0.0512124,151
156157,2018,5.621043557697132,0.06556125465491507,1.3912450191677035,0.3203052,0.2128595,85
156383,2017,7.917587948241037,0.011875693365946844,0.9631545314872129,0.32373756,0.033607516,194
156383,2018,7.833960642062334,0.011968620684753491,1.0524400014838893,0.31685996,0.06816001,184
156613,2017,7.5451263163962565,0.0,7.721707102004825,0.38248527,0.047379017,184
156614,2017,6.953511129990326,0.5734983025559252,1.9564219874857027,0.6174722,0.07378777,230
156614,2018,6.500750065520324,0.47812544597691026,1.073657357151498,0.5763277,0.034151737,229
156861,2017,8.130882853731478,0.6238678544914625,30.20264888888889,0.4014066,0.03786098,231
156861,2018,7.721481582500467,0.588900346173676,10.513979496738118,0.45114377,0.019483112,230
156953,2017,7.796150137901098,0.019280497233757896,1.2715068346999945,0.26950505,0.037342057,145
156953,2018,7.4200196472587026,0.018698699433159705,0.8561641369192653,0.29783547,0.007391295,192
157057,2017,8.572785146110547,0.03670822472756964,1.2377256404252328,0.21290182,0.03690718,231
157057,2018,8.61923357432807,0.08086533477085275,1.0837801099998041,0.31216317,-0.008619299,230
157153,2017,7.801421188912517,0.517464021781408,3.5186769363662536,0.21271017,0.02520996,231
157153,2018,7.252288913616378,0.5579627518053972,2.612609348389485,0.28495696,0.03801323,230
157353,2017,7.789307308868049,0.046000433893262256,0.8252937316289561,0.3144641,0.09057416,127
157353,2018,7.8274835238328455,0.033886809916300296,0.9458238396863099,0.3910752,0.0686824,77
157354,2017,8.001956031116485,0.2597018197763648,3.9596904944982105,0.4738224,0.062370412,231
157354,2018,7.1968814282529046,0.23976608187134502,1.5899739938080497,0.43317658,0.049101714,230
157373,2017,8.968048363549814,0.2999315068493151,1.2375070450961843,0.30392572,0.09730205,60
157373,2018,9.331645318417484,0.41784506609283745,1.4357994849294162,0.28590766,0.054969024,229
157679,2018,8.0143330091211,0.2087882698011662,1.14737588273058,0.21111405,0.07839437,63
157855,2017,11.328251806913611,0.042688360413867775,8.855258097782649,0.24474779,0.032336857,230
157855,2018,11.670073647793243,0.10323063408920845,7.498679910285165,0.30324337,0.029205726,229
157955,2017,8.276300876034039,0.08951707891637219,0.5745915002193303,0.26079068,0.04094929,231
157955,2018,8.286169281477349,0.09064177019775049,0.6054313409610984,0.22742483,0.041875523,230
158354,2017,7.34762954324636,0.03776935715167574,0.11570368162170218,0.6892505,0.12480391,231
158354,2018,7.755222267923442,0.04296344738067636,0.18744803212851407,0.56945896,0.24169509,230
158563,2017,6.086279490666715,0.46276245717580816,4.003770415687988,0.9937927,0.0695225,231
158563,2018,5.845911931097502,0.7684465237856216,13.334532274234597,0.8040431,0.10668688,196
158587,2018,6.105940252906823,0.01241011818398341,1.1026072334651011,0.38504687,0.11557653,76
158737,2017,6.715374537810685,0.17459693275658672,2.6366017897091725,0.27362996,0.011738942,63
158737,2018,6.5118038123328,0.3483167024153689,1.8264297421981004,0.2575761,0.063475154,94
158742,2017,8.934591712275186,0.0,14.744577654399652,0.26146644,0.050487798,231
158742,2018,8.981393564296015,0.0,13.08438272153294,0.25379467,0.05746907,230
158743,2017,7.756811528211431,0.6227324729474946,2.6537118863239786,0.31021863,0.05268412,201
158743,2018,7.548357587521056,0.5355118290925197,2.1083557561866075,0.33436498,0.09640457,218
160211,2017,9.000360557249655,3.7304796038974466,-2.9633887161729398,0.27098313,0.025684735,231
160211,2018,9.226423760096367,3.852489296164252,-3.342894180473769,0.28512537,0.036399446,230
160225,2017,11.979819063078754,0.25467673121102724,29.17029407461595,0.19476926,0.028263358,231
160225,2018,12.17759580176041,0.23483507642799678,36.030576459684895,0.23951443,0.020280339,230
160233,2017,7.980648051641665,0.3996579180010851,0.8714954014245211,0.1931712,0.12634979,129
160233,2018,7.80187855836388,0.37858694051195274,0.7176863424543307,0.21881132,0.103834406,145
160329,2017,13.50337787364425,0.020117083555082488,4.799179107159251,0.21229018,0.014829473,231
160329,2018,13.496445411889704,0.0172342692188735,4.09185600108091,0.24455887,0.020735906,230
160340,2017,5.6211359577895985,1.2305882352941175,-1.2862682785984392,0.8799783,0.55580086,231
160340,2018,5.289537939918884,0.8466459310152732,-1.132336847876995,1.0884362,0.1629693,230
160341,2017,6.13207658457164,1.0678144075453404,-0.8027633616270392,0.68718207,0.03170471,143
160341,2018,6.362085038304547,0.7463309874585624,-1.7840530055788864,0.7163349,0.052221086,230
160373,2017,8.325034502705874,0.12805008180977448,5.125952987948814,0.19592455,0.044483773,221
160373,2018,8.45144223637764,0.04814967670931352,5.008901422916444,0.22801898,0.041101698,230
160376,2017,8.229293207223417,0.039065159703387066,4.468212075382652,0.28376335,0.02077194,231
160376,2018,8.36067845941836,0.001416343831928106,4.5217161307107165,0.2960666,0.041201007,230
160378,2017,8.362622688142114,0.4330019225419437,1.4026364519800354,0.1988675,0.039766107,130
160479,2017,9.307404662428493,0.580154596756572,4.687570972000011,0.20803055,0.03678854,231
160479,2018,9.350134480790517,0.5864915778306208,4.7645753698434445,0.20246038,0.028030023,230
160541,2017,7.009989504884732,0.38538298135932775,1.3171062360354213,0.1924548,0.03186573,88
160570,2017,5.777779590665608,0.4260226645993111,4.322082764710604,0.5215424,0.11148589,130
160570,2018,5.1586189971520735,0.3698753976036161,1.511883899233297,0.5284036,0.12349464,103
160598,2017,8.1518165688764,0.21748676714140397,1.947280596204076,0.26912904,0.08506346,195
160598,2018,7.810288545414431,0.399591498221908,1.3086213962177036,0.37339383,0.07115468,230
160668,2017,7.27649017645941,1.5635833036149367,-5.953677813052018,0.3993886,0.07206267,231
160668,2018,7.475429992085518,0.6983945435275531,11.48668863090316,0.40354115,0.14735033,223
160681,2017,7.245647278691163,0.13119728138843376,2.4792026171529624,0.32867378,0.024229266,229
160681,2018,6.933539549156022,0.12060157281441938,1.9456191884717486,0.32387525,0.034296133,205
160684,2017,9.531474111570773,0.25894335872805563,2.8286621953221176,0.27742976,0.027785264,231
160684,2018,9.047907034109457,0.22996035166350628,1.5207026046511627,0.320507,0.024531443,230
160739,2017,9.194930503492131,0.14232634518410356,0.7312752413904704,0.35633454,0.033266224,204
160739,2018,8.67607856885191,0.211144556956308,0.4667550445785146,0.39008543,0.08706593,120
160770,2017,6.258375670466318,0.0,3.6455931410864824,0.9722138,0.19258812,177
160770,2018,7.230059319047711,0.0,6.8475631027503265,0.7761057,0.108933,230
160776,2017,8.92881004269162,0.037858704031660306,1.8717407360831968,0.2545031,0.024614982,230
160776,2018,8.640924649410014,0.03384736045422408,1.283952765285423,0.2751103,0.023665521,230
160785,2017,7.030947480907301,0.06152088435795669,2.63579606227469,0.22660527,0.038909834,170
160855,2017,8.23317242154197,0.16640194623070337,4.112624908350461,0.28201616,0.0670347,212
160855,2018,8.259322316536085,0.0,3.5105681187285724,0.44155133,0.08462204,230
160888,2017,8.450144651348433,0.0,8.957253523420185,0.26925474,0.025249055,231
160888,2018,8.505364760536787,0.0,7.719513023888717,0.31489334,0.03305126,230
160893,2017,7.975098255487031,0.23305487700674526,2.4318009074372218,0.27584627,0.042555794,231
160893,2018,7.929192873291894,0.311696870591397,2.1658055957831595,0.30302516,0.04115626,228
160913,2017,8.082387314055609,0.3065303689520493,2.6721235155335497,0.2288493,0.032951456,231
160913,2018,7.882922281668015,0.33342399923110194,2.0090435409827125,0.261738,0.06781118,225
160990,2017,8.569726193848126,0.4604189842655252,3.234655172625456,0.22025122,0.03358233,137
160990,2018,8.588432347449281,0.4091269532519827,3.140468585312556,0.20393927,0.0291767,133
160991,2017,10.06062090833106,0.4120391911081605,2.571896963378955,0.2053879,0.024367405,231
160991,2018,9.998556353210853,0.45426345564665177,2.5548235212944834,0.20466828,0.03023422,230
161048,2017,8.629154508372514,0.43850322659216484,1.6046978595316768,0.19183078,0.041498598,99
161048,2018,8.642275428744531,0.43012718277967726,1.6277291599577255,0.17918244,0.024649588,128
161055,2017,4.961075233632715,0.0,1.3301700601034339,0.51811266,0.055001702,151
161055,2018,4.258837151105548,0.0,0.7499171915092139,0.5406616,-0.012800046,60
161120,2017,8.601520148572822,0.4407956797338378,1.7249378823296633,0.19830091,0.02039548,223
161120,2018,8.050973753079866,0.3563710431566968,1.0581008850429163,0.24017207,0.022148918,230
161813,2018,5.436577050663305,0.6682283055644975,-15.662193275591624,0.6679801,0.059341792,224
161843,2017,5.07224954371658,0.29462937634332204,2.2518568706330724,0.46480614,0.114083,93
161843,2018,4.714824987985738,0.22961210408333296,1.2680023635289304,0.47359544,0.08669283,120
161844,2017,10.912563691474755,0.4516846328612172,8.4493011935931,0.24962774,0.031177573,231
161844,2018,10.605665065385264,0.5266332549784893,7.101134614707952,0.29957822,0.02949302,230
161953,2017,7.8808941365618566,0.19383655416421794,1.4344803809325561,0.20109877,0.020244483,64
161966,2017,8.80937313327043,0.3106827569450069,0.9434657650042265,0.13959664,0.02091342,150
161966,2018,8.800427386711972,0.3810779371849554,0.9091890410958905,0.1568345,0.010501231,208
161997,2017,6.796367971980187,0.33030933681027036,1.7773967050520947,0.32218996,0.05276144,161
161997,2018,7.053443331576213,0.051311441671144854,2.13981484358815,0.35676464,0.072898336,111
162127,2017,6.760150032657755,0.6215207551451604,1.5181970201676267,0.3690543,0.055746477,212
162127,2018,6.555822729237508,0.6516025266592763,1.7165383564050998,0.39715293,0.086938865,183
162129,2017,9.105862022650749,0.26179333884315265,0.9366200155965687,0.32588172,0.021115314,231
162129,2018,9.32897448536315,0.22324446300051692,1.082932944129726,0.3160063,0.03942345,230
162146,2017,5.397167545881113,0.0,12.34305249622631,0.8002502,0.16303498,146
162146,2018,5.812393411965337,0.260420346167432,8.675605624302799,0.6566118,0.14291157,229
162160,2017,8.52135516637032,0.5430721280739595,1.3141417246827949,0.19743617,0.035245378,71
162160,2018,8.692621323056192,0.45653007476669966,1.3104552783879335,0.16784076,0.038764972,207
162254,2017,9.584531130839855,0.3475571398616062,5.035727232421198,0.21488889,0.024394335,231
162254,2018,9.352256264239191,0.31890905186298724,3.8621974262734584,0.25862932,0.03177656,230
162264,2017,7.332542833758738,0.28095975232198145,3.824119779944987,0.2062769,0.042697575,142
162264,2018,6.9010652304280935,0.2749651648862053,2.5457003587903637,0.21132301,0.06564732,122
162335,2017,7.489194038497716,0.5299541670345146,1.5175587853488433,0.36482367,0.0630138,155
162335,2018,7.345563716701645,0.5226908407816716,1.4138202788568677,0.41565168,0.027797403,209
162354,2017,8.678623981104566,0.0,2.7499602666115046,0.24228625,0.034127265,231
162354,2018,8.885122953608219,0.0,3.299170834568366,0.24740629,0.033786956,225
162385,2017,8.71210137984458,0.3069489959824459,3.550436594056814,0.25700614,0.029624458,225
162385,2018,8.706266526900732,0.3151751064714401,3.3827954798602455,0.28568563,0.03361876,230
162386,2017,5.29202752691479,0.0,0.926451026458578,0.49904296,0.09171714,158
162386,2018,3.735786894690093,0.0,-29.94357142857143,0.8797144,0.17867444,74
162387,2017,7.380557519708977,0.428384720655215,,0.34123164,0.045346577,231
162387,2018,6.773718867428448,0.5666362290314128,,0.3642215,0.032494202,230
162401,2017,8.986787244297023,0.220421710269426,3.0521847557251904,0.29771674,0.029275628,231
162401,2018,8.410599529078812,0.27964290204954106,1.7835135952380952,0.33556643,0.03750612,230
162404,2017,6.991349365346261,0.1814282942464552,2.422065061443453,0.28352976,0.044330183,226
162404,2018,7.96556315630874,0.12232496765981496,2.186951147559656,0.29572496,0.049155597,230
162449,2017,7.623251425497883,0.06149798429874814,3.4096858062655357,0.23335826,0.06725629,110
162449,2018,7.495964987721926,0.24818444802699974,2.913528489537576,0.2550524,0.01592055,110
162559,2017,8.740096313829735,0.24153418858651116,5.207936219529373,0.23613565,0.029646736,231
162559,2018,8.328685293009453,0.28701037232344806,4.516513381127358,0.27251804,0.035335213,230
162733,2017,7.670410966066435,0.32816029834163735,2.8412168679009744,0.32487553,0.022923328,233
162735,2017,4.784468009237272,0.0010381026026715253,4.624394109234278,1.0428565,0.025933126,92
162742,2017,5.355201353847578,0.0,0.9135837950736195,0.42388055,0.03675464,231
162742,2018,4.423137387499444,0.0,0.43054284386137076,0.47271207,0.06996318,199
162768,2018,6.200226781232417,0.3144234429771434,0.7728373650876782,0.82359,0.121270195,109
162876,2017,7.284745944052087,0.28774193548387095,2.6258838256484145,0.3768755,0.03815134,168
162876,2018,6.968490953455527,0.207790648820599,1.87410582010582,0.416027,0.039659303,227
162887,2017,8.515778190774855,0.36975998230284257,11.904935622317597,0.39257738,0.04015277,231
162887,2018,9.285633356011616,0.5311064718162839,16.255088195386705,0.4660943,0.038462214,230
162892,2017,5.463199868107393,0.0,6.1034861032037675,1.1105742,0.1956251,146
162892,2018,5.840065241277555,0.0,4.702655933687147,0.9703981,0.15217562,226
162894,2017,7.509131190400059,0.3480361268641042,1.3093847147470399,0.27409604,0.041934412,180
162894,2018,7.6009038045411765,0.42875771335429036,1.6122552922208784,0.29652804,0.015427589,183
162906,2017,9.787644733441695,0.24853652503710222,2.2253140772575084,0.19515596,0.037741378,169
162906,2018,9.961436928483058,0.3043897822852269,2.6423822704320177,0.2101362,0.043030538,213
162988,2017,6.261332797653423,0.0,1.472027731340348,0.5226436,0.04424842,230
162988,2018,6.47464443999393,0.0,1.6193754370018179,0.49535924,0.026669038,229
163036,2017,7.813888145989431,0.589445079444494,6.578082608337388,0.3875012,0.036851704,231
163036,2018,7.135289959162847,0.527137146869583,2.1053512940647754,0.42310986,0.038446244,230
163051,2017,5.778028227793879,0.0,1.542581396681116,0.41741908,0.10044429,210
163051,2018,5.5179243515773395,0.0,1.3291579031612646,0.4264364,0.02356186,162
163060,2017,6.068317179590327,0.43363396170116514,0.6914215535621675,0.57565314,0.093198895,231
163060,2018,5.79900028655838,0.36547774196915966,0.5257154692523636,0.46109688,0.15838374,180
163113,2017,6.963757658204817,0.5545742376270621,10.586588588588588,0.35274574,0.043874674,213
163113,2018,5.858375799358903,0.6613960402729914,6.230515302491103,0.43218783,0.045905903,213
163594,2017,6.45862452763944,0.6010113444437353,1.7522044550364206,0.24648356,0.053947944,140
163610,2017,10.624650598049028,0.054520596953899624,2.430659418577169,0.18688531,0.036854576,231
163610,2018,10.665758895963934,0.06994212800810423,2.491876635079356,0.18977839,0.02925051,230
163678,2017,6.243209121751564,0.7544483870002355,-3.658508173757226,0.66258323,0.032420788,173
163678,2018,5.890345025707411,0.7460085864075889,-3.3199871435786767,0.6593931,-0.0061635687,175
163765,2017,7.693749380741699,0.26537726074680223,2.6550566256416586,0.27220973,0.060866926,202
163765,2018,6.994406807900883,0.27822201415651615,1.311560438503124,0.36080652,0.04067198,207
163768,2017,7.645291237520733,0.6877989100211322,9.035338807260155,0.34442303,0.05320188,213
163768,2018,7.1824185990366445,0.7022875528913964,3.1735893416927907,0.52952546,0.12583566,230
163822,2017,4.79345790976055,0.06083820197925362,4.939364975450082,1.1434145,0.55385697,160
163822,2018,3.322062070513178,0.17897931475121795,5.404064534997076,1.0899228,0.3429736,192
163878,2017,6.803004577349936,0.0,4.18099642046325,0.28015622,0.05750317,187
163887,2017,4.916881236239234,9.522847620009523e-05,0.9632476884340595,0.63377357,0.19099593,117
163887,2018,2.3055606615955746,9.276299055912144e-05,0.09609665427509294,1.1266346,0.51790345,206
163889,2017,6.447065960549915,0.13769312374861786,3.9142786940173493,0.43218186,0.063486956,152
163889,2018,7.074355907003225,0.13382423428701168,4.736858060557942,0.49179953,0.06927962,218
163891,2017,6.461901051399795,0.20652964113409555,8.053394797746025,0.2798013,0.037789132,228
163891,2018,6.497751602134573,0.16102869845608825,7.363065392979186,0.30799934,0.04058311,181
163916,2017,6.878297631624265,0.4212938673731473,3.5354869718463706,0.38260755,0.05100232,231
163920,2017,8.694950002258512,0.018540185158358088,2.6786918856275603,0.24307765,0.047918957,230
163920,2018,8.329521993172973,0.015597837182531885,1.5856380220787578,0.27141026,0.036588572,229
163921,2017,10.521658928253704,0.34847395595059144,,0.20973201,0.038485803,231
163935,2017,6.33127317606299,0.4775979680790494,1.4371842651162672,0.29915974,0.061303724,205
163935,2018,6.310175154321937,0.4885766601451723,1.2790860371304682,0.2605425,0.056059413,144
163946,2017,9.202714265000898,0.3485107331204041,2.7728496730930425,0.38061368,0.028538886,231
163946,2018,9.179346091468526,0.37106073769844405,3.2774885665990534,0.35152563,0.037182603,230
163963,2017,7.919049798272718,0.39563904911383896,1.0857926701148843,0.18981847,0.024941511,135
163963,2018,7.722281820660862,0.317165361801038,0.823820911661953,0.22675493,0.0876482,166
163965,2017,5.238201053021051,0.248599759366054,18.35048231511254,0.742072,0.17414421,133
163965,2018,5.5480402178308355,0.28320151464256266,15.159959846471805,0.6303168,0.16005524,189
163983,2017,7.937844400120833,0.4387555586316682,1.2377128440772323,0.35528633,0.035479873,230
163983,2018,7.951474820542077,0.41030128766095764,1.3258135300434195,0.41251177,0.01997266,230
164211,2017,7.547233376781928,0.0,3.8366309551038253,0.37379748,0.027735787,231
164211,2018,7.1291893700013205,0.0,2.3443902329050474,0.3857904,0.047624446,230
164364,2018,7.998751707132919,0.15366768731779715,0.9906530064917995,0.24172744,0.08048891,78
164365,2018,6.167600093263586,0.22449841571990115,1.193557529917759,0.28515282,0.01816894,64
164416,2017,7.670140001094872,0.0,4.557215511760966,0.4623421,0.026386853,231
164416,2018,7.752321033421632,0.0,4.346855014365185,0.5109617,0.104953736,230
164471,2017,9.615466123842864,0.5675171390204254,6.735047844053179,0.2205823,0.02275839,231
164471,2018,9.484566589097302,0.5982324611489003,8.165812290502794,0.24469818,0.017063824,230
164494,2017,9.208898132448564,0.2125934925395801,5.5444686285397005,0.24089535,0.03220326,231
164494,2018,8.936266036875303,0.3278284880142106,6.143144457013575,0.26185304,0.036335416,230
164506,2017,7.171307145663178,0.3176735379229038,1.6813651982947937,0.3487081,0.05053625,134
164506,2018,6.546266222921191,0.3025409130060293,0.8821555274154742,0.3349216,0.047641773,102
164532,2017,11.30888890971865,0.14226467718888283,4.599594921830315,0.30236724,0.014206918,231
164532,2018,10.922459594199207,0.18450697095932483,2.3393896829061425,0.34071183,0.012283593,230
164534,2017,6.789795727747795,0.47427384367373226,0.45596974608319824,0.45919037,0.09121245,147
164534,2018,7.233185259388037,0.44881965050266803,0.5629370567959779,0.4082107,0.09052546,105
164557,2017,8.004312457356964,0.13486490057764114,3.5873630402898797,0.26415405,0.04556819,179
164557,2018,8.058543479416459,0.037633120004322944,3.263260510899619,0.27177957,0.036661986,161
164572,2017,7.077965117473683,6.520725368124586e-05,2.7867642323052584,0.2446567,0.017249193,120
164572,2018,6.996147310762487,3.430235281157256e-05,2.665977567465993,0.23335324,0.021264896,101
164606,2018,5.159220802759441,0.7003717671177339,-2.3842827784628033,0.51709306,0.0781331,122
164609,2017,7.0890012575491586,0.0,6.36626285908514,0.3946903,0.0844035,208
164609,2018,7.760029964405048,0.0,8.679948437962688,0.44983363,0.036416303,230
164612,2017,7.3817060143951165,0.03718649137515393,7.535855327972678,0.4249324,0.009770323,138
164633,2017,8.303249008360288,0.0472630687291692,1.831413025775635,0.28253654,0.05291583,222
164633,2018,7.9336408769853,0.05983262274939457,1.187106438354882,0.27951643,0.07157688,201
164652,2017,7.525843296688348,0.5914689811631867,1.212088104483618,0.539437,0.053771827,231
164652,2018,7.161455348246238,0.6489757640793783,1.264875262905301,0.46049756,0.061640598,230
164680,2017,7.697088782693435,0.4396217191112475,1.9365886084076362,0.3720308,0.03050482,191
164702,2017,6.910033302315602,0.01944807201295719,1.385285832161975,0.31877822,0.04264458,179
164702,2018,7.197414305970889,0.01711306572527865,1.5865669578600847,0.33404586,0.024956517,210
164708,2017,10.120622425846845,0.03448837051603716,4.143086603867956,0.22592159,0.028300533,231
164708,2018,9.563028030145768,0.030914762126865676,2.5463254241231215,0.25974613,0.035446726,230
164755,2017,6.76793931114763,5.5177995015587784e-05,4.678224733005138,0.4665923,0.03218786,231
164755,2018,7.551969472173903,0.25591756042320235,12.67058227107007,0.498056,0.028469427,230
164756,2017,8.08066240329628,0.4139402241034738,0.6839174144937352,0.23721343,0.02952772,231
165051,2017,7.071014829652332,0.48381870513270553,8.237886270448788,0.6054554,0.1221115,231
165051,2018,6.553455512075863,0.6130544760395622,-3.3621372714378808,0.5183354,0.2011707,230
165052,2017,8.760807020039923,0.19095754333040382,3.160172873644757,0.44157043,0.008507868,231
165052,2018,8.977959782779877,0.16580220314523694,3.9300698656483233,0.44981474,0.029690744,230
165123,2017,9.1850297434533,0.3399332591768632,2.8931958456973295,0.23626176,0.017389644,231
165123,2018,8.948601511902588,0.3480045610034208,2.326819830713422,0.23227452,0.028048495,230
165209,2017,6.120717550463565,0.2356248164719032,1.371942155485765,0.2398591,0.0497011,146
165209,2018,5.980496618677976,0.2344598908915749,1.2008790248166674,0.23908538,0.04240372,103
165262,2017,6.236911576375069,0.4167305693104351,0.5521994249869315,0.40860474,0.066997655,231
165262,2018,6.326836178285162,0.4686306238250165,0.6491873900388548,0.4052257,0.074529186,187
165264,2017,9.284400141825335,0.07583870615233308,2.4215677265572295,0.1804643,0.027876016,228
165264,2018,9.066211141265208,0.08988280830018278,1.869926254859611,0.22279775,0.037790377,230
165358,2017,6.677911531400629,0.3529352678722921,1.1976142292633083,0.30191058,0.04779077,221
165466,2017,8.55765396230309,0.33916990920881973,0.7527038166835334,0.2600504,0.044320624,170
165466,2018,8.241826263321913,0.3352025795597925,0.5825483090379009,0.2977366,0.04419503,189
165649,2017,9.83231695223244,0.5063539178628574,-11.315953803159173,0.31784788,0.03764085,231
165649,2018,10.451662846588183,0.4915010312082134,1.683051923245294,0.29551002,0.03377161,230
165675,2017,9.323920454251747,0.46839395729597433,1.8563075393537698,0.3397356,0.0122501915,232
165675,2018,9.518461339850877,0.40007568431232393,1.8372696098285406,0.32458672,0.0181043,230
165678,2017,8.638905110448162,0.21659516618330807,2.963427728204902,0.3232865,0.014072085,231
165678,2018,8.108095641973922,0.2386159398128326,1.8043597824498459,0.37499583,0.027057922,230
165743,2017,6.582636586269803,0.39048003415100635,0.6639770893302894,0.6267071,0.06763397,230
165743,2018,6.737552836163787,0.4219378539093363,0.5549138611027963,0.5146435,0.0936263,208
165746,2017,9.08905317742006,0.26016758740998286,7.499005516442656,0.23467985,0.026514923,231
165746,2018,9.244621477445543,0.3216328899787522,9.416682135541924,0.27410236,0.03553884,230
165846,2017,6.382281729588321,0.6092680749776852,4.93140366972477,0.5359944,0.040249296,224
165846,2018,5.139094000710049,0.7668023952095809,2.596060426179604,0.56706494,0.046348054,225
165856,2017,7.27866382784054,0.6515091124515149,6.6840283127222735,0.41575745,0.05303807,229
165856,2018,6.592617429247495,0.6526982406592013,2.8414320704976186,0.46556145,0.046649262,229
165914,2017,8.999663139701338,,5.936739685366578,0.32049543,0.016259497,231
165914,2018,9.389263463021663,,8.297345475283747,0.3237843,0.020218205,230
165927,2017,8.732525469214028,0.15296654190210224,1.2376936003819237,0.33118233,0.033042658,231
165927,2018,8.579218582285689,0.13571228309651476,0.8321186625592127,0.34790188,0.035238232,229
165993,2017,10.352394260999118,0.3148019741403924,2.89173696354407,0.1678884,0.057062495,231
165993,2018,10.420310655415642,0.3647454774926378,3.2828046989721,0.18920937,0.024482923,230
166005,2017,7.587945737570555,0.05747639740937553,0.8674023452002215,0.4865832,0.09310583,230
166213,2018,5.338090331028632,0.0,1.605156030666235,0.5276608,0.17680913,87
166230,2017,7.32805175656639,0.5370388746633876,2.3919219112589376,0.33384258,0.021362921,218
166230,2018,6.5468819340790425,0.513799683836413,0.9747311428004105,0.38512015,0.029841458,212
166363,2017,7.380087301664785,0.21295567227656848,2.708952654595945,0.36075488,0.04374225,158
166368,2017,6.922944338947863,0.3210163362912658,1.3070504163925687,0.15616037,0.05159679,86
166368,2018,6.61439712803212,0.4632022880411072,1.1189944947190416,0.19162676,0.060001083,132
166435,2017,6.526579189836269,0.0,5.198821801243654,0.5353533,0.037684776,231
166435,2018,7.223478113686062,0.0,4.97872406706799,0.5712519,0.05945764,230
166447,2017,5.189564102021094,0.0,7.39631978230395,0.90400743,0.10207334,232
166447,2018,4.831485422187936,0.0,6.119319246535233,1.1504846,-0.022636633,175
166482,2017,7.615767426436081,0.3774934435349281,4.156330876330877,0.28553203,0.029494544,120
166482,2018,7.501574445039055,0.3439120674974843,3.214790200603586,0.25884572,0.05771541,79
166562,2017,7.761595816445766,0.2489457668214389,4.9665036223456225,0.38039172,0.038804766,231
166562,2018,7.646332886108524,0.40431349881856754,3.9064602402532436,0.37003794,0.070041165,230
166563,2017,7.945250294917941,0.14749292357460575,1.7097653822852295,0.365403,0.048181146,187
166563,2018,7.838256561005406,0.3040134708190119,1.5532157295112092,0.41784695,0.019167358,230
166789,2018,5.902889857873199,0.5994211867122332,3.6182079639458005,0.33056533,0.1179854,62
170335,2017,8.405001227796268,0.20302663177450445,19.17161360477686,0.37744993,0.027712122,231
170335,2018,8.438590945279659,0.0,9.01801185872547,0.3705006,0.030688373,230
170360,2017,6.936040221665315,0.5247026480359389,1.6229137670721763,0.27349365,0.039907113,142
170375,2017,7.718155714889656,0.5160921209195498,1.1290224212139757,0.20011587,0.034105144,150
170384,2017,6.887144651741904,0.7140898319881697,-5.113697354408971,0.4916714,0.12103257,231
170384,2018,5.5676090807321055,0.8102894958169182,-0.9741271613068859,0.8014192,0.15377387,230
170396,2017,6.703978193683133,0.030019345387062732,1.159420449101839,0.33820868,0.061095532,153
170396,2018,6.335505568079123,0.023679236888469686,0.7631817351845214,0.32916802,0.06214453,187
170419,2017,6.137336481062261,0.0006040792344878409,1.1638946100435814,0.2476155,0.08875379,109
170450,2017,4.772689816114304,0.0,6.146005302006446,0.8326492,0.38201305,115
170450,2018,4.454132156833612,0.0,2.7636121110825407,0.9308976,0.2763937,138
170520,2017,7.256637400601451,0.3595865337544243,5.856492794460328,0.5760602,0.071833596,231
170520,2018,6.621872067609173,0.6265847045950335,12.391977173769627,0.5578368,0.10101132,230
170527,2017,8.671569045889783,0.6019382325205442,2.0987938848920864,0.25160554,0.013534959,232
170527,2018,8.78558051158149,0.5538655944859276,2.1437411487018094,0.26022953,0.029296067,230
170555,2017,7.4933036073437105,0.555636583470895,1.9564365571039988,0.36150488,0.047822174,219
170555,2018,7.193664826439245,0.484526862547724,1.5129909195904039,0.3766841,0.036695752,230
170616,2017,9.487492368517602,,16.342855488322257,0.3391049,0.03934622,230
170616,2018,9.832099401083754,0.3631968318155264,12.247638887518685,0.4129368,0.0373356,229
170617,2017,13.147627065924187,0.0008518290663006956,6.897289197950153,0.25370693,0.019084087,231
170617,2018,12.8323609082465,0.0,4.447215043921689,0.3003793,0.022829916,230
170714,2017,8.106249948690913,0.3617358121783704,2.8376049703753035,0.17998199,0.051336627,86
170714,2018,7.8196296852303915,0.39686137023390167,2.0097050502146985,0.17700784,0.04055243,64
170748,2017,8.681103666265527,0.32894023856333376,2.7411164852919416,0.1893025,0.027618947,227
170748,2018,8.558298377833882,0.43163988701075207,1.0823779075432463,0.2602578,0.028988957,223
170750,2017,9.424934178158972,0.1901106487787584,2.358499322531904,0.30398905,0.025898874,231
170750,2018,9.630898150574582,0.20672359253956588,1.1115985160395574,0.36524594,0.027980698,230
170758,2017,6.627324187844519,0.0127659509301104,1.6077166175422168,0.37222168,0.03225305,229
170758,2018,6.1455785262617795,0.011490917814569752,1.000318413036628,0.4623612,0.033369765,229
170761,2017,8.947663344603473,0.1078094977725544,3.5001400528987583,0.49613872,0.027998187,231
170761,2018,8.196530318439718,0.0,1.4456830831449035,0.53207785,0.0024701222,230
170841,2017,10.835742387322345,0.18519063471335823,2.025298405421567,0.18967685,0.035154175,231
170841,2018,10.578944549144522,0.2042834518065633,1.5940702855636228,0.23754062,0.0320146,230
170945,2017,8.220474612446615,0.2928681468056185,69.72094386702187,0.74005395,0.062422056,231
170945,2018,6.659183336646482,0.5861563279073178,22.734033405235238,0.73495114,0.04977725,230
170969,2017,8.41481304781186,0.5069735613586411,18.119973342540327,0.55471605,0.040495835,231
171002,2017,8.28718709662292,0.0,4.104912283602231,0.35722968,0.029148748,231
171002,2018,8.35848802497613,0.0,3.598635058489299,0.3688354,0.04905087,230
171007,2017,10.031170208849048,0.18541371386595973,38.9019051173365,0.31735542,0.038899392,231
171007,2018,10.375993010534291,0.1705808503946751,28.86985926913181,0.3419611,0.045642495,230
171022,2017,5.978628516625748,0.0,8.389598470363289,0.90956926,0.047478393,231
171022,2018,5.71524486309404,0.0,7.190618928012891,0.62764996,0.046491977,219
171049,2017,7.581425723337632,0.42433286550971333,50.837784977450625,0.2981425,0.03247166,221
171049,2018,7.398085956814696,0.43313707463645756,35.706452656899195,0.33530003,0.08454895,230
171067,2017,9.39747283776715,0.15260448477445251,15.873973143759875,0.34935418,0.017232504,210
171067,2018,9.828609684088297,0.23522239395500602,19.20233443708609,0.33803138,0.023300592,231
171141,2017,8.188575045715249,,7.849801639051113,0.3505025,0.028411934,230
171141,2018,8.839140604514467,,11.216271122787735,0.40938544,0.024509778,229
174022,2017,8.157192867381927,0.4390077688428513,1.3324600840336136,0.27518722,0.025862766,231
174022,2018,7.428108332309961,0.3840877914951989,0.7280924275205538,0.39096615,0.053175878,230
174049,2017,6.7324660373955,0.4693667667875327,4.786620561813774,0.35352507,0.046060026,144
174049,2018,6.8250253055086585,0.42523078850273677,2.387794129852883,0.40321246,0.035961617,228
174077,2017,7.855835178351984,0.0,6.386982260236002,0.270491,0.0384862,231
174077,2018,7.989892150247238,0.0,7.5414159359882245,0.29574084,0.03780522,220
174119,2018,4.431491809067881,0.3512117287264167,0.8349065337015038,0.548664,0.06357747,64
174134,2017,6.542598984139249,0.370151639333798,4.436854196897153,0.77565366,0.044744257,230
174134,2018,7.459798420958575,0.12629040529939548,4.951993772934505,0.5990798,0.058576107,230
174135,2017,6.514325801225566,0.0,2.805147254465028,0.31244665,0.05527934,156
174136,2017,5.98427556821083,0.0003880182338950218,1.2237792397886078,0.6714999,0.04341716,225
174136,2018,5.396162693785196,0.0,0.829129663323459,0.76939964,0.054862633,206
174169,2017,7.03067976801928,0.24894318638128035,1.0548518094250174,0.6374594,0.07667472,181
174222,2017,8.670189809570424,0.7728575622799301,689.7839694566119,0.22779392,0.019393722,231
174222,2018,8.57429374180435,0.8730083281716818,-7.426814815438336,0.22305007,0.02357026,230
174236,2017,7.7694334242346965,0.5222602505945779,2.8749353266097297,0.44975832,0.08394072,224
174236,2018,7.63835868420844,0.5448309221672746,2.5855846892192433,0.38040367,0.034122344,226
174310,2017,7.930030511395054,0.13554708764289602,2.2616042392188773,0.34540683,0.028806604,231
174310,2018,7.668029190872118,0.24507097791798108,1.2449720605355064,0.36018044,0.025126439,230
174313,2017,7.591207742266981,0.01815182062988736,2.063504428706268,0.32301527,0.0354273,155
174389,2017,5.780161679891979,,5.29597075707767,0.53909785,0.029770968,220
174389,2018,6.61575662347634,0.01138231370567158,2.463374578177728,0.5645486,0.07719593,205
174390,2017,6.419013339054304,0.0,5.588025872278401,0.4270248,0.18026887,204
174390,2018,6.1389288370552775,0.0,3.5593869543517482,0.43683088,0.08843117,212
174490,2018,4.496035891910691,0.007096969165228751,-0.046715469181472416,1.2261999,0.099949986,185
174541,2017,6.295582648718579,0.19764545793195595,1.9053986188476337,0.31404406,0.055727936,83
174567,2017,6.816747643943087,0.39482582730596855,2.7371791497156424,0.2971973,0.04012583,178
174567,2018,6.176089469949772,0.3680286179053283,1.4339355617483571,0.33684298,0.04858559,212
174637,2017,6.887302540409408,0.18576813434751477,1.5904339074395728,0.26938438,0.051988635,86
174637,2018,7.105757630305692,0.1651126734340477,1.8457508816399335,0.25102764,0.13327274,145
174647,2017,6.373171826412573,0.009252221453975517,0.641489373349508,0.39419746,0.046762276,185
174647,2018,5.9883850352750425,0.009291556410873225,0.48513120693346823,0.45389664,0.073885396,209
174744,2017,8.165983286908563,0.11051015656646598,6.469509011625768,0.25039217,0.039367367,231
174744,2018,7.953120942191706,0.07932192577670913,3.751963330343481,0.27843392,0.049015075,228
175004,2017,6.629975034557116,0.41414563990900444,3.088069322874836,0.3126652,0.061716348,68
175004,2018,6.480593920204212,0.4215213680751766,2.5439220396353117,0.37802523,0.17692833,86
175007,2017,7.818516149316326,0.4358085220468067,4.537324777761352,0.31051075,0.040231932,229
175007,2018,7.3913290780663266,0.4480171035127516,2.3494291206554627,0.34218323,0.026342891,229
175008,2017,7.784467451283618,0.2618193243001863,6.810219923480232,0.72165936,0.021075092,231
175008,2018,7.5034542918696125,0.40729108514325574,5.290858062709967,0.62372243,0.07610431,229
175064,2017,6.310012455609869,0.6960253532285752,-99.68318231243204,0.89821726,-0.008666567,231
175079,2017,7.6847826745564625,0.0,3.635951734560142,0.39167517,0.038736854,173
175079,2018,8.002349311929922,0.0,1.7351234981562673,0.4203915,0.017670507,230
175110,2017,7.518053382695687,0.5267655616694515,0.9650948120220343,0.260648,0.02672095,230
175110,2018,7.170768717306061,0.5121911184611305,0.647611143830205,0.2577665,0.03791878,203
175263,2017,9.074015366560882,0.283738111229066,-17.756593406593407,0.22878681,0.027922712,231
175263,2018,8.926234829442881,0.3121887782322604,-24.295907036797935,0.22540624,0.033241566,230
175264,2017,7.7346346157622445,0.08082410543957512,4.618942330227333,0.23379815,0.05204957,160
175264,2018,7.8884357859317165,0.04254165446838843,4.82653572740981,0.2719206,0.13210374,138
175307,2017,8.848270745727271,0.4954182871295164,2.8563160403753973,0.15230872,0.06149854,118
175307,2018,8.667239106784399,0.48274660848015827,2.418249413486562,0.1551992,0.034564,125
175319,2017,8.926681483654987,0.5369361581777505,10.973787106420557,0.29072458,0.020400507,231
175319,2018,8.417917437104656,0.4870732438087431,4.666128232690874,0.33554837,0.019643044,230
175376,2017,7.381984810262701,0.257205499087829,2.9175698716598513,0.29937357,0.016291892,230
175376,2018,7.212054749504551,0.5128769803262866,2.0102955665024633,0.39957073,0.029131746,230
175404,2017,8.861304654701927,0.05976938454812666,1.3834278365629493,0.45849225,0.026833527,231
175404,2018,8.40130920330208,0.06476584114106262,0.8542878735585103,0.4187282,0.021117963,230
175533,2017,4.635164136257445,0.0,2.1589111669809347,1.0818928,0.0051059313,119
175533,2018,4.206932794890269,0.0,1.2800522312663223,1.2242552,0.028787423,125
175686,2017,7.243440284389583,0.1541298357940338,2.5138881481055515,0.3117815,0.048822016,178
175686,2018,6.8774992261178625,0.1917445505339219,1.6057016980569991,0.3360372,0.055985495,151
175689,2017,8.06945021702063,0.4364558313317321,7.620664440734557,0.25433657,0.02735968,211
175689,2018,7.951951395133196,0.4082199092607419,10.877158039816234,0.25619504,0.057575952,221
175741,2017,6.728683958443071,0.7051350065951647,1.6242108054551814,0.41384587,0.041704573,227
175900,2017,7.8388456735813214,0.8345621223375519,-6.977895087124879,0.34859386,0.041035466,230
175900,2018,7.698681924514516,0.843328022030939,-8.21221324416509,0.39493623,0.0426,230
175955,2017,9.348673273759047,0.019169037556156815,5.678412127247788,0.3058657,0.027107216,231
175955,2018,8.69914787758806,0.016200353473557458,2.719414485651639,0.37845582,0.03188397,230
175966,2018,5.284516977724065,0.0,3.884272211720227,1.2316124,0.08430416,126
175982,2017,6.8939194234452685,0.0974915728958727,0.9554684923650439,0.4637033,0.059847385,231
175982,2018,6.743653379601316,0.08745082938558142,0.6925126379773361,0.4397679,0.081048235,230
176022,2017,7.738858576743813,0.012574214683901977,2.5164278315768707,0.36821052,0.07199447,216
176022,2018,8.018011513033294,0.3518884004664932,3.002409733900485,0.3699421,0.063793465,230
176092,2017,8.993291848186407,0.6004589565630413,0.9381330044954901,0.21816497,0.025046412,231
176092,2018,8.639398434683207,0.5878168197465732,0.6399976529352808,0.21785033,0.03060712,230
176103,2018,5.716364981856123,0.46430849521600465,2.0290981225078646,0.524207,0.069488,135
176247,2017,7.289285007726471,0.2993373210652827,3.691718531402428,0.26731083,0.036028802,145
176247,2018,7.386643014925438,0.38985549114956214,0.8734343651863764,0.3434458,0.050239604,204
176249,2017,6.065057422336343,0.48101163514549955,2.5467135928072873,0.32927585,0.07627901,153
176249,2018,5.862782178938767,0.4631712400312536,1.8955550285652687,0.33992484,0.13257192,140
176259,2017,6.874928528810673,0.4494595848199518,0.840186842048143,0.6693804,0.06291159,196
176259,2018,6.2075455170041876,0.47879915332154127,0.47842952557069224,0.6382724,0.026817597,177
176260,2017,9.562681542670823,0.4241036818655217,4.9259518533179145,0.3415285,0.040533565,231
176260,2018,9.000089356111886,0.4414300926297761,3.809369098252463,0.40738648,0.017521907,230
176268,2017,8.613974553954893,0.40743970087805736,2.822405991921339,0.15981252,0.028379068,159
176305,2017,6.370623358838142,0.2369840007071511,1.281627236842105,0.52181005,0.2549356,83
176343,2017,5.729617621297769,0.15202194183192072,0.7209806552846673,0.56364447,0.0827685,113
176343,2018,5.858481575501729,0.11268921242429358,0.6893570447127745,0.67621505,0.07723361,144
176351,2017,6.664617672050515,0.10413047492268622,1.4022377477321213,0.20825759,0.12793955,79
176362,2017,7.172455658759995,0.0,3.177240884918206,0.43183705,0.033919174,229
176362,2018,7.403510569584176,0.0,3.5491584210856275,0.47837722,0.05147284,228
176363,2017,8.111109972316827,0.05190044609803315,3.1502954282385516,0.3199024,0.03308204,231
176363,2018,8.513374878930456,0.0,3.8266450223101796,0.3628376,0.049112286,230
176591,2017,7.2774904062356205,0.005208197703184813,1.5272250712250712,0.2463109,0.047206525,114
176591,2018,7.2263464697435715,0.005103082261686059,1.3506079552150854,0.2768093,0.04002345,107
176592,2017,7.5371802451354935,0.00015243133584770315,6.550601639979474,0.28485742,0.062447824,153
176592,2018,7.1679014853765395,7.691832555797836e-05,3.7002838999731846,0.31851608,0.17085259,101
176661,2017,5.872072999739976,0.15067298187422992,0.3413623757577623,0.403712,0.011549532,167
176670,2017,5.985861378637548,0.12682057943630926,8.548019684954763,0.49482784,0.10104383,176
176670,2018,5.866833146087505,0.34609890501601415,7.261245681855568,0.54287386,0.087832004,227
176701,2017,8.3504521755601,0.0,3.882655009174312,0.23194844,0.027059345,231
176701,2018,8.319783088883213,0.0,3.2014583853354135,0.30207816,0.037059058,230
176760,2017,8.040674278126904,0.216615502686109,1.2503849859041483,0.2561571,0.04529833,231
176760,2018,7.700840075321667,0.17319796954314723,0.8708447399527186,0.26658168,0.029782569,230
176766,2018,8.3446163467136,0.027036291362209742,2.3927766940930524,0.26988423,0.022911029,95
176782,2017,6.224621397589844,0.0,3.282411282984531,0.5536704,0.04312306,231
176782,2018,7.057063596330799,0.0,6.547917524377795,0.5395064,0.054240473,230
176840,2017,6.625012455001341,0.0,2.1135929871593904,0.49061617,0.07913112,227
176840,2018,5.772090133660912,0.06965679479989983,0.6943560189278403,0.57356215,0.06343697,203
176899,2017,6.621599374676403,0.033495083630530526,0.8942847108126769,0.4490486,0.09230568,222
176899,2018,5.604249648683795,0.0,0.3203625603235027,0.46172,0.031959586,178
176914,2017,9.571209707144519,0.9141457300746311,22.450328638497652,0.22141065,0.031628832,231
176914,2018,9.768377772055468,0.893846667408479,21.840500000000002,0.24544834,0.044823956,230
176928,2017,9.082818315639065,0.34989523144326623,8.769416218370193,0.17217211,0.017768266,186
176928,2018,9.501974375252455,0.31875813235694617,12.232596180206526,0.19974124,0.03114242,230
176973,2017,6.621320428425672,0.0,0.903301239949767,0.25414878,0.062104926,136
176973,2018,5.7482416864746515,0.06352385497180317,0.6571281011215474,0.39553237,0.08393385,188
177099,2017,6.913168501022641,0.17678927858568577,3.0525973986543926,0.31626523,0.07537177,181
177099,2018,6.462967801353858,0.14773783822115763,1.9440364445900284,0.34913385,0.054953568,153
177108,2017,8.307868592042903,0.4543906552896703,2.909796275635944,0.28081897,0.061022803,206
177108,2018,8.338676339544428,0.4473820785133243,2.897028269672198,0.2532801,0.041619655,197
177109,2017,6.35866189585813,0.6463017229248494,1.0241699757912193,0.5882433,0.056149404,230
177109,2018,6.0773846872485295,0.6132983382886043,0.7298037895949382,0.48733804,0.06945703,230
177179,2017,5.140939610306311,0.0,2.981977383383069,0.737513,0.093111955,198
177179,2018,5.768263306629785,0.0,3.75485859794879,0.8143369,0.12479347,230
177225,2017,8.665155760892295,0.3827618643134665,7.448290965714477,0.29162744,0.027132396,231
177227,2017,8.300034445374248,0.6932074187260635,25.38551944283227,0.36731714,0.049046367,230
177227,2018,8.454226017465777,0.6373963115777868,22.135283428964776,0.4052809,0.05467262,230
177257,2017,6.852402630237175,0.0,1.4220036070427509,0.50204694,0.019858528,231
177257,2018,6.551156732125073,0.25563463556268634,0.9946470480420448,0.5573175,0.07204912,230
177287,2017,8.995321934839952,0.30065019774880203,2.9727758361278593,0.29829267,0.042417537,231
177287,2018,8.871813443520695,0.3003800717633604,2.5851458438430575,0.30006024,0.024611473,230
177367,2017,5.773365625227504,0.004942286843951278,5.974260876026302,0.81222343,0.17142032,83
177367,2018,5.241510320383001,0.003243985603333965,6.952508278754875,0.93956745,0.31087556,132
177376,2017,10.223075418462399,0.21035698941920528,2.6654280569270985,0.21436976,0.037148885,231
177376,2018,9.880663303816464,0.18910481684664043,1.849974929497492,0.22753657,0.04002599,230
177629,2017,3.424830571473723,0.11114039750513473,-0.01740501943212525,0.8432184,0.11111369,142
177739,2017,9.421597235708001,0.3610355458832064,1.1078292376681615,0.17829998,0.043310095,148
177744,2017,6.7390839918972265,0.7385367340647007,-17.982216522275912,0.41539565,0.064169206,183
177744,2018,7.061933158439481,0.20290090556037413,21.251724075119764,0.48050714,0.08573783,216
177871,2017,7.268141386028345,0.2589599166352252,3.425236883783261,0.4194267,0.08171862,151
177871,2018,7.384367554192989,0.31023521090569045,4.121586518038559,0.42220715,0.09143979,215
177881,2017,8.38451464644232,0.0,6.194178333623327,0.31530547,0.036222767,231
177881,2018,8.64817521591158,0.0,5.881686419383633,0.28189656,0.05173206,230
177884,2017,10.014213296879674,0.19596562773084766,2.5060874862591143,0.27837077,0.031640768,231
177884,2018,9.932289613666962,0.1595040693694379,1.0967826635763,0.33448184,0.028330892,230
177896,2017,2.649572451439025,0.00865691507710662,-0.26413734107499576,1.1415018,0.09957194,60
177925,2017,8.950399593492792,0.2366887172133043,6.876201622971285,0.23605002,0.035094175,231
177925,2018,8.61495837341691,0.22607393141817791,4.6851793847722645,0.28073403,0.029842814,228
177930,2017,8.582026169197196,0.18959693762666066,6.7402451042324705,0.37519982,0.041455295,231
177966,2017,8.704404833894623,0.602615933412604,8.750961349782294,0.25086156,0.045726463,189
177966,2018,8.620414073489805,0.5954684918574463,8.412263141122914,0.26603785,0.034139894,220
177975,2017,6.248660768678885,0.0,3.8038481900602217,0.58911085,0.034170307,231
177975,2018,5.59357958694974,0.15439497792392284,1.6953374008618785,0.5798277,0.052276637,230
177983,2018,8.539042456253606,0.2769157757097787,3.6394488321314475,0.22051147,0.034962416,141
177996,2017,8.22193432743687,0.05439305341092831,1.0648405526409757,0.22240229,0.030274335,93
178015,2017,9.267859802141896,0.0,6.632638582055907,0.37070033,0.019401489,230
178015,2018,9.870605769684943,0.0,13.384089572779613,0.39351857,0.023295285,229
178073,2018,5.934265955990349,0.2757190799454465,1.4638670376427005,0.4585729,0.14070046,85
178081,2017,9.539244155690836,0.18652368205107978,42.649899533119076,0.4026524,0.0234234,231
178081,2018,9.49082398885289,0.2689095292337328,39.316004009504006,0.47650734,0.048192546,230
178083,2017,10.819446850292064,0.205314712443022,6.427910370370371,0.28105858,0.04023973,230
178083,2018,11.035642848860693,0.28931932887737005,112.60746833030852,0.3493897,-0.059765242,229
178084,2017,7.766005923750791,0.3320181873254508,1.2938664170013727,0.42535263,0.10830129,114
178084,2018,7.674686607841949,0.37068138592943417,1.2602088887458187,0.36581063,0.21215998,75
178148,2017,6.815204741858796,0.0,1.3988723433639727,0.45653823,0.011374941,229
178148,2018,6.726072741971543,0.0,1.429328604706572,0.37613875,0.003310163,230
178157,2017,7.22902560703751,0.0,18.68474707643942,0.689506,0.24333301,231
178201,2017,4.660574618056514,0.2614183442352272,0.5410166507137848,0.63255864,0.06074103,119
178201,2018,4.7330070454918935,0.14545234346614994,0.6033564651350476,0.7012047,0.052467864,158
178310,2017,8.452819776647859,0.18701095461658843,7.018374251497007,0.28072786,0.035583824,231
178310,2018,8.407478320409364,0.21525423728813559,9.051410101010102,0.29753733,0.03129058,230
178371,2017,6.305609006638417,0.03830143904696269,0.7138341497496005,0.49589816,0.12022362,114
178371,2018,4.919001249021182,0.048169442416585655,1.5330814897787732,0.72546625,0.14101289,62
178405,2017,5.889599387790752,0.6495920725661674,0.6644372817076782,0.25092635,0.11118088,69
178405,2018,5.842918134000556,0.6347731630541974,0.4910683511130735,0.27569914,0.06966002,113
178507,2017,9.341534120688973,0.6344028149372891,28.432781812015598,0.23111565,0.043293316,231
178507,2018,9.426239571826418,0.7601943593061531,-74.5358560668853,0.23814903,0.030151801,230
178519,2017,8.542732961165193,0.46235288782777934,5.315337821033608,0.32882825,0.07425209,231
178519,2018,8.555882247880529,0.4493630998848373,5.3355714818088575,0.31533116,0.034356564,230
178529,2017,7.753881680622256,0.3518905091606541,1.6883914506856144,0.12711924,0.06274151,129
178539,2017,7.714821439341006,0.4827066219443419,1.861614687113517,0.20423083,0.040536586,158
178539,2018,7.50119749881944,0.4933925971114236,1.5234703849643247,0.273604,0.022325402,147
178545,2017,5.116204667941692,0.1074176870658363,1.1687359255156555,0.2617214,0.08577988,91
178552,2017,7.112804511010785,0.6293177564674174,1.065111293124242,0.59999865,0.050759964,230
178552,2018,6.348656217520592,0.6783172888032282,0.4737469019640988,0.5826911,0.06526171,230
178672,2017,8.081347153171984,0.30588173483594716,3.519358336961254,0.39655653,0.053946946,218
178672,2018,8.150835636212822,0.2986946506270796,2.781921669341894,0.3721992,0.05238806,230
178698,2017,5.369930801357569,0.5160049033915125,1.422890975800363,0.66327596,0.08294,218
178698,2018,3.538161210066592,0.07558421056122686,0.5341095741542856,0.68872654,0.07404936,148
178703,2018,5.069801283998753,0.0,4.822213805223925,0.5843321,0.0008915788,69
178704,2017,9.511079296528699,0.0,7.6138184900719565,0.35280293,0.020649903,230
178704,2018,9.746941413886962,0.0,9.395490693971821,0.33859116,0.022966724,229
178750,2017,7.24815991642744,0.0,2.3586760688178394,0.50687283,0.13041072,196
178750,2018,7.117221155920996,0.0,3.2206244727060915,0.5758255,0.08503747,230
178797,2017,6.0100738155758515,0.0,1.4081028036737318,0.46839938,0.026829695,225
178797,2018,6.14730415703238,0.0,1.4550419278728528,0.46756592,0.0569692,187
178798,2017,5.6341382482265265,0.33964000669348915,0.4606689320004741,0.6216812,0.19500123,148
178798,2018,4.417237299087439,0.35494773875740215,0.14063255861314053,0.80627877,0.029933218,69
178803,2017,7.03895194825994,0.2748375638247404,2.3155949366060313,0.31044045,0.05170319,187
178803,2018,7.6205743724131505,0.19724474135290762,3.45170511139127,0.33989733,0.03318513,218
178806,2017,6.796042519363679,0.036514563224966226,4.520165077054491,0.5048626,0.032651465,231
178806,2018,5.6077451772325855,0.1366933253700709,1.8489330927149623,0.5531428,0.05527163,230
178823,2017,6.603251511836554,0.07776851636543343,1.373030951826856,0.40628773,0.06337652,231
178823,2018,6.571458007053709,0.06831786297055088,1.3732593276050977,0.35272497,0.05285039,182
178834,2017,6.72572046507351,0.07737452639000135,1.3047461717983275,0.20207559,0.05135863,86
178834,2018,6.511102924238084,0.06473707658414601,1.009196340550298,0.29690924,0.034235567,110
178870,2017,7.629903815176998,0.2588504128750065,1.5735237543506204,0.4002551,0.06433594,115
178870,2018,7.039009480774596,0.26676453526572996,0.718819485945841,0.61481535,0.08125924,131
178973,2017,6.163255812821009,0.12810203233426454,1.4757327989311955,0.41189095,0.05285589,220
178973,2018,6.031563047969807,0.03257289529275476,1.2417287831296917,0.47435254,0.07537718,227
178997,2017,9.606771698071935,0.0,3.159091169907555,0.270461,0.0037887644,231
178997,2018,9.480381069402647,0.04209416440244941,2.8282513957555215,0.24663973,0.00439707,230
179094,2017,5.735643640604393,0.07490200038557225,1.6379351832754236,0.33197716,0.060522232,207
179094,2018,5.473330196212793,0.45805694514842327,1.1155073929450983,0.5313592,0.12593198,177
179202,2017,8.655137500287315,0.4107665427735316,1.3788519477062569,0.2449113,0.035001434,182
179202,2018,8.16082345803888,0.2970923282364044,0.8456280483136198,0.2916627,0.035938267,226
179216,2017,9.42500374802871,0.3291040472232588,2.482861778846154,0.17158645,0.042411607,158
179216,2018,9.166928464023634,0.3860306178239475,2.1113933847850053,0.17673023,0.03896007,174
179298,2017,6.966523307807668,0.08782865407857977,1.640672711436744,0.28051302,0.109477684,76
179298,2018,6.595559068679088,0.08621902110854368,1.0847603660543035,0.30694395,0.09778773,145
179413,2017,6.964849440757966,0.10879653501082809,8.943022578111142,0.45071155,0.050357495,161
179413,2018,6.983662431639507,0.10358393327825642,8.023071317022383,0.47413534,0.035847705,228
179437,2017,9.700510107182117,0.35691530264747884,3.0317424419684307,0.15749574,0.01935095,230
179437,2018,9.705078483667442,0.38068438771921004,2.7968428854024556,0.1621615,0.027141554,230
179441,2017,6.877897849155814,0.37896759582280076,3.8706153766395355,0.4538967,0.049298678,231
179441,2018,7.598402497238745,0.3298239096388725,6.425451535500909,0.45595333,0.052287113,230
179534,2017,12.385539130482574,0.24446503964576255,8.78738929279577,0.18377393,0.024021495,232
179534,2018,12.71424279664746,0.24023113037197544,11.650173465096719,0.21575098,0.029420996,230
179583,2017,7.37332685115678,0.02296541877404835,2.337126122768768,0.42130023,0.02280738,188
179583,2018,7.20347036273083,0.05648252142887342,1.8140321268012618,0.39381653,0.037920468,230
179597,2017,6.2104012620815485,0.09135026393819301,2.1166740354039484,0.36299494,0.041810464,162
179597,2018,6.273985052813461,0.08350823122171686,2.0923626189452764,0.44547063,0.03358654,186
179621,2017,12.008215930830021,0.7292403649227331,-13.577484833691875,0.18040517,0.03123838,231
179621,2018,11.550064790461327,0.6777467902816512,-8.330023340557027,0.22846481,0.025990875,230
179657,2017,7.804428846360824,0.22841809353437256,3.2624900186318873,0.23459867,0.11972705,84
179657,2018,8.088957796864285,0.1848117558725732,4.456695390507455,0.23825957,0.050379883,149
179666,2017,8.702606297775686,0.0,1.902361160411045,0.35036632,0.03066047,231
179666,2018,8.327229654532307,0.05081361489834863,1.3900437424025645,0.35401654,0.03199752,230
179671,2017,5.671879441852021,0.024697878813487707,3.6658401352391285,0.7870318,0.17085637,227
179671,2018,6.314658516433342,0.10740821559107522,37.49581490025784,0.61942345,0.03543292,230
179686,2017,7.239975918932747,0.0,4.623427223974449,0.99319917,0.03427697,230
179686,2018,7.3357408080333455,0.0,2.934508311958087,0.6542218,0.044406187,230
179731,2017,6.562652320600563,0.0,11.190345437881232,0.66764706,0.24509397,229
179731,2018,5.561963501376237,0.0,-6.040220417633411,0.75452083,0.20490846,230
179738,2017,6.156295489343343,9.892175289346126e-05,5.715155517320764,0.7237033,0.032884795,187
179738,2018,5.8944474613682205,0.06981722743979404,3.201822223006227,0.60174143,0.05975605,209
179741,2018,9.259058429736486,0.4095015753287991,1.2860312736363566,0.29212058,0.038670544,187
179782,2017,6.563793691051948,0.8579344530955474,-9.52782808531226,0.5876156,0.06458692,231
179817,2018,6.649556407208673,0.0,0.8525845474613687,0.44277745,0.15107135,222
179819,2017,6.63947588457645,0.2819355480637154,1.879561850032076,0.34244037,0.028199032,218
179819,2018,6.20270550273956,0.2821760223441698,1.2535366559093954,0.4169519,0.057583362,171
179831,2017,8.984133902212708,0.43231353759194446,2.040153189255725,0.23040003,0.052942026,215
179831,2018,8.861016891122311,0.5183233902992568,2.0299457368447116,0.27936628,0.06378669,187
179834,2018,6.947378699499461,0.0019051699732970152,10.845831248436326,0.8364112,0.061293986,218
179840,2017,5.431341136604021,0.6794408232440465,7.385014708259253,0.85038406,0.07354438,156
179840,2018,6.052779659892415,0.5666382345289103,5.897353707915027,0.65707606,0.13740243,176
179841,2017,6.001037950497275,0.005631701631701631,16.452020613516925,0.67901444,0.24604058,73
179841,2018,6.805595745820209,0.0007693957090422915,16.035333712215394,0.5829921,0.15440634,223
179889,2017,8.974661961541113,0.06937023985449585,0.9553019347037484,0.17552683,0.009025357,227
179889,2018,9.149177692932916,0.02837762378594117,0.9983763532158777,0.13623168,0.02224344,208
179957,2017,6.636927701502223,0.25166959200743605,2.125404043781627,0.42591727,0.092670925,229
179957,2018,6.322567645669453,0.20854125750718697,1.4284576285095862,0.41611588,0.06514908,228
179974,2017,5.568282669788347,0.2811303819230075,1.350606005928599,0.37348834,0.06275717,227
179974,2018,6.051192696624939,0.19070843584118877,2.340260305002728,0.3468467,0.06999061,228
180016,2017,7.343172742947423,0.2230769230769231,2.0363743873517786,0.35593095,0.02523325,227
180016,2018,6.95364732384829,0.27937551355792933,1.512949971098266,0.3531682,0.04210091,193
180057,2017,6.372158706224225,0.0,4.023536851946053,0.8696821,0.0031419317,181
180057,2018,6.995978221729477,0.0,2.3429044567952344,0.960125,0.067651,228
180083,2017,8.368375557254012,0.045969807598040154,4.370025741644362,0.2734969,0.03656414,230
180083,2018,8.441185230195122,0.017701434347142067,3.8184373725380008,0.26879615,0.022159854,230
180167,2017,9.315069319236668,0.38671093951251817,3.996882825466518,0.20121045,0.054450385,202
180229,2017,6.49840812045742,0.31249132008635727,2.4539431821121207,0.3795771,0.044282332,153
180229,2018,6.021096502013611,0.42196885756811237,1.520984507026656,0.34919593,0.033534024,137
180272,2017,8.807716399018533,0.3771985010530922,3.912473373127341,0.24663965,0.026459675,86
180272,2018,8.814347738982159,0.35150818415722335,3.767207691015953,0.23746945,0.042267457,203
180395,2017,8.170015768614247,0.2699536910923454,2.120888163265306,0.30234954,-0.018946718,231
180405,2017,10.778231373034618,0.23516177415898865,5.06924715704925,0.32434526,0.01843335,231
180405,2018,10.47876227575419,0.14976170451359685,3.1304372862551726,0.36017793,0.027080929,230
180413,2017,5.399015007884728,0.08875489309778178,4.534129512330115,0.42586666,0.23685053,102
180413,2018,5.619970773240639,0.03656456639051456,6.231226453448978,0.49301597,0.13984844,94
180423,2017,8.313423388678169,0.34349399171400186,13.858166573219837,0.4173454,0.05858974,231
180423,2018,7.941897204189888,0.2800343705885963,8.124282801090672,0.5048526,0.051341224,230
180466,2017,8.160155781794755,0.2677878395860285,7.91747363656936,0.2587554,0.03726344,231
180466,2018,7.724709456875575,0.2683535528596187,4.954245611731232,0.3324977,0.036485292,228
180483,2017,8.911325660389867,0.6616328456819255,7.327554347826086,0.21131884,0.025652569,232
180483,2018,8.757539286855737,0.6358558755886541,4.4433584905660375,0.2927871,0.01768607,230
180646,2017,6.377227587863646,0.13512855505574806,2.049527938712161,0.312754,0.07442633,69
180646,2018,6.145549617640141,0.11702759914791888,1.4447652205682016,0.39329454,0.09353239,139
180652,2017,9.669560063014666,0.37944952909323454,8.220828918666252,0.17796388,0.03067344,231
180652,2018,9.791398271650054,0.34752470213378983,8.634834733893557,0.20297927,0.035770815,230
180711,2018,11.420633844727494,0.34899449365573376,3.420636980905578,0.30879548,0.027939497,208
180821,2017,4.957640131299219,0.865234539424862,0.9970960665021869,0.60563636,0.12071354,93
180905,2017,5.649340403508858,0.00949911427177736,117.25299628559637,0.3967369,0.09122511,158
180905,2018,5.951127851477835,0.007139881874205642,-31.99420386409061,0.38421005,0.04247007,224
181104,2017,7.875159417064935,0.3638223230854698,2.3473528881719923,0.34102836,0.03164247,231
181104,2018,7.4088937494207165,0.20377503077180334,1.0641386926677812,0.38196713,0.07158515,230
181269,2017,6.539969408101929,0.2755807731671844,0.734747002171555,0.42044187,0.0519655,231
181269,2018,6.289432079894337,0.1345360471243873,0.5691132307230844,0.4506396,0.054923363,230
181290,2017,6.043068961842578,0.0,5.117849374825328,0.46131366,0.053655423,222
181290,2018,5.14993046088197,0.0,3.048165826924777,0.57474065,0.14197506,222
181745,2017,5.326787858347948,0.7839694615388757,2.1654469782272407,0.4860822,0.066287436,79
181931,2017,6.615715994320057,0.3165617238876694,1.297697390143787,0.39702365,0.044518437,230
181931,2018,5.995621743978306,0.375418177100169,0.9420030675709904,0.5115136,0.050869472,228
181989,2017,7.871639817770921,0.21962282043425102,1.8774437345775814,0.5161418,0.024765829,231
181989,2018,6.612923467955081,0.429678300078598,0.7127130223387761,0.52182657,0.020819597,230
182308,2017,8.219844706709255,0.08874845380140214,7.466197570723234,0.35886195,0.034439694,231
182308,2018,8.327504280594448,0.09676394966338595,6.5501548187657574,0.37464383,0.04712618,230
182700,2017,7.5341159682785745,0.0,1.42590141805862,0.28502655,0.050340164,231
182700,2018,6.854856570290597,0.11193171758203069,1.1431072330322332,0.42931977,0.030351756,230
182788,2017,3.4499496784479606,0.7854785555439535,-0.070123103432155,1.5859909,0.07388778,60
183283,2017,6.003377307571592,0.14922691026168994,2.3120493488690883,0.38341784,0.086709306,193
183283,2018,6.792336436417557,0.04845971163910993,3.2337065977578003,0.40267113,0.06547143,229
183324,2017,6.893288518196441,0.10021083213661965,0.791754195993503,0.1750193,0.04017078,123
183324,2018,7.034306534532505,0.12880922819257934,0.8961506761158379,0.17867716,0.05494009,113
183337,2017,7.116730938021373,0.0,2.4829955957787173,0.58183426,0.051182803,69
183337,2018,6.74909714583306,0.0,1.6758049102382062,0.49863276,0.0435155,90
183366,2017,9.076826910619465,0.18769551616266944,2.4823140141843973,0.22662626,0.024953982,231
183366,2018,8.882916610153242,0.21235117100614942,1.9639734059945504,0.24366389,0.025872357,230
183377,2017,8.900428246011652,0.0,12.445538424471943,0.29048285,0.03413458,231
183377,2018,9.389240582634564,0.0,11.838263710156403,0.35007447,0.040305283,230
183388,2017,8.627011723336725,0.11377965265376119,1.2460611278903648,0.1315322,0.044519275,65
183388,2018,8.600294343430921,0.14579295883199508,1.180262595385356,0.12429141,0.02397729,90
183528,2017,6.112619668664449,0.09127206282828046,1.5801335442417794,0.54248416,0.03471659,212
183528,2018,5.4509677214505095,0.09914014354454774,0.7824198970356612,0.4002909,0.036357343,227
183581,2017,8.82235912401798,0.38195667425511504,4.568826621321301,0.20819622,0.026315803,177
183581,2018,8.75484974025623,0.368335599900086,4.330943614260347,0.23414725,0.034225017,225
183593,2017,6.842405474176282,0.7231019187126058,-332.8854761904762,0.73022324,0.09503024,231
183593,2018,6.302607400586338,1.5693691627751836,-5.4514325651982904,0.81809056,0.07296042,230
183602,2017,5.752684378614256,0.01207331567862877,1.5785857452096526,1.1292284,0.10728011,102
183602,2018,5.681782234376533,0.35753989427756067,1.401008249312557,1.050426,0.0411542,175
183640,2017,7.055136296263568,0.4423406770559149,0.7258489829743012,0.3598532,0.04767993,231
183640,2018,7.635347363575132,0.4558080408622138,1.2925322978539278,0.50886667,0.046648003,230
183736,2017,8.035477052135207,0.44879413692521253,5.5197942639826145,0.31945252,0.029990543,231
183736,2018,8.03537874424408,0.36120469156094387,4.0606302815466195,0.30811387,0.028733054,230
183791,2017,9.55439161523088,0.23240417267241592,0.7059961563485311,0.42967522,0.032917522,197
183791,2018,9.375548322813252,0.24114402683800534,0.6753139455003435,0.46458405,0.022917645,230
183797,2017,6.002594380094738,0.08701974242260604,0.5407313727744519,0.34232157,0.03373504,213
183797,2018,5.938493319461659,0.10413103654988803,0.4775428685080425,0.355007,0.07685124,203
183830,2017,7.846894664887369,0.3407626324459602,1.7065502424938337,0.24571507,0.048206247,123
183830,2018,8.213139000259313,0.393279756182982,0.9812410872237196,0.29909915,0.031530008,126
183903,2017,5.7251477692405075,0.0,2.1141846540151623,0.5107581,0.031301815,193
183903,2018,6.265417650825452,,3.4624327010412417,0.43803278,0.054816544,224
183942,2018,8.903869058099266,0.47815970344030256,2.8217682793584196,0.2554046,0.036698807,228
183963,2017,7.392525401196373,0.4133894581240887,1.5487965697215258,0.22468726,0.02652212,79
183974,2017,6.724073914068043,0.0,3.006289032584351,0.28810132,0.027031021,176
183974,2018,7.264704621270199,0.0,4.479874472527541,0.32269627,0.036776174,213
184009,2017,7.555059914372243,0.0002473263909139412,2.260438460418937,0.35453907,0.047835667,210
184035,2017,7.773281755450307,0.5306289948123584,1.4328913116231952,0.37208214,0.04430768,198
184035,2018,6.994487243606434,0.4373703891152671,0.731540723569121,0.38424084,0.054806188,222
184040,2017,3.3111632589581745,0.0,-0.015283051682657468,1.273509,-0.035679538,83
184049,2018,3.8049490226235774,0.013810623556581986,2.7912861936125264,1.0887613,0.3281153,143
184113,2017,5.022069671721919,0.0,7.0965855940130975,0.638796,0.3678374,157
184113,2018,4.88822295975221,0.0,4.357537511902026,0.6714177,0.21751966,218
184155,2017,6.467933605350362,0.15169682003998491,1.644350480936141,0.5850681,0.10584684,228
184155,2018,5.739070464781769,0.1559334166930821,0.5918054733009478,0.6657455,0.07071407,230
184157,2017,7.429924737471148,1.540823855590502,-1.785287230448408,0.30987075,0.061459184,178
184157,2018,7.4881892567868285,1.3159147940471652,-2.716587506955615,0.33456808,0.030777652,227
184167,2017,7.723767360619074,0.007819618930416175,1.5840837452087955,0.25038916,0.10716898,99
184182,2017,6.677763142050589,0.04248756343245856,0.7728069723242961,0.5125646,0.19650893,231
184182,2018,5.960608972420378,0.07231482762146453,0.34025241297752923,0.59642535,0.10200296,230
184256,2017,7.7210141151905605,0.6539673157507174,229.00543257514215,0.55770713,0.047254637,231
184256,2018,7.377596019962299,1.1031350700195754,-8.146515524186361,0.53161687,0.044547528,224
184258,2017,6.749860699500627,0.40116991838593297,3.326891280125293,0.28726044,0.048208147,194
184258,2018,6.70286768154001,0.3592849970348702,2.8814203412129182,0.30777586,0.027965426,212
184263,2018,6.415840054529934,0.0,4.122366948478352,0.55998844,0.11628761,211
184287,2018,6.698253984965888,0.2812937165749194,0.8823043699159351,0.26717842,0.003924364,60
184392,2017,8.033157283845965,0.026714071382838284,4.030417055784448,0.3090982,0.007961907,226
184392,2018,8.344733210645769,0.0,4.62508720482913,0.38517866,0.040818173,230
184442,2017,7.725228906975759,0.31709218110604026,0.6709058826770579,0.5812505,0.025176546,231
184442,2018,7.473424030714408,0.35867100297896365,0.47143900940829697,0.5376649,0.032635298,230
184453,2018,9.00017053193658,0.3672737307634003,9.025309146954633,0.5282755,0.066369936,198
184487,2017,3.34703682270272,1.362466665368968,-0.16308326207842438,1.1487116,0.2800518,200
184498,2017,7.499958841680447,0.7783322244400088,1.054208746355685,0.3904551,0.021337662,230
184500,2017,9.550121498891157,0.23508745276031676,4.51565652607214,0.19799194,0.022460712,231
184500,2018,9.29817024940292,0.17207291862431873,3.368720660290034,0.2502354,0.036331367,230
184526,2017,5.935306491566313,0.703038152144739,5.291039442571113,0.3743494,0.11220844,158
184526,2018,6.292168348885437,0.5590451319472212,5.71813435915888,0.39346826,0.096808605,219
184542,2017,5.436448501618663,0.16533949754034977,3.260795512638455,0.5798619,0.11560479,123
184542,2018,5.610666685414812,0.387627579828137,8.147566101290726,0.7104031,0.15995415,169
184551,2017,7.484766317012441,0.4214147336160473,4.596276947220617,0.42000264,0.026340608,226
184551,2018,7.109959198455413,0.34616441378339563,3.0607337173947835,0.4023561,0.0359225,229
184576,2017,7.709014369141788,0.2785887626268485,5.1076962307918,0.34736747,0.02425076,231
184576,2018,7.769429803809786,0.22433923731129357,3.7353971595392137,0.3646069,0.035870235,229
184604,2017,5.991331138209411,0.0021736511315033837,1.4770714628651624,0.45307088,0.04501476,127
184604,2018,5.8282583226536,0.12529364409511146,1.2195754395284895,0.42746598,0.072667286,190
184688,2017,6.939965901843146,0.38304041901544017,1.2858364813076315,0.1925452,0.034877844,172
184688,2018,6.712445353327349,0.4002822792661573,1.031491850436257,0.1992158,0.04375274,138
184702,2017,5.673189306309102,0.10064697371653766,1.4963205126227175,0.77982783,0.075186916,213
184702,2018,5.705545719226427,0.14897115474960068,1.875495756365452,0.6491349,0.09313621,200
184717,2017,5.142474631001566,0.7172488001954015,-0.8529472598233687,0.83099836,0.2254866,68
184717,2018,5.54411086025578,0.48633965213992575,-1.1743745292896637,0.7697683,0.09473676,196
184725,2017,10.600454634225104,0.24175641398810763,2.9683661011310707,0.14035772,0.06458741,231
184725,2018,9.973743348864339,0.2901532745006967,2.0424227701094715,0.36268294,0.052025467,230
184748,2017,7.069193624859667,0.3740009786331756,2.2496171516079633,0.37909994,0.029749908,226
184748,2018,6.454745630592891,0.3616297436312826,1.436637288135593,0.4491886,0.022173278,229
184785,2017,6.441836256361216,0.2735805259436377,2.3253916671607278,0.3488228,0.04926729,167
184785,2018,6.195316404577283,0.2515883567215087,1.6298563709232539,0.35312426,0.023463374,149
184797,2017,8.211991611365855,0.4184283644387991,7.342214694894146,0.29760146,0.05861134,229
184797,2018,8.414715959542338,0.27668627635115906,4.245429548156956,0.3440651,0.035416245,230
184899,2017,8.73492001873378,0.0760661353095123,1.7862980986823105,0.19801527,0.11166026,172
184899,2018,8.512619033890264,0.05330208402414343,1.3301282002287087,0.26311457,0.048896227,164
184996,2017,10.869614490810537,0.33104606005463827,12.403102289177724,0.38724422,0.05481473,231
184996,2018,10.958535868673604,0.317894341197569,11.667569201845206,0.51030743,0.13423857,230
185030,2017,7.312017690807653,0.000521969799762257,0.5707660822099838,0.66359395,-0.0014717513,215
185112,2017,7.35611894406158,0.46025639069390284,3.805892547660312,0.47683603,0.05279216,231
185112,2018,7.261239101705245,0.5032459688067847,3.8834012828134625,0.44279706,0.053996533,230
185119,2017,5.679394558974344,0.37796237336349753,0.9413531310688975,0.5846199,0.14150488,146
185119,2018,5.812556876368111,0.3978277495965124,1.152441994280398,0.46318227,0.1765355,89
185128,2017,5.970199541057029,0.4149850958025349,1.1632814449527658,0.43230414,0.14864852,101
185128,2018,6.4807982655507645,0.4366340861235123,1.7313209950248756,0.42573777,0.11783449,200
185138,2017,5.811945010984944,0.09289482011149858,1.7305631199652094,0.3021642,0.05979876,147
185138,2018,6.009596711329835,0.06869536709938937,1.8648857450266696,0.3853005,0.07680812,192
185164,2017,6.878360422400768,0.44895511966697405,1.434735026292732,0.1957905,0.08930666,82
185164,2018,7.012763012419633,0.44187478478267456,1.4340168691280495,0.23753852,0.05441686,125
185177,2017,8.26874462690768,0.6130326445739072,13.878193367020142,0.22586665,0.039177753,231
185177,2018,8.071570265048926,0.7193967417017189,13.201649399105357,0.22433294,0.049792144,230
185195,2017,5.797315652284537,0.0,1.1546923931674862,0.5008525,0.063660875,167
185195,2018,5.728168210896549,0.0,1.043103225959695,0.4657638,0.04889652,217
185229,2017,8.701811245906281,0.2809367771218199,21.071903473794123,0.21954903,0.03642506,229
185229,2018,8.200094065156128,0.4553312919613122,15.451336278228988,0.25165263,0.045155738,228
185277,2017,7.067355593965158,0.5767249207512097,3.6666268551280936,0.8534838,0.088602126,229
185291,2017,8.145314221246071,0.434630514599291,2.129191303590521,0.3393578,0.042923797,163
185291,2018,8.414691704837017,0.4803328522792254,1.0875942005374728,0.46291816,0.040953126,230
185319,2017,8.17152620837603,0.00024016458070889334,2.2704115911753497,0.4979703,0.061443493,231
185319,2018,7.951981495552448,0.00030185584027368263,2.0934656179195756,0.5202999,0.04534364,228
185334,2017,8.864746725895516,0.4447364836680316,2.975034785795828,0.29690644,0.00044998308,231
185337,2017,6.537830731140947,0.5949244412425599,4.240112756802543,0.40700766,0.0984834,130
185344,2017,6.58633950283638,0.45852500370974925,5.095725228390724,0.3286675,0.023933826,186
185344,2018,6.306676119012868,0.44240231548480463,2.999013676148796,0.31792462,0.026345132,141
185345,2017,6.66049992293851,0.5369699634420438,0.6120828842950916,0.24424045,0.082605034,155
185345,2018,6.375655898339292,0.4932447781184948,0.3652506700328953,0.29798707,0.053337347,188
185370,2017,7.26246028386441,0.0775724078722095,1.7614675272047995,0.37365422,0.02281195,231
185370,2018,7.151285796637129,0.10706610252773398,1.4141573109683367,0.32754302,0.037243225,230
185375,2017,6.895862944660312,0.6172556569205616,6.857014683024315,0.3625471,0.08283405,161
185375,2018,7.638813324834468,0.5651466851865432,9.823546408523638,0.32818416,0.082152866,220
185396,2017,7.370413880685318,0.38919956522408067,1.246330362986062,0.24074967,0.10557086,81
185419,2018,7.01374063938382,0.08609014828953164,9.747464952963764,0.4738888,0.21441172,135
185428,2017,5.329395014758851,0.0,2.16070880985296,0.966531,0.034971707,171
185453,2017,6.337160223870079,0.6035650703720706,1.6259566057927988,0.2108945,0.09047641,92
185453,2018,6.18965592614912,0.3596229657333468,1.3915535188440202,0.22327852,0.09415503,68
185532,2017,9.262419800579242,0.3268559832089293,1.710078103339123,0.29212734,0.03617219,231
185532,2018,9.02991044332506,0.33252647861047807,1.3733447083593777,0.292818,0.027298747,230
185549,2017,7.498381907367681,0.5530403599508643,2.165164385697665,0.21360111,0.0904333,130
185549,2018,7.550370427952045,0.5038885477084044,2.367996779484344,0.17287193,0.038314328,120
185618,2017,8.115480569915379,0.48208979822609377,0.9746897078696987,0.2552001,0.045380533,188
185618,2018,7.985654308254485,0.48438638123428146,0.9040384886356014,0.24030194,0.043491963,163
185645,2017,5.731275163371891,0.8552395848238218,-1.9035410570761881,0.777139,0.16558044,231
185645,2018,5.292348689380782,0.6503033674771738,-1.7392163415274253,0.7830076,0.11478483,229
185646,2017,7.616726083052624,0.29484175808269314,91.85799999999999,0.42565602,0.042458307,231
185646,2018,7.996189607491494,0.4151204971529667,53.117158495358375,0.38705721,0.034992512,230
185703,2017,5.338532296842085,,3.5578759398496236,0.42998236,0.09609577,197
185703,2018,5.162260215450811,0.0024915371838270853,2.6175798881341192,0.4114369,0.107696794,195
185733,2017,9.971385634025813,0.07728611560621351,13.206941782436257,0.4315756,0.012808098,229
185733,2018,9.954450953514831,0.0,8.473362061433795,0.4447154,0.016855314,228
185769,2017,7.349958418373686,0.0,3.1049607722636363,0.39445457,0.025140662,231
185770,2017,6.436708898260001,0.3951310244798012,0.5123747537009484,0.3818523,0.053198848,228
185770,2018,6.20196239752063,0.4799631966713113,0.36379649906714495,0.3388601,0.049755923,201
185783,2017,7.879846713200755,0.0,3.883083472270167,0.3869034,0.06491952,211
185783,2018,7.865123307184266,0.018093408088181658,3.068948714021466,0.4684355,0.0472607,230
185797,2017,8.644738935485316,0.413094302565706,1.7845457598619663,0.18107101,0.026620345,231
185797,2018,8.342096442332137,0.4197851246343191,1.3399089972198561,0.21663935,0.037220646,229
185824,2017,8.378126636003511,0.020688380717610637,1.4377929335221817,0.24473177,0.032109756,191
185824,2018,7.995738458279055,0.032730329869184886,1.0152021473182633,0.25946242,0.051498294,195
185836,2017,7.526469738509305,0.4395062789339419,6.642764855107465,0.6085495,0.019280422,230
185836,2018,7.480661476857332,0.42154309910887455,5.520765629183192,0.54632646,0.04183104,230
185837,2017,7.737783822245861,0.16293948475483727,1.3171383659538005,0.58446765,0.034165025,231
185837,2018,7.461109751443663,0.15341821039352574,1.0746399466596799,0.5749687,0.076338135,230
185881,2017,8.622321891406887,0.4871775445514,10.014402157842735,0.23772693,0.047706164,189
185881,2018,9.0046962977427,0.4441303801488632,12.05454215936248,0.23426326,0.044486474,229
185894,2018,7.103640597314835,0.2894258248895817,1.6087652426927657,0.38295704,0.14886111,121
185921,2017,5.607615311079492,0.23109251001764497,2.5419420890120246,0.42026857,0.0763235,215
185921,2018,5.5007983497229045,0.27840108139422615,4.378931406909377,0.5231614,0.060583614,199
185952,2017,7.411536227186989,0.18263644422336167,2.89107469778492,0.3615923,0.10493738,197
185952,2018,6.527786031505949,0.29870037639372204,1.2869447497177269,0.4772074,0.042693693,191
186061,2018,4.576476017842731,0.328229746678786,7.288580858085809,1.0750519,0.0054427027,137
186130,2017,7.64035227145024,0.221120441844841,2.456111873879213,0.534224,-0.008211492,231
186130,2018,7.349987676392422,0.3340250325706048,1.7231010401649383,0.5420071,0.055623394,230
186159,2017,7.623105512333901,0.05243789814919522,7.6450678555406,0.4670531,0.033348076,231
186159,2018,7.460473470240582,0.3600256082208116,3.836385216644629,0.51465476,0.044749897,230
186206,2017,9.213107582714471,0.5052025951768883,3.4282770700854703,0.23071927,0.031842273,167
186206,2018,8.984200783270785,0.4332200097134531,1.9597217616707618,0.26428047,0.027200915,230
186230,2017,5.521341710757362,0.04980487167955432,2.757683269899057,0.32644486,0.12089041,124
186230,2018,4.570271551183302,0.051569296973665746,16.94513598876996,0.5287728,0.15660049,64
186278,2017,8.513823917783133,0.5214573127322091,1.207329377372232,0.255006,0.022932861,223
186278,2018,8.117252644777183,0.5657010937458067,0.6972892092616864,0.26739845,0.026042111,219
186288,2017,6.826965417258515,0.017556185257175866,9.429629516039993,0.44600448,0.07346765,230
186288,2018,6.777306364921066,0.25971305357439045,6.861812744799118,0.5520269,0.07388429,230
186308,2017,6.502770375557246,0.0,1.6277699600981075,0.35220906,0.07949795,120
186310,2017,9.271442056450718,0.20065892689049264,6.046683731513083,0.23800467,0.025019689,231
186310,2018,8.983940148457028,0.2010026633244556,5.259887203166227,0.27271637,0.032207824,230
186336,2017,7.738169156597753,0.0,1.7362115130518487,0.46726063,0.24075943,110
186336,2018,6.794160958397208,0.0,0.7739508847865614,0.47781911,0.053556368,226
186360,2017,6.590501193001543,0.32383463878745977,2.1740560423975515,0.2889871,0.06927489,61
186363,2017,8.253715008571968,0.36777140771515887,1.2250746022599903,0.23386675,0.0629234,180
186363,2018,7.956451569968031,0.31797304856191333,0.9317914092802757,0.2231978,0.04517456,167
186392,2017,7.063579922664076,0.7208850205822086,4.065250360042579,0.4038907,0.05956819,231
186392,2018,7.516684816441234,0.7065029244631079,6.932518609018303,0.47254023,0.016882334,230
186501,2017,7.197587288661734,0.43612010946945945,,0.44561526,0.054242313,196
186501,2018,7.46556786498285,0.36596959962510756,,0.39671728,0.039368782,172
186520,2017,7.097696846279933,0.23408115426100165,7.919798137256186,0.6055422,0.026916899,231
186773,2017,6.651187704198881,0.417989417989418,1.8153512670107934,0.48701262,0.059150137,181
186773,2018,6.316557643327928,0.4080086050946071,1.1955599222630102,0.37986538,0.06623875,155
186785,2017,7.689190564917064,0.3487980272134112,4.407556844547565,0.41299015,0.01969293,231
186836,2017,7.371935987885079,0.5680998083935254,2.493018590553328,0.25609356,0.044010244,213
186836,2018,6.620225194979526,0.5868475649729541,1.3722668598524763,0.35275635,0.04564425,225
186858,2017,9.20769410770535,0.47158122913851785,4.055845845223034,0.17985135,0.016334172,132
186858,2018,9.270016485748112,0.5257305667261074,3.503787311548418,0.2657119,0.025263246,183
186874,2017,6.742011154128668,0.022887481278460266,0.8899185772444824,0.21906406,0.03595616,75
186876,2017,6.794374217903547,0.2731669967482152,1.1503820775442308,0.5862386,0.035977468,228
186876,2018,6.878404240756155,0.2614920302432561,1.3110771598687676,0.55521214,0.09391026,229
186955,2017,8.026164704735278,0.0,4.161323144835239,0.33986816,0.019375555,231
186955,2018,7.689331404224363,0.00017441669134827392,2.7173205906458278,0.33290383,0.025631238,218
186960,2017,6.368291812094867,0.4565546442088611,2.345368683150913,0.42922467,0.13183545,199
186960,2018,6.865240853107541,0.37980578865589476,3.1047980406639972,0.44591147,0.07136891,223
186989,2017,10.375560289700928,0.25122841356250125,2.2850623530250123,0.2511155,0.027520942,231
186989,2018,10.599799719239229,0.2902948138584033,1.140776119402985,0.30332148,0.029536631,230
186990,2017,4.180918510220284,0.0,0.3760240008276148,0.5016126,0.21029952,60
186990,2018,4.387073875895394,0.0,0.41960984876159857,0.5196223,0.0669992,215
187039,2017,8.954839563019174,0.11930474286313925,2.9108606998661695,0.372828,0.030404514,231
187039,2018,8.770168399394324,0.16289934832803402,1.9708919346016853,0.4821399,0.04006401,230
187084,2017,7.203778219479561,0.4434727083475649,1.388323429037571,0.44123358,0.06049435,231
187084,2018,6.839859170116835,0.4453071055558408,0.8955532190198691,0.43227768,0.02639119,220
187105,2017,7.810272388529914,0.1482551575893941,4.027443037974684,0.32577333,0.07172578,230
187105,2018,6.9869429874018065,0.13707116420833396,1.6273353770102883,0.5277921,0.092143945,230
187118,2017,9.276735488885231,0.0,7.427940422106809,0.40352225,0.03055852,231
187118,2018,9.091701358200035,0.0,3.425391616485632,0.43839714,0.030808192,230
187128,2017,8.631250361313896,0.3137565492871939,1.4387884467265726,0.4726092,0.0073193456,231
187128,2018,8.470900007196011,0.3029379495306595,1.1099302487793536,0.44100296,0.026394265,230
187164,2017,6.657250294441809,0.020893376352947128,1.1050961128936085,0.2667926,0.10605369,119
187252,2017,7.720482457472016,0.040158642639995454,1.911550477792892,0.25295773,0.057727363,188
187253,2017,5.726027509003356,0.6493948640297631,1.2812623062432387,0.35625434,0.1312881,134
187406,2017,8.102730768590732,0.6210099970494647,24.480353331752433,0.31973103,0.02814296,231
187406,2018,8.034652756601597,0.5891088161683398,9.74506454465075,0.3027918,0.02658499,230
187413,2017,6.9343575888904905,0.0,2.667447564526477,1.2303174,0.1229745,110
187413,2018,5.433009959718172,0.0,0.6627270515731429,0.7003368,0.055029742,229
187434,2017,6.561551322410652,0.35745590900808455,18.486036848294788,0.44807968,0.04977127,230
187434,2018,6.753315367331387,0.21084815119116151,3.331499475137048,0.45581195,0.06807137,230
187450,2018,6.227081086283027,0.2401268470334209,65.10745241769547,0.7782253,0.13809197,199
187483,2018,5.655895547445424,0.3388861986867971,0.7096355199325036,0.26703134,0.027887926,96
187490,2017,7.214570489966618,0.0,4.31296883379824,0.36144927,0.029822279,231
187491,2017,7.919192904602902,0.5303278077507245,3.1640985334597644,0.17552963,0.020878043,99
187491,2018,7.954570462160667,0.5281804048972324,2.86351491135217,0.17256926,0.020235732,194
187551,2017,8.05542436293711,0.4202741702741703,4.669294605809129,0.30795795,0.03623264,231
187551,2018,7.551947481791638,0.42570045474548923,2.4774918693898784,0.36253318,0.030833283,230
187575,2017,6.073956100064698,0.0,2.7077812061711075,0.51852113,0.048975784,221
187575,2018,5.877947131992628,0.0,2.186261059102292,0.5640398,0.011265367,229
187576,2017,8.155545905850946,0.0,2.121956569423119,0.37941566,0.03885198,231
187576,2018,8.126862841860076,0.0,2.1195947852011447,0.39331526,0.054721914,230
187631,2017,4.9182696083447,0.0,1.4204410909393044,0.66602445,0.029820064,140
187631,2018,3.941659086237023,0.16797488226059654,0.8756350839014603,1.018788,-0.05165183,219
187665,2018,4.992830525750164,0.11498821949903255,6.413620021762787,1.100931,0.26332954,89
187692,2017,6.127498680263047,0.20737552655340713,0.8074399822404517,0.3584729,0.058727298,189
187692,2018,6.865993572237287,0.030187987310946837,1.2533087750064358,0.46245134,0.06406734,226
187696,2017,7.92421238026179,0.0,5.991537569246447,0.31481597,0.045610253,231
187696,2018,8.02080883872243,0.0,5.620784879694625,0.36642888,0.039829545,230
187697,2017,8.646829453861129,0.020022299433076107,5.8383390276599645,0.24218582,0.038470104,231
187697,2018,8.744140826022024,0.015529823142048465,4.968985170236561,0.29015034,0.035457157,230
187709,2017,6.3022207279566125,0.3299647464939086,4.139922933385924,0.27794436,0.05858396,147
187709,2018,5.79732035759711,0.4069737560630882,2.4049151676206053,0.29327986,0.04477106,143
187714,2017,6.840374749829558,0.45085676073352426,1.4388099074847898,0.3931329,0.037198372,123
187714,2018,7.021108517559134,0.43258808723894593,1.6174406363317344,0.45691952,0.029412393,189
187739,2017,6.78990671117857,0.0,8.156280247763249,0.35935688,0.060997576,162
187739,2018,7.097019181829064,0.3139466852978432,7.419304094752159,0.35834414,0.07121129,196
187740,2017,7.960833153769383,0.41459682626167976,3.6873630453295325,0.4530532,0.017470434,232
187740,2018,7.202428406957772,0.463674413741699,2.007982054062138,0.6662628,0.055942442,229
187775,2017,6.162721364826527,0.0,2.512241614716187,0.34474128,0.031389624,231
187775,2018,5.700528653383321,0.0,1.5425529917307623,0.37301856,0.055577323,228
187812,2017,8.125014319085633,0.267547036151541,2.9206681734390725,0.38228634,0.032503862,231
187812,2018,7.4994109053467435,0.37558392113714933,1.0699265904031072,0.4189593,0.03590431,230
187833,2017,6.234593062035271,0.18054016767734513,2.203273207899238,0.4321043,0.0469081,231
187833,2018,6.032085937508576,0.19021685906668673,1.735336271499923,0.44777587,0.039980676,221
187959,2017,5.509654697911794,0.0,3.7010276229851997,0.46027473,0.06531844,105
187959,2018,5.552120783613739,0.0,3.6506029965729168,0.40719134,0.1920074,80
188255,2017,9.249225940513242,0.27354211271183365,3.99942876707059,0.19129519,0.0258087,230
188255,2018,8.582523338510283,0.3032894075042753,2.4504439491323113,0.26833186,0.036899902,230
188663,2017,6.100218139763792,0.7814521367988392,-0.9504724921301043,0.67897576,0.118907504,231
188663,2018,3.160337824542166,0.8494475098937574,-0.05303606132584755,0.91302526,0.07686742,200
189491,2017,9.414634455033775,0.3206997084548105,4.900754454654415,0.19232114,0.04176353,226
189491,2018,9.391793551840005,0.2839933536416505,4.33149710982659,0.23753418,0.034253325,230
189517,2017,6.232990109277365,0.6826815931554345,1.807949958642039,0.43212938,0.06786591,213
189517,2018,6.482440615476687,0.64594088925865,1.879310632375607,0.4628951,0.06171057,228
190355,2017,6.8794638233175505,0.3380891719745223,38.60316893018823,0.45617977,0.162205,229
190355,2018,6.678024366064388,0.00021851373202724553,5.4071071967996085,0.63429266,0.08290483,230
190455,2017,8.59648065026886,0.0,6.059210125369286,0.27070126,0.036487103,210
190455,2018,8.84631769947489,0.15399359958171688,4.915588391755611,0.28784117,0.024707744,231
190590,2017,4.685088332057999,0.01997964667906947,1.6853872724443755,0.5969955,0.04895413,95
190590,2018,5.087682998143712,0.017131495805643316,1.9303931941664283,0.665073,-0.033665165,130
191255,2017,8.182501076238278,0.33265684694719166,3.423658695527358,0.2971679,0.028224828,231
191255,2018,8.084243754727376,0.3901086715457973,0.937002724646056,0.3359244,0.022873461,230
192255,2017,7.951829646729381,0.49888038014464,1.104123681288335,0.3744824,0.052794777,231
192255,2018,7.717878609753942,0.5118465698847664,0.9635188339982694,0.44402382,0.097825415,230
194956,2018,10.041673281600369,0.30762802097354197,2.330306832480922,0.2612506,0.04546128,230
196055,2017,8.14276734253024,0.38410565401302993,9.35278373173465,0.62937933,0.023823988,231
196055,2018,6.854620374080972,0.6759483996479688,6.474080385610607,0.82103854,0.008721997,230
196159,2017,8.273735880700086,0.26792853849467474,1.6774262257056458,0.3513336,0.06302015,231
196159,2018,8.272898416758846,0.24125120309190717,1.4632298871832807,0.3691861,0.03518776,230
196268,2017,8.164242458273197,0.0,3.194828557085798,0.4724776,0.019987838,231
196268,2018,7.961744967608735,0.0,2.667621583274292,0.5169814,0.011415106,230
197559,2017,7.071237484380675,0.7173999629385572,14.187150171676405,0.45587227,0.04534269,85
197559,2018,6.860561569800032,0.6790908292208692,5.467931947676751,0.43549746,0.16837768,122
198058,2018,8.840021195981112,0.2911278195488722,2.8427908604363936,0.43586066,0.022000639,124
199356,2017,8.473863008185537,0.10123239436619719,3.512821555392516,0.44729048,0.011180432,231
199356,2018,8.914408354116164,0.0,5.0566824881033305,0.43719187,0.010677968,230
200480,2017,7.889147654660529,0.3243422448413548,4.298900933356749,0.2585741,0.045662034,188
200480,2018,8.128359688222877,0.3147296486667686,6.039932423040321,0.28225747,0.065866716,230
200856,2017,8.182038435336274,0.12672875566058356,1.2556497545502394,0.36532477,0.03875004,231
200856,2018,8.323528133293644,0.12825886999993596,1.4669472867841649,0.3300546,0.07906425,230
201336,2017,6.883144708026259,0.46397540436680745,0.977727383867981,0.33810115,0.088970795,157
201336,2018,6.611275257829744,0.5298979332308611,1.02954378705354,0.36517647,0.12722701,218
201395,2017,12.23382356891204,0.04609053833542101,4.080217242074148,0.21531974,0.030198302,231
201395,2018,12.162215137873089,0.027224469093758547,3.5288414295701984,0.25095743,0.029508092,230
203890,2017,9.7673624563115,0.18909109866646256,1.2508103190260995,0.2885091,0.012057062,231
203890,2018,9.051388625450377,0.23756285732609014,1.0692457461120588,0.39544854,0.03957413,229
205692,2017,9.138631807401957,0.000642504918706281,2.5113679747352857,0.2681273,0.020725325,231
205809,2017,9.254869916391495,0.36714855432957444,1.3622576323224047,0.3999483,0.050179936,204
205809,2018,8.915783183985864,0.31723957166917827,0.7850549856845715,0.48443183,0.03041521,230
205874,2017,8.873843265045707,0.26182406670155783,1.3508396555327242,0.35675594,0.034703866,118
205874,2018,8.615394768916744,0.25362462824211796,1.0921781684186764,0.43676868,0.10101076,94
205942,2017,9.119697288315914,0.34478031473828635,2.7008968157673032,0.35487548,0.03845054,169
205942,2018,8.43573210231518,0.4219144357956075,2.561847394514047,0.46087447,0.051617686,141
208057,2017,8.109217689905682,0.5083821241425146,1.567108233057316,0.5535757,0.20158823,89
208057,2018,8.013823651840964,0.48964389662693925,1.3445064526216846,0.5803929,0.13538769,147
208323,2017,9.698219819982828,0.15182702250151214,1.7807426462276352,0.37680578,-0.0032586944,222
208323,2018,9.187544624000072,0.17981626088115954,1.164931650125585,0.41985494,0.04025084,176
209382,2017,11.05981188613258,0.22200153250524282,1.4626672502186018,0.36762768,0.048494693,231
209382,2018,11.121590204029252,0.17995237555278376,1.5372363992270093,0.3632244,0.058588605,230
210418,2017,10.957057371745893,0.15507835976145348,3.870531946825022,0.16511646,0.02835746,231
210418,2018,10.609763117987455,0.1482189869714903,2.9048593477637614,0.19965212,0.02707137,230
211009,2017,10.56601105847914,0.0,3.894941686746988,0.25461996,0.012072766,229
211009,2018,10.766208236395567,0.0,5.046531489724204,0.28771135,0.00900064,229
211732,2017,8.956740200802782,0.05970273026656228,3.3592113492566464,0.33104247,0.053326227,231
211732,2018,7.949184626450681,0.07022032710435656,1.7513845590853345,0.5908201,0.088367775,230
211819,2017,10.541770068952731,0.3772602830263329,1.433412985622233,0.15635413,0.03246204,174
211819,2018,10.547520116297578,0.38527388566724896,1.5113331692740148,0.20124047,0.045913253,191
212340,2017,10.757601728967588,0.24724271623996966,1.2987983326146326,0.2900857,0.01365373,231
212950,2017,8.505604056056214,0.35538500225101527,5.4569822236943795,0.31642509,0.053629737,220
212950,2018,7.776962105598859,0.3235626998866795,1.7428573505995455,0.5057536,0.14799434,220
213288,2017,8.386038811457349,0.3481928922102511,1.0778675219977387,0.3489706,0.049262688,231
213288,2018,8.311174017419782,0.30866088742882947,1.0580875679330162,0.3854549,0.04045116,230
220546,2018,11.162804430882487,0.20677640701105698,1.6397551864091227,0.26712,0.032035917,143
220940,2017,10.74238580477795,0.2776041586939697,1.2625634517143278,0.19278193,0.050990086,105
220940,2018,10.66778094178745,0.2769276992100441,1.223184989125353,0.19331756,0.057615213,69
222111,2017,11.114146930617945,0.4067733901959692,0.841005637953936,0.37918094,0.030477976,231
222111,2018,11.348670134800996,0.36326710737251655,1.1860188696466512,0.4871728,0.0069304584,230
222638,2017,9.14247243822373,0.15488567896478322,1.7049979088598648,0.2969183,0.0715761,186
222638,2018,8.91265200310519,0.084464724061639,1.452188434713461,0.37289992,0.14004727,126
223098,2017,8.598520720737453,0.11120827413363532,2.7924443326612614,0.3827031,0.11301961,212
223098,2018,8.812373680343304,0.09759245952446666,3.319371256848802,0.31695995,0.0806332,219
223148,2017,10.25626942178395,0.2023784783423538,1.6750091679816121,0.28000808,0.014482257,227
223148,2018,10.516967824801105,0.16739180545158755,2.2398614688541416,0.32232326,0.038209017,229
223911,2017,11.428214064097503,0.006650107963444938,1.7177312372134497,0.20873944,0.054732583,92
233491,2017,5.829505754821711,0.5429884983419502,-8.582650049196458,0.5001284,0.033546872,231
233491,2018,5.365408611088028,0.5205402643365181,-12.355783362218371,0.49567315,0.07531781,194
241637,2017,12.281753107815835,0.44265538789075515,2.972013115657505,0.21089801,0.016645875,231
241637,2018,11.765806904625032,0.4549014877015808,1.996914979995658,0.23099756,0.021830704,230
245918,2017,8.592927549002166,0.5170594004647209,2.6899717804782557,0.4094858,0.0074161454,229
245918,2018,8.002227988067851,0.5887109808827372,1.652529776276219,0.4902287,0.026232336,230
247371,2018,4.4993417831103315,0.5871186058012773,0.40421978278745613,0.6358476,0.013549786,69
247881,2017,7.853527645071917,0.038184739999955176,6.906470588235294,0.38830268,0.026022064,232
247881,2018,8.496555687547579,0.03319029223195083,11.797576253917175,0.4589689,0.026441915,230
249158,2017,8.006175075791544,0.21533421475238582,1.7486122557009902,0.49326763,0.04127338,231
249158,2018,7.693231618698015,0.3817883553742306,1.2569022390946207,0.45613506,0.03452756,230
258869,2017,7.904276132351376,0.38663723816353734,1.403746736576564,0.275569,0.027568335,151
258869,2018,7.34495524072571,0.26489578428315924,0.7527578364587122,0.34575325,0.055727936,181
259503,2017,11.387842954212026,0.006216888211255979,1.7889453092951113,0.2645314,0.014507738,169
259503,2018,10.990353642092892,0.0011258597290525402,1.281056145567938,0.2546346,0.030231029,79
259518,2017,8.9242273479239,0.04427516603187262,1.5528863415541727,0.2586596,0.034915056,61
260774,2017,9.595736729100398,0.17533592886693725,3.6577249236832086,0.21675907,0.03275404,231
260774,2018,9.509703691232902,0.1315668599494694,2.731433691241005,0.2246069,0.028204026,224
260778,2017,9.099857931628302,0.14135762618654807,3.7050608391608395,0.258381,0.031539097,231
260778,2018,9.376096083887353,0.1807440903720452,2.78369041745283,0.2784414,0.030627124,230
260893,2017,8.421277100885076,0.24419782360838138,14.801797446741956,0.2890875,0.032448474,231
260893,2018,8.024490451633874,0.23501691630992289,8.172828352279264,0.33312097,0.031608857,221
263277,2017,8.013596575297598,0.6436236540896099,1.455372001132793,0.48957142,0.03316354,231
263277,2018,7.8055639855812835,0.6381631649346501,1.1136832394304843,0.3936398,0.036099955,230
264193,2017,8.527478674020575,0.1262873442426062,2.6725705216379216,0.30609348,0.06275655,166
264193,2018,8.103062040393986,0.0992136846461581,1.5497684800450218,0.3353583,0.049616385,192
264265,2017,9.446415338964762,0.015039629423531004,7.168517960792129,0.5237849,0.076409206,231
264265,2018,8.906097262114072,0.019050013906510153,5.665908891560065,0.52800655,0.04075216,229
264385,2017,8.003852868442902,0.35599764988252464,3.76264493423311,0.36068627,0.05125043,231
264385,2018,7.84538703069022,0.3532680391062728,3.0603348251999645,0.3803708,0.0328432,230
264387,2017,6.662903704256956,0.12278446203392905,1.4427348574903933,0.35564488,0.043637052,201
264387,2018,6.56070113494526,0.1487342755828884,1.1495605344697184,0.4497743,0.03924585,198
264395,2017,6.270575303054085,0.5371903532481905,2.5385329953625027,0.36199662,0.08734197,230
264395,2018,6.211979045489174,0.5857092855672226,7.996523579686674,0.35872853,0.059081044,203
264397,2017,6.740861995935153,0.492678969848329,2.167351103280133,0.46403664,0.07334216,215
264397,2018,7.08964674329958,0.4579336714141206,3.1827611185849722,0.5578724,0.078970194,230
264414,2017,6.970873025672519,0.0,2.8468284449718566,0.5673321,0.089650474,230
264414,2018,6.991216039988581,0.0,2.3579689723388753,0.8116775,0.085367456,225
264416,2017,6.655858345363648,0.07080608861721086,2.5884512412380745,0.56504595,0.030954503,231
264416,2018,5.801783032146743,0.34340434831694594,0.758401413712646,0.5580266,0.039078858,230
264509,2017,8.101670720157154,0.699734554438623,8.376447320660272,0.21727003,0.06358209,111
264509,2018,8.010149208225581,0.6748504190169985,7.045203130300514,0.22691858,0.057629548,149
266214,2017,7.6917647393617745,0.0,7.949002489692818,0.27812725,0.020858971,84
266257,2018,6.949662553173306,0.4518725901264194,0.7944357231719293,0.1873491,0.09199089,121
266315,2017,7.401644854086689,0.4714650371331172,1.0468034273427234,0.26199526,0.07665307,178
266315,2018,7.073910266501651,0.4849497779485771,0.8358122113250821,0.22500174,0.04740911,133
267059,2017,7.918076535887943,0.20075734678192386,13.41475461081588,0.4050961,0.06467838,61
267059,2018,7.190488865347706,0.07933391223459707,3.2909954458186363,0.61870223,0.09391293,211
269005,2017,8.674710568979828,0.36034044831021406,2.1632178287714723,0.2929892,0.0866182,73
270705,2017,7.491825981573604,0.0,3.9271466862879065,0.5946803,0.021829212,231
270705,2018,6.380897406102593,0.0,1.3222707301342744,0.5842048,0.030696949,230
272872,2017,8.471327900830687,0.0,3.925554468743373,0.3706574,0.0289211,211
272872,2018,8.516535142949829,0.0,3.5942621121845844,0.4855414,0.074520744,230
273726,2018,6.882437470997847,0.6547750737463127,0.3381893860561915,0.6566387,0.27452168,135
277812,2017,9.658880961754083,0.538281721963194,3.5894303830108507,0.242572,0.14285941,78
277812,2018,9.437747725950715,0.48252670294729977,2.594845024429356,0.4363501,0.005829902,213
278151,2018,6.728479152155208,0.4973303503118262,5.84442186811727,0.51988524,0.07000338,194
279431,2017,4.617700157003704,0.2979425020628599,1.1191273402444686,0.65680075,0.12965694,106
282608,2017,,3.9052877596265344e-05,,0.6422222,0.10474788,231
282608,2018,6.560265875640686,0.002032585256768629,1.7260145956154518,0.57882106,0.070173256,229
285085,2017,6.419882560270591,0.09416439297094122,6.870388097449614,0.74527603,0.075190805,192
285085,2018,6.9814560482400125,0.12950063160354283,5.993589523735287,0.9685975,0.08867506,230
285313,2017,10.49678348766764,0.10959564712191996,1.3836507388636659,0.33724442,0.060911436,71
285313,2018,10.635401313579415,0.13026156095806476,1.768887854914578,0.4049445,0.116507255,147
286017,2017,7.203193891548287,0.0,11.811534505946572,0.55565107,0.06075676,231
287462,2017,6.42377406485095,0.0,1.7529345612578073,0.32738033,0.027600473,161
287462,2018,6.5421318162089594,0.0,1.783097425194948,0.36045617,0.019923238,189
287882,2017,10.311511585468363,0.32587334598853035,1.9225894333753348,0.35122424,0.11016742,139
287882,2018,10.39349782625532,0.2731206950162305,1.9228727111792359,0.39615092,0.10349636,225
293884,2017,8.344858230164414,0.42539450599394985,5.866417730482614,0.23392776,0.034998465,202
293884,2018,8.264544945996612,0.5599038447061894,5.35535014430482,0.2542865,0.027218968,230
293919,2018,5.490863803961669,0.0,2.1474130952697257,1.19458,0.078691,130
294524,2017,10.6810347915593,0.32622300236587043,4.863399691585652,0.23059948,0.043689627,231
294524,2018,10.349549430443364,0.300480939246057,3.046013699912255,0.26128727,0.026853751,230
295786,2017,9.813133113737212,0.29833247022268256,4.162220091116173,0.2549079,0.055637922,122
295786,2018,9.430984219231819,0.30364425162689807,2.4724950862581796,0.3051921,0.1252898,133
296697,2017,6.6857276547895825,0.047610465499135265,1.5476616565472303,0.39348483,0.030633373,131
298036,2018,5.517516749847724,0.2515550601267864,1.0779115822645087,0.60223925,0.23060648,65
316056,2017,8.931040764293883,0.5673878835562549,18.832501792828683,0.20083793,0.02715134,231
316056,2018,8.928443568537377,0.5015657248594406,11.587581059907833,0.21656725,0.030558275,229
317427,2018,7.985548643299119,0.3263368793960883,1.2458531319234643,0.25733873,0.0566498,195
318005,2018,8.147901345195079,0.0,5.6068770309227505,0.5614165,0.011659193,134
318728,2017,9.24323328271124,0.00014035509839894933,1.1223282612945265,0.26001894,0.04228335,230
318728,2018,8.968331611352227,0.007896099756981793,0.948585427742871,0.25613967,0.039840493,209
326688,2018,8.28915041849067,0.20409866672523996,1.4813185367124408,0.35168087,0.06594057,136
328795,2018,7.206750367271415,0.08456864008838966,0.8005360641139804,0.3562542,0.06074751,68
